SKU,Category,Category Full Name,Product Type,Product,Variant,Vendor,Barcode,Handle,Status,Shopify Product ID,Shopify Variant ID
,Money Handling,Business & Industrial > Retail > Money Handling,Fee,Bag Fee,Default Title,Bag,,bag-fee-1,active,7859749552193,43705460654145
,Uncategorized,Uncategorized,extraFee,Bag Fee,0,Cosmetics.lk,,bag-fee,draft,7704194515009,43044610768961
,Conditioners,Health & Beauty > Personal Care > Hair Care > Shampoo & Conditioner > Conditioners,Liquid,Mielle Rosemary Mint Strengthening Conditioner 355ml,Default Title,Mielle,810135730723,mielle-rosemary-mint-strengthening-leave-in-conditioner-355ml-2,draft,7708905865281,43068887138369
,,,,test 01,Default Title,Cosmetics.lk,,test-01,draft,10312845066305,50513025728577
,Uncategorized,Uncategorized,,Test01,Default Title,Cosmetics.lk,,test01,draft,7765718794305,43239431503937
AAFM01_1,Skin Care Tools,Health & Beauty > Personal Care > Cosmetics > Cosmetic Tools > Skin Care Tools,,Anti-Aging Facial Massage Gift Set,Default Title,Flawless,No Barcode,anti-aging-facial-massage-gift-set,draft,7552084115521,42118920994881
ACN001_1,Protein Supplements,Health & Beauty > Health Care > Fitness & Nutrition > Vitamins & Supplements > Protein Supplements,Powder,Ancient Nutrition Multi Collagen Protein Vanilla Flavor 242g,Default Title,Ancient Nutrition,816401025807,ancient-nutrition-multi-collagen-protein-vanilla-flavor-242g,draft,7525070602305,42045782327361
ACN002_1,Protein Supplements,Health & Beauty > Health Care > Fitness & Nutrition > Vitamins & Supplements > Protein Supplements,Powder,Ancient Nutrition Bone Broth Collagen Chocolate Flavor 357g,Default Title,Ancient Nutrition,816401024336,ancient-nutrition-bone-broth-collagen-chocolate-flavor-357g,draft,7539792216129,42083618619457
ACN003_1,Collagen,Health & Beauty > Health Care > Fitness & Nutrition > Vitamins & Supplements > Collagen,Powder,Ancient Nutrition Multi Collagen Protein Unflavored 235g,Default Title,Ancient Nutrition,816401025777,ancient-nutrition-multi-collagen-protein-unflavored-235g,draft,7526472974401,42049477083201
ACN01_1,Acne Treatments & Kits,Health & Beauty > Personal Care > Cosmetics > Skin Care > Acne Treatments & Kits,Gel,Acnes Sealing Gel Pimple Treatment 9g,Default Title,Acnes,8935006548367,acnes-sealing-gel-pimple-treatment-9g,active,7857115070529,43697747624001
ACN02_1,Uncategorized,Uncategorized,Serum,Acnes Niacinamide 12% Serum 20ml,Default Title,Acnes,4797001053376,acnes-niacinamide-12-serum-20ml,active,7857128833089,43697768955969
ACN03_1,Acne Treatments & Kits,Health & Beauty > Personal Care > Cosmetics > Skin Care > Acne Treatments & Kits,Cream,Acnes Aloe Vera 95% Gel,Default Title,Acnes,4793002980000,acnes-aloe-vera-95-gel,active,7857148624961,43697809195073
ACN04_1,Acne Treatments & Kits,Health & Beauty > Personal Care > Cosmetics > Skin Care > Acne Treatments & Kits,,Acnes Vitamin Cleanser 100g,Default Title,Acnes,8935006547506,acnes-vitamin-cleanser-100g,active,7857151017025,43697817387073
ACN05_1,Acne Treatments & Kits,Health & Beauty > Personal Care > Cosmetics > Skin Care > Acne Treatments & Kits,,Acnes Creamy Wash 100g,Default Title,Acnes,8935006548398,acnes-creamy-wash-100g,active,7857152852033,43697826988097
ACN06_1,Face Serums,Health & Beauty > Personal Care > Cosmetics > Skin Care > Face Serums,Serum,Acnes C10 Vitamin C Serum,Default Title,Acnes,8935006539860,acnes-c10-vitamin-c-serum,active,7857965826113,43700426145857
AJCC01_1,Conditioners,Health & Beauty > Personal Care > Hair Care > Shampoo & Conditioner > Conditioners,Cream,Aunt Jackies Kids Soft and Sassy Super Duper Softening Conditioner 426g,Default Title,Aunt Jackies,034285667153,aunt-jackies-kids-soft-and-sassy-super-duper-softening-conditioner-426g,active,7560064139329,42147521462337
AJCC02_1,Hair Styling Products,Health & Beauty > Personal Care > Hair Care > Hair Styling Products,Cream,Aunt Jackies Kids Curls Moisture Rich Curling and Twisting Custard Cream 426g,Default Title,Aunt Jackies,034285668150,aunt-jackies-kids-curls-moisture-rich-curling-and-twisting-custard-cream-426g,draft,7560062632001,42147519037505
AJCC03_1,Hair Styling Products,Health & Beauty > Personal Care > Hair Care > Hair Styling Products,Cream,Aunt Jackies Coconut Creme Recipes Curl Boss Coconut Curling Hair Gel 426g,Default Title,Aunt Jackies,034285686154,aunt-jackies-coconut-creme-recipes-curl-boss-coconut-curling-hair-gel-426g,draft,7560061616193,42147514843201
AJCC04_1,Hair Styling Products,Health & Beauty > Personal Care > Hair Care > Hair Styling Products,Cream,Aunt Jackies Curl La La Defining Curl Custard Cream 426g,Default Title,Aunt Jackies,034285696153,aunt-jackies-curl-la-la-defining-curl-custard-cream-426g,draft,7560057782337,42147505143873
ALT01_1,Face Moisturizers,Health & Beauty > Personal Care > Cosmetics > Skin Care > Face Moisturizers,Cream,Dr.Althea Aqua Marine Watery Cream 50ml,Default Title,Dr.Althea,8809447256085,dr-althea-aqua-marine-watery-cream-50ml,active,7748227661889,43184865247297
ALT02_1,Medicine & Drugs,Health & Beauty > Health Care > Medicine & Drugs,Cream,Dr. Althea 345 Relief Cream 50ml,Default Title,Dr.Althea,8809447256221,dr-althea-345-relief-cream-50ml,active,7748228415553,43184884219969
ALT03_1,Uncategorized,Uncategorized,,Dr. Althea Retinol Flat Iron Eye Roller 25ml,,Dr.Althea,8809447256658,,,erp-ALT03_1,erp-ALT03_1
ALT04_1,Lotions & Moisturizers,Health & Beauty > Personal Care > Cosmetics > Skin Care > Lotions & Moisturizers,Cream,Dr. Althea 147 Barrier Cream 50ml,Default Title,Dr.Althea,8809447251363,dr-althea-147-barrier-cream-50ml,active,7876444422209,43755930878017
ALT05_1,Face Serums,Health & Beauty > Personal Care > Cosmetics > Skin Care > Face Serums,Serum,Dr. Althea Vitamin C Boosting Serum 30ml,Default Title,Dr.Althea,8809447255385,dr-althea-vitamin-c-boosting-serum-30ml,active,7921395007553,44018956337217
ALT06_1,Lotions & Moisturizers,Health & Beauty > Personal Care > Cosmetics > Skin Care > Lotions & Moisturizers,Cream,Dr Althea 345 Relief Cream Mist 100ml,Default Title,Dr.Althea,8809447256115,dr-althea-345-relief-cream-mist-100ml,active,7981278724161,44204428558401
AMER001_1,Lotions & Moisturizers,Health & Beauty > Personal Care > Cosmetics > Skin Care > Lotions & Moisturizers,Cream,American Dream Cocoa Butter And Vitamin E Cream 500ml,Default Title,Loreal,5035620501618,american-dream-cocoa-butter-and-vitamin-e-cream-500ml,active,7673598083137,42904135467073
AN002_1,Ice Cream,"Food, Beverages & Tobacco > Food Items > Frozen Desserts & Novelties > Ice Cream & Frozen Yogurt > Ice Cream",Powder,Applied Nutrition Diet Protein Vanilla Ice Cream 450g,Default Title,Applied Nutrition,0634158938702,applied-nutrition-diet-protein-vanilla-ice-cream-450g,draft,7591382810689,42254414872641
AN003_1,Snack Cakes,"Food, Beverages & Tobacco > Food Items > Snack Foods > Snack Cakes",Powder,Applied Nutrition Diet Protein Chocolate Desert 450g,Default Title,Applied Nutrition,0634158938689,applied-nutrition-diet-protein-chocolate-desert-450g,draft,7591379468353,42254402224193
AN004_1,Protein Supplements,Health & Beauty > Health Care > Fitness & Nutrition > Vitamins & Supplements > Protein Supplements,Powder,Applied Nutrition Diet Protein Salted Caramel 450g,Default Title,Applied Nutrition,5056555202654,applied-nutrition-diet-protein-salted-caramel-450g,draft,7591377829953,42254394654785
AN005_1,Prepared Meals & Entrées,"Food, Beverages & Tobacco > Food Items > Prepared Foods > Prepared Meals & Entrées",Powder,Applied Nutrition Diet Protein Strawberry Milkshake 450g,Default Title,Applied Nutrition,0634158938696,applied-nutrition-diet-protein-strawberry-milkshake-450g,draft,7591373897793,42254386987073
AN006_1,Collagen,Health & Beauty > Health Care > Fitness & Nutrition > Vitamins & Supplements > Collagen,Powder,Applied Nutrition Collagen Powder Unflavored 150g,Default Title,Applied Nutrition,5056555203675,applied-nutrition-collagen-powder-unflavored-150g,draft,7591361249345,42254358806593
AN007_1,Collagen,Health & Beauty > Health Care > Fitness & Nutrition > Vitamins & Supplements > Collagen,Powder,Applied Nutrition Collagen Powder Strawberry & Raspberry 150g,Default Title,Applied Nutrition,5056555202166,applied-nutrition-collagen-powder-strawberry-raspberry-150g,draft,7591360102465,42254355497025
ANN01_1,Skin Care Rollers,Health & Beauty > Personal Care > Cosmetics > Cosmetic Tools > Skin Care Tools > Skin Care Rollers,,Annina Facial Massage Roller,Default Title,Annina,6955282918526,annina-facial-massage-roller,draft,7569584488513,42184208187457
ANU01_1,Face Moisturizers,Health & Beauty > Personal Care > Cosmetics > Skin Care > Face Moisturizers,Cream,Anua Peach 77 Niacin Enriched Cream 50ml,Default Title,Anua,8809640734373,anua-peach-77-niacin-enriched-cream-50ml,draft,7526383452225,42049120370753
ANU02_1,Toners,Health & Beauty > Personal Care > Cosmetics > Skin Care > Toners & Astringents > Toners,Liquid,Anua Peach 77% Niacin Essence Toner 250ml,Default Title,Anua,8809640734359,anua-peach-77-niacin-essence-toner-250ml,active,7526384173121,42049121484865
ANU03_1,Face Serums,Health & Beauty > Personal Care > Cosmetics > Skin Care > Face Serums,Liquid,Anua Niacinamide 10% + TXA 4% Serum 30ml,Default Title,Anua,8809640734526,anua-niacinamide-10-txa-4-serum-30ml,active,7528153579585,42054273466433
ANU04_1,Uncategorized,Uncategorized,,Anua Birch 70% Moisture   Boosting Cream 50ml,,Anua,8809640732324,,,erp-ANU04_1,erp-ANU04_1
ANU05_1,Uncategorized,Uncategorized,,Anua Birch 70 Moisture Boosting Serum 30ml,,Anua,8809640731181,,,erp-ANU05_1,erp-ANU05_1
ANU06_1,Toners,Health & Beauty > Personal Care > Cosmetics > Skin Care > Toners & Astringents > Toners,,Anua Rice 70+ Ceramide Glow Milky Toner 250ml,Default Title,Anua,8809640735455,anua-rice-70-ceramide-glow-milky-toner-250ml,draft,7544599576641,42096429760577
ANU07_1,Face Serums,Health & Beauty > Personal Care > Cosmetics > Skin Care > Face Serums,Liquid,Anua Azelaic Acid 10+ Hyaluron Redness Soothing Serum 30ml,Default Title,Anua,8809640737190,anua-azelaic-acid-10-hyaluron-redness-soothing-serum-30ml,draft,7552059048001,42118792544321
ANU08_1,Face Serums,Health & Beauty > Personal Care > Cosmetics > Skin Care > Face Serums,Oil,Anua Peach 70+ Niacin Serum 30ml - Korea,Default Title,Anua,X0014B6QCZ,anua-peach-70-niacin-serum-30ml-korea,draft,7580938567745,42221865795649
ANU08_2,Face Serums,Health & Beauty > Personal Care > Cosmetics > Skin Care > Face Serums,Oil,Anua Peach 70+ Niacin Serum 30ml - Korea,Default Title,Anua,8809640733550,anua-peach-70-niacin-serum-30ml-2,active,7594087612481,42265006538817
ANU09_1,Facial Cleansers,Health & Beauty > Personal Care > Cosmetics > Skin Care > Facial Cleansers,LiquidGel,Anua Rice Enzyme Brightening Cleansing Powder 40g,Default Title,Anua,8809640735462,anua-rice-enzyme-brightening-cleansing-powder-40g,active,7580952789057,42221883162689
ANU10_1,Face Serums,Health & Beauty > Personal Care > Cosmetics > Skin Care > Face Serums,Oil,Anua 7 Rice Ceramide Hydrating Barrier Serum 50ml,Default Title,Anua,8809640734861,anua-7-rice-ceramide-hydrating-barrier-serum-50ml,active,7580938272833,42221863567425
ANU11_1,Facial Cleansers,Health & Beauty > Personal Care > Cosmetics > Skin Care > Facial Cleansers,LiquidGel,Anua Heartleaf Quercetinol Pore Deep Cleansing Foam 150ml,Default Title,Anua,8809640734427,anua-heartleaf-quercetinol-pore-deep-cleansing-foam-150ml,draft,7580955443265,42221888700481
AO02_1,Hair Care,Health & Beauty > Personal Care > Hair Care,Oil,Argan Oil Hair Treatment Oil 100ml,Default Title,Argan Oil,,argan-oil-hair-treatment-oil-100ml,draft,7489611726913,41918048337985
AOHT01_1,Hair Care,Health & Beauty > Personal Care > Hair Care,Oil,Argan Oil Hair Treatment 50ml,Default Title,Argan Oil,,argan-oil-hair-treatment-50ml,draft,7489611759681,41918048370753
APLB001_1,Face Serums,Health & Beauty > Personal Care > Cosmetics > Skin Care > Face Serums,LiquidGel,APLB Glutathione Niacinamide Ampoule Serum 40ml,Default Title,APLB,8809874682679,aplb-glutathione-niacinamide-ampoule-serum-40ml,draft,7674745552961,42911214960705
APLB002_1,Face Moisturizers,Health & Beauty > Personal Care > Cosmetics > Skin Care > Face Moisturizers,Cream,APLB Glutathione Niacinamide Facial Cream 55ml,Default Title,APLB,8809874682686,aplb-glutathione-niacinamide-facial-cream-55ml,draft,7674834223169,42911954075713
ARE01_1,Uncategorized,Uncategorized,,Arencia Retinal Booster Shot 30ml,,Arencia,8809562192763,,,erp-ARE01_1,erp-ARE01_1
ARE02_1,Face Serums,Health & Beauty > Personal Care > Cosmetics > Skin Care > Face Serums,,Arencia PDRN Booster Shot 30ml,Default Title,Arencia,8809562193173,arencia-pdrn-booster-shot-30ml,active,7981244350529,44204247810113
ARE03_1,Face Serums,Health & Beauty > Personal Care > Cosmetics > Skin Care > Face Serums,,Arencia TXA Booster Shot 30ml,Default Title,Arencia,8809562193326,arencia-txa-booster-shot-30ml,active,7981248741441,44204289261633
ARE04_1,Uncategorized,Uncategorized,,Arencia Vitamin C Booster Shot 30ml,,Arencia,8809562192770,,,erp-ARE04_1,erp-ARE04_1
ARE05_1,Face Serums,Health & Beauty > Personal Care > Cosmetics > Skin Care > Face Serums,Serum,Arencia NAD+ Booster Shot Revitalizing Serum 30ml,Default Title,Arencia,8809562193487,arencia-nad-booster-shot-revitalizing-serum-30ml,active,9046284763201,48935924138049
AURA01_1,Skin Care Masks & Peels,Health & Beauty > Personal Care > Cosmetics > Skin Care > Skin Care Masks & Peels,,Radiant Aura Ceramide & Hyaluronic Acid Sheet Mask,Default Title,Radiant Aura,850055918283,radiant-aura-ceramide-hyaluronic-acid-sheet-mask,active,10313120120897,50514975785025
AV001_1,Lotions & Moisturizers,Health & Beauty > Personal Care > Cosmetics > Skin Care > Lotions & Moisturizers,Cream,Aveeno Baby Daily Lotion 354ml,Default Title,Aveeno,062600042422,aveeno-baby-daily-lotion-354ml,active,7489611792449,41918048403521
AV002_1,Baby Health,Baby & Toddler > Baby Health,Cream,Aveeno Baby Daily Cream 354ml,Default Title,Aveeno,062600621979,aveeno-baby-daily-cream-354ml,active,7489611825217,41918048436289
AV003_1,Baby Bathing,Baby & Toddler > Baby Bathing,Liquid,Aveeno Baby Calming Comfort Bath 236ml,Default Title,Aveeno,062600060600,aveeno-baby-calming-comfort-bath-236ml,draft,7489611857985,41918048469057
AV004_1,Baby Bathing,Baby & Toddler > Baby Bathing,Liquid,Aveeno Baby Daily Wash and Shampoo 236ml,Default Title,Aveeno,062600060631,aveeno-baby-daily-wash-and-shampoo-236ml,draft,7489611890753,41918048501825
AVB01_1,Baby Bathing,Baby & Toddler > Baby Bathing,Liquid,Aveeno Baby Daily Moisture Wash and Shampoo 354ml,Default Title,Aveeno,381370042303,aveeno-baby-daily-moisture-wash-and-shampoo-354ml,draft,7524979376193,42045381312577
AVB01_2,Baby Bathing,Baby & Toddler > Baby Bathing,Liquid,Aveeno Baby Daily Moisture Wash and Shampoo 354ml,Default Title,Aveeno,062600042439,aveeno-baby-daily-moisture-wash-and-shampoo-354ml-2,active,7537181556801,42078530109505
AVB02_1,Baby Bathing,Baby & Toddler > Baby Bathing,Liquid,Aveeno Baby Calming Comfort Bath 532ml,Default Title,Aveeno,381371019427,aveeno-baby-calming-comfort-bath-532ml,draft,7489611956289,41918048534593
AVB02_2,Bath Additives,Health & Beauty > Personal Care > Cosmetics > Bath & Body > Bath Additives,Liquid,Aveeno Baby Calming Comfort Bath 532ml,Default Title,Aveeno,062600060136,aveeno-baby-calming-comfort-bath-532ml-2,draft,7544539185217,42096300163137
AVB03_1,Baby Bathing,Baby & Toddler > Baby Bathing,Liquid,Aveeno Baby Daily Moisture Wash and Shampoo 976ml,Default Title,Aveeno,381371184163,aveeno-baby-daily-moisture-wash-and-shampoo-976ml,draft,7489611989057,41918048567361
AVB04_1,Baby Health & Grooming Kits,Baby & Toddler > Baby Health > Baby Health & Grooming Kits,Lotion,Aveeno Baby Calming Comfort Lotion 227ml,Default Title,Aveeno,062600500502,aveeno-baby-calming-comfort-lotion-227ml,draft,7524976263233,42045368959041
AVB04_2,Baby Health & Grooming Kits,Baby & Toddler > Baby Health > Baby Health & Grooming Kits,Lotion,Aveeno Baby Calming Comfort Lotion 227ml,Default Title,Aveeno,062600916884,aveeno-baby-calming-comfort-lotion-227ml-2,draft,7537193287745,42078542987329
AVB05_1,Baby Health,Baby & Toddler > Baby Health,Cream,Aveeno Baby Eczema Care Moisturizing Cream 166ml,Default Title,Aveeno,062600060402,aveeno-baby-eczema-care-moisturizing-cream-166ml,draft,7489612054593,41918048600129
AVB05_2,Baby Health,Baby & Toddler > Baby Health,Cream,Aveeno Baby Eczema Care Moisturizing Cream 166ml,Default Title,Aveeno,062600953643,aveeno-baby-eczema-care-moisturizing-cream-166ml-2,draft,7544537120833,42096297705537
AVB06_1,Baby Health,Baby & Toddler > Baby Health,Cream,Aveeno Baby Daily Lotion 227ml,Default Title,Aveeno,062600500496,aveeno-baby-daily-lotion-227ml,active,7489612087361,41918048632897
AVB07_1,Baby Bathing,Baby & Toddler > Baby Bathing,Liquid,Aveeno Baby Bubble Bath 568ml,Default Title,Aveeno,062600437853,aveeno-baby-bubble-bath-568ml,active,7489612120129,41918048665665
AVB08_1,Lotions & Moisturizers,Health & Beauty > Personal Care > Cosmetics > Skin Care > Lotions & Moisturizers,Cream,Aveeno Baby Eczema Care Moisturizing Cream 330ml,Default Title,Aveeno,062600961785,aveeno-baby-eczema-care-moisturizing-cream-330ml,draft,7489612152897,41918048698433
AVB09_1,Baby Bathing,Baby & Toddler > Baby Bathing,Liquid,Aveeno Baby Eczema Care Wash 236ml,Default Title,Aveeno,062600388278,aveeno-baby-eczema-care-wash-236ml,draft,7489612185665,41918048731201
AVE004_1,Lotions & Moisturizers,Health & Beauty > Personal Care > Cosmetics > Skin Care > Lotions & Moisturizers,,Aveeno Daily Moisturizing Lotion 71ml,Default Title,Aveeno,062600061577,aveeno-daily-moisturizing-lotion-71ml,draft,7526428082241,42049339555905
AVE01_1,Lotions & Moisturizers,Health & Beauty > Personal Care > Cosmetics > Skin Care > Lotions & Moisturizers,,Aveeno Baby Calming Comfort Lotion 532ml,Default Title,Aveeno,062600963734,aveeno-baby-calming-comfort-lotion-532ml,draft,7544567136321,42096339091521
AVE011_1,Lotions & Moisturizers,Health & Beauty > Personal Care > Cosmetics > Skin Care > Lotions & Moisturizers,,Aveeno Kids Face & Body Gel Cream 227ml,Default Title,Aveeno,062600622204,aveeno-kids-face-body-gel-cream-227ml,draft,7528154333249,42054273728577
AVE012_1,Shampoo & Conditioner Sets,Health & Beauty > Personal Care > Hair Care > Shampoo & Conditioner > Shampoo & Conditioner Sets,,Aveeno Kids 2-in-1 Hydrating Shampoo & Conditioner 354ml,Default Title,Aveeno,062600514196,aveeno-kids-2-in-1-hydrating-shampoo-conditioner-354ml,draft,7528155054145,42054274056257
AVE03_1,Lotions & Moisturizers,Health & Beauty > Personal Care > Cosmetics > Skin Care > Lotions & Moisturizers,,Aveeno Intense Relief Overnight Cream 208ml,Default Title,Aveeno,062600063823,aveeno-intense-relief-overnight-cream-208ml,draft,7526426935361,42049332543553
AVE05_1,Skin Care Masks & Peels,Health & Beauty > Personal Care > Cosmetics > Skin Care > Skin Care Masks & Peels,,Aveeno Positively Radiant Brightening Scrub 140g,Default Title,Aveeno,381370036760,aveeno-positively-radiant-brightening-scrub-140g,draft,7526429261889,42049346863169
AVE06_1,Baby Bathing,Baby & Toddler > Baby Bathing,Liquid,Aveeno Baby Healthy Start Newborn Wash 236ml,Default Title,Aveeno,062600647986,aveeno-baby-healthy-start-newborn-wash-236ml,draft,7489612218433,41918048763969
AVE07_1,Baby Health,Baby & Toddler > Baby Health,Cream,Aveeno Baby Healthy Start Newborn Balm 141g,Default Title,Aveeno,062600647993,aveeno-baby-healthy-start-newborn-balm-141g,draft,7489612251201,41918048796737
AVE09_1,Lotions & Moisturizers,Health & Beauty > Personal Care > Cosmetics > Skin Care > Lotions & Moisturizers,,Aveeno Baby Eczema Care Nighttime Balm 311g,Default Title,Aveeno,062600964489,aveeno-baby-eczema-care-nighttime-balm-311g,draft,7525052416065,42045675569217
AVE10_1,Lotions & Moisturizers,Health & Beauty > Personal Care > Cosmetics > Skin Care > Lotions & Moisturizers,,Aveeno Intense Relief Moisture Repair Cream 306ml,Default Title,Aveeno,062600959409,aveeno-intense-relief-moisture-repair-cream-306ml,draft,7526441713729,42049403650113
AVE11_1,Baby Bathing,Baby & Toddler > Baby Bathing,Cream,Aveeno Kids Enfants Sensitive Skin Face and Body Wash 532ml,Default Title,Aveeno,062600514202,aveeno-kids-enfants-sensitive-skin-face-and-body-wash-532ml,draft,7544581259329,42096367140929
AVE12_1,Lotions & Moisturizers,Health & Beauty > Personal Care > Cosmetics > Skin Care > Lotions & Moisturizers,Lotion,Aveeno Skin Relief Moisturizing Lotion with Shea Butter 532ml,Default Title,Aveeno,062600062987,aveeno-skin-relief-moisturizing-lotion-with-shea-butter-532ml,draft,7791812476993,43555714728001
AVE13_1,Sunscreen,Health & Beauty > Personal Care > Cosmetics > Skin Care > Sunscreen,Lotion,Aveeno Kids Continuous Protection Lotion Sunscreen SPF 50 88ml,Default Title,Aveeno,062600486684,aveeno-kids-continuous-protection-lotion-sunscreen-spf-50-88ml,active,8080849993793,44591489876033
AVE14_1,Lotions & Moisturizers,Health & Beauty > Personal Care > Cosmetics > Skin Care > Lotions & Moisturizers,Lotion,Aveeno Daily Moisturizing Lotion for Normal Dry Skin 532ml,Default Title,Aveeno,062600060259,aveeno-daily-moisturizing-lotion-for-normal-dry-skin-532ml,active,9046476947521,48936810184769
AVE21_1,Skin Care,Health & Beauty > Personal Care > Cosmetics > Skin Care,Liquid,Aveeno Daily Moisturizing Body Scrub 227g,Default Title,Aveeno,062600621856,aveeno-daily-moisturizing-body-scrub-227g,draft,7489612316737,41918048862273
AVEE_02_1,Lotions & Moisturizers,Health & Beauty > Personal Care > Cosmetics > Skin Care > Lotions & Moisturizers,Cream,Aveeno Daily Moisturizing Lotion 354ml,Default Title,Aveeno,3574660200775,aveeno-daily-moisturizing-lotion-354ml,draft,7489612349505,41918048895041
AVEE_05_1,Lotions & Moisturizers,Health & Beauty > Personal Care > Cosmetics > Skin Care > Lotions & Moisturizers,Cream,Aveeno Stress Relief Moisturizing Lotion 354ml,Default Title,Aveeno,062600060570,aveeno-stress-relief-moisturizing-lotion-354ml,draft,7489612382273,41918048927809
AVEE001_1,Body Wash,Health & Beauty > Personal Care > Cosmetics > Bath & Body > Body Wash,Liquid,Aveeno Skin Relief Body Wash 532ml,Default Title,Aveeno,062600062925,aveeno-skin-relief-body-wash-532ml,draft,7675614003265,42916651335745
AVEE002_1,Body Wash,Health & Beauty > Personal Care > Cosmetics > Bath & Body > Body Wash,Liquid,Aveeno Daily Moisturizing Body Wash 532ml,Default Title,Aveeno,062600063847,aveeno-daily-moisturizing-body-wash-532ml,draft,7675621343297,42916722278465
AVEE21_1,Lotions & Moisturizers,Health & Beauty > Personal Care > Cosmetics > Skin Care > Lotions & Moisturizers,Cream,Aveeno Skin Relief Moisturizing Cooling Menthol Lotion 227ml,Default Title,Aveeno,381370036845,aveeno-skin-relief-moisturizing-cooling-menthol-lotion-227ml,draft,7489612415041,41918048960577
AVEE63_1,Baby Health & Grooming Kits,Baby & Toddler > Baby Health > Baby Health & Grooming Kits,Lotion,Aveeno Baby Daily Lotion 532ml,Default Title,Aveeno,062600905499,aveeno-baby-daily-lotion-532ml,draft,7524978425921,42045377380417
AVEE63_2,Baby Health & Grooming Kits,Baby & Toddler > Baby Health > Baby Health & Grooming Kits,Lotion,Aveeno Baby Daily Lotion 532ml,Default Title,Aveeno,062600060143,aveeno-baby-daily-lotion-532ml-2,active,7537230446657,42078594826305
AVEE64_1,Baby Bathing,Baby & Toddler > Baby Bathing,Liquid,Aveeno Baby Daily Wash & Shampoo 532ml,Default Title,Aveeno,062600905505,aveeno-baby-daily-wash-shampoo-532ml,draft,7524982358081,42045391732801
AVEE64_2,Baby Bathing,Baby & Toddler > Baby Bathing,Liquid,Aveeno Baby Daily Wash & Shampoo 532ml,Default Title,Aveeno,062600061058,aveeno-baby-daily-wash-shampoo-532ml-2,active,7537237033025,42078601838657
AVEE65_1,Baby Bathing,Baby & Toddler > Baby Bathing,Liquid,Aveeno Baby Soothing Hydration Creamy Wash 236ml,Default Title,Aveeno,062600062673,aveeno-baby-soothing-hydration-creamy-wash-236ml,draft,7489612513345,41918048993345
AVEE67_1,Baby Bathing,Baby & Toddler > Baby Bathing,Liquid,Aveeno Baby Daily Wash & Shampoo with Coconut Scent & Shea Butter 354ml,Default Title,Aveeno,062600621962,aveeno-baby-daily-wash-shampoo-with-coconut-scent-shea-butter-354ml,active,7489612546113,41918049026113
AVEO01_1,Lotions & Moisturizers,Health & Beauty > Personal Care > Cosmetics > Skin Care > Lotions & Moisturizers,Cream,Aveeno Daily Moisturizing Face Cream 141g,Default Title,Aveeno,,aveeno-daily-moisturizing-face-cream-141g,draft,7524990648385,42045425614913
AVL06_1,Lotions & Moisturizers,Health & Beauty > Personal Care > Cosmetics > Skin Care > Lotions & Moisturizers,Cream,Aveeno Skin Relief Moisturizing Lotion Shea Butter 222ml,Default Title,Aveeno,062600062291,aveeno-skin-relief-moisturizing-lotion-shea-butter-222ml,draft,7489612578881,41918049058881
AVL07_1,Lotions & Moisturizers,Health & Beauty > Personal Care > Cosmetics > Skin Care > Lotions & Moisturizers,Cream,Aveeno Daily Moisturizing Lotion 227ml,Default Title,Aveeno,381370036012,aveeno-daily-moisturizing-lotion-227ml,draft,7489612611649,41918049091649
AVS01_1,Sunscreen,Health & Beauty > Personal Care > Cosmetics > Skin Care > Sunscreen,Cream,Aveeno Protect + Hydrate Face Moisturizing Sunscreen SPF50 59ml,Default Title,Aveeno,062600380357,aveeno-protect-hydrate-face-moisturizing-sunscreen-spf50-59ml,draft,7489612644417,41918049124417
AVS02_1,Sunscreen,Health & Beauty > Personal Care > Cosmetics > Skin Care > Sunscreen,Cream,Aveeno Protect + Hydrate Moisturizing Sunscreen SPF 30 88ml,Default Title,Aveeno,062600380340,aveeno-protect-hydrate-moisturizing-sunscreen-spf-30-88ml,draft,7489612677185,41918049157185
AVS03_1,Sunscreen,Health & Beauty > Personal Care > Cosmetics > Skin Care > Sunscreen,Cream,Aveeno Protect + Hydrate Moisturizing Sunscreen SPF50 88ml,Default Title,Aveeno,062600380333,aveeno-protect-hydrate-moisturizing-sunscreen-spf50-88ml,draft,7489612709953,41918049189953
AVS08_1,Sunscreen,Health & Beauty > Personal Care > Cosmetics > Skin Care > Sunscreen,Cream,Aveeno Baby Sunscreen Sensitive Skin SPF50 88ml,Default Title,Aveeno,,aveeno-baby-sunscreen-sensitive-skin-spf50-88ml,draft,7489612742721,41918049222721
AVS08_2,Sunscreen,Health & Beauty > Personal Care > Cosmetics > Skin Care > Sunscreen,Lotion,Aveeno Baby Sunscreen Sensitive Skin SPF 50 88ml,Default Title,Aveeno,062600964700,aveeno-baby-sunscreen-sensitive-skin-spf-50-88ml,active,9046466101313,48936767750209
AVS09_1,Sunscreen,Health & Beauty > Personal Care > Cosmetics > Skin Care > Sunscreen,Cream,Aveeno Protect + Soothe Mineral Sunscreen SPF30 88ml,Default Title,Aveeno,062600433879,aveeno-protect-soothe-mineral-sunscreen-spf30-88ml,draft,7489612775489,41918049255489
AWG01_1,Nutrition Drinks & Shakes,Health & Beauty > Health Care > Fitness & Nutrition > Nutrition Drinks & Shakes,Powder,Appeton Weight Gain Adult Chocolate Flavor 450g,Default Title,Appeton,9556586601076,appeton-weight-gain-adult-chocolate-flavor-450g,draft,7591838023745,42256102162497
AWG02_1,Nutrition Drinks & Shakes,Health & Beauty > Health Care > Fitness & Nutrition > Nutrition Drinks & Shakes,Powder,Appeton Weight Gain Junior Vanilla Flavor 450g,Default Title,Appeton,9556586601359,appeton-weight-gain-junior-vanilla-flavor-450g,draft,7591827243073,42256072212545
AX001_1,Herbal Supplements,Health & Beauty > Health Care > Fitness & Nutrition > Vitamins & Supplements > Herbal Supplements,Capsules,Allmax TestoFX Sport 80 Capsules,Default Title,Allmax,665553219936,allmax-testofx-sport-80-capsules,draft,7529017180225,42056817999937
AX012_1,Sunscreen,Health & Beauty > Personal Care > Cosmetics > Skin Care > Sunscreen,Cream,AXIS-Y Complete No-Stress Physical Sunscreen SPF 50+ PA ++++ 50ml,Default Title,AXIS-Y,8809634610119,axis-y-complete-no-stress-physical-sunscreen-spf-50-pa-50ml,draft,7489612808257,41918049288257
AX013_1,Face Serums,Health & Beauty > Personal Care > Cosmetics > Skin Care > Face Serums,Serum,AXIS-Y Dark Spot Correcting Glow Serum 50ml,Default Title,AXIS-Y,8809634610034,axis-y-dark-spot-correcting-glow-serum-50ml,active,7489612841025,41918049321025
AXI06_1,Lotions & Moisturizers,Health & Beauty > Personal Care > Cosmetics > Skin Care > Lotions & Moisturizers,Serum,AXIS-Y Artichoke Intensive Skin Barrier Ampoule 30ml,Default Title,AXIS-Y,8809115027917,axis-y-artichoke-intensive-skin-barrier-ampoule-30ml,draft,7525104091201,42046086447169
AXY07_1,Toners,Health & Beauty > Personal Care > Cosmetics > Skin Care > Toners & Astringents > Toners,,AXIS-Y Daily Purifying Treatment Toner 200ml,Default Title,AXIS-Y,8809115027924,axis-y-daily-purifying-treatment-toner-200ml,draft,7528152301633,42054272090177
AXY08_1,Facial Cleansers,Health & Beauty > Personal Care > Cosmetics > Skin Care > Facial Cleansers,,AXIS-Y Sunday Morning Refreshing Cleansing Foam 120ml,Default Title,AXIS-Y,8809634610096,axis-y-sunday-morning-refreshing-cleansing-foam-120ml,active,7528153022529,42054272811073
BA001_1,Face Serums,Health & Beauty > Personal Care > Cosmetics > Skin Care > Face Serums,Serum,Balance Niacinamide Blemish Recovery Serum 30ml,Default Title,Balance Active Formula,5015833328165,balance-niacinamide-blemish-recovery-serum-30ml,active,7489612873793,41918049353793
BA002_1,Face Serums,Health & Beauty > Personal Care > Cosmetics > Skin Care > Face Serums,Serum,Balance Gold Marine Collagen Rejuvenating Serum 30ml,Default Title,Balance Active Formula,5012368041132,balance-gold-marine-collagen-rejuvenating-serum-30ml,draft,7525000642625,42045464674369
BA002_2,Face Serums,Health & Beauty > Personal Care > Cosmetics > Skin Care > Face Serums,Serum,Balance Gold Marine Collagen Rejuvenating Serum 30ml,Default Title,Balance Active Formula,5015833331011,balance-gold-marine-collagen-rejuvenating-serum-30ml-2,draft,7544604950593,42096455778369
BA003_1,Personal Care,Health & Beauty > Personal Care,Serum,Balance Vitamin C Brightening Glow and Radiance Serum 30ml,Default Title,Balance Active Formula,,balance-vitamin-c-brightening-glow-and-radiance-serum-30ml,draft,7489612939329,41918049386561
BA004_1,Face Serums,Health & Beauty > Personal Care > Cosmetics > Skin Care > Face Serums,Serum,Balance Vitamin C Brightening Serum Glow and Radiance 5% 30ml,Default Title,Balance Active Formula,5015833332865,balance-vitamin-c-brightening-serum-glow-and-radiance-5-30ml,draft,7489612972097,41918049419329
BA005_1,Face Serums,Health & Beauty > Personal Care > Cosmetics > Skin Care > Face Serums,Serum,Balance Vitamin C Brightening Serum Glow and Radiance 3% Active Vitamin C 30ml,Default Title,Balance Active Formula,5012368040746,balance-vitamin-c-brightening-serum-glow-and-radiance-3-active-vitamin-c-30ml,draft,7489613004865,41918049452097
BA006_1,Face Serums,Health & Beauty > Personal Care > Cosmetics > Skin Care > Face Serums,Serum,Balance Dragons Instant Lifting Serum 30ml,Default Title,Balance Active Formula,,balance-dragons-instant-lifting-serum-30ml,draft,7489613037633,41918049484865
BA007_1,Face Serums,Health & Beauty > Personal Care > Cosmetics > Skin Care > Face Serums,Serum,Balance Retinol + Hyaluronic Double Booster Serum 30ml,Default Title,Balance Active Formula,5015833331516,balance-retinol-hyaluronic-double-booster-serum-30ml,draft,7489613070401,41918049517633
BA008_1,Face Serums,Health & Beauty > Personal Care > Cosmetics > Skin Care > Face Serums,Serum,Balance Collagen + Peptides Double Booster Serum 30ml,Default Title,Balance Active Formula,5015833328141,balance-collagen-peptides-double-booster-serum-30ml,draft,7489613103169,41918049550401
BA009_1,Face Serums,Health & Beauty > Personal Care > Cosmetics > Skin Care > Face Serums,Serum,Balance Vitamin C 12% Supershot Advanced Brightening Serum 30ml,Default Title,Balance Active Formula,5015833328103,balance-vitamin-c-12-supershot-advanced-brightening-serum-30ml,draft,7489613135937,41918049583169
BABA01_1,Personal Care,Health & Beauty > Personal Care,Cream,Banana Boat Simply Protect Baby Sunscreen Lotion SPF 50+ 150ml,Default Title,Banana Boat,079656131215,banana-boat-simply-protect-baby-sunscreen-lotion-spf-50-150ml,draft,7489613168705,41918049615937
BABA02_1,Sunscreen,Health & Beauty > Personal Care > Cosmetics > Skin Care > Sunscreen,Cream,Banana Boat Simply Protect Kids Sunscreen Lotion SPF 50+ 150ml,Default Title,Banana Boat,079656131208,banana-boat-simply-protect-kids-sunscreen-lotion-spf-50-150ml,draft,7489613201473,41918049648705
BABA03_1,Sunscreen,Health & Beauty > Personal Care > Cosmetics > Skin Care > Sunscreen,Cream,Banana Boat Kids Sunscreen Lotion SPF 60 240ml,Default Title,Banana Boat,079656050233,banana-boat-kids-sunscreen-lotion-spf-60-240ml,draft,7489613234241,41918049681473
BABA04_1,Sunscreen,Health & Beauty > Personal Care > Cosmetics > Skin Care > Sunscreen,Cream,Banana Boat Daily Protect Sunscreen Lotion SPF 50+ 240ml,Default Title,Banana Boat,079656105179,banana-boat-daily-protect-sunscreen-lotion-spf-50-240ml,draft,7489613267009,41918049714241
BABA05_1,Sunscreen,Health & Beauty > Personal Care > Cosmetics > Skin Care > Sunscreen,Cream,Banana Boat Kids Sunscreen Lotion SPF 60 90ml,Default Title,Banana Boat,079656050929,banana-boat-kids-sunscreen-lotion-spf-60-90ml,draft,7489613299777,41918049747009
BALA001_1,Eye Creams,Health & Beauty > Personal Care > Cosmetics > Skin Care > Eye Creams,Cream,Balance Active Formula Vitamin C Brightening Eye Cream 15ml,Default Title,Balance Active Formula,5015833329339,balance-active-formula-vitamin-c-brightening-eye-cream-15ml,draft,7672038293569,42892019597377
BANA01_1,Sunscreen,Health & Beauty > Personal Care > Cosmetics > Skin Care > Sunscreen,Cream,Banana Boat Ultra Sport Sunscreen Lotion SPF 50+ 240ml,Default Title,Banana Boat,079656030440,banana-boat-ultra-sport-sunscreen-lotion-spf-50-240ml,draft,7489613332545,41918049779777
BBC01_1,Foundations & Concealers,Health & Beauty > Personal Care > Cosmetics > Makeup > Face Makeup > Foundations & Concealers,,Garnier SkinActive BB Cream Anti Aging - Light Medium 50ml,Default Title,Garnier,3600542534352,garnier-skinactive-bb-cream-anti-aging-light-medium-50ml,draft,7545246777409,42098022842433
BBC02_1,Foundations & Concealers,Health & Beauty > Personal Care > Cosmetics > Makeup > Face Makeup > Foundations & Concealers,,Garnier SkinActive BB Cream Classic - Dark 50ml,Default Title,Garnier,3600542412414,garnier-skinactive-bb-cream-classic-dark-50ml,draft,7545246220353,42098021630017
BBC03_1,Foundations & Concealers,Health & Beauty > Personal Care > Cosmetics > Makeup > Face Makeup > Foundations & Concealers,,Garnier SkinActive BB Cream Anti Aging - Medium 50ml,Default Title,Garnier,3600541227897,garnier-skinactive-bb-cream-anti-aging-medium-50ml,draft,7545246580801,42098022449217
BBC04_1,Foundations & Concealers,Health & Beauty > Personal Care > Cosmetics > Makeup > Face Makeup > Foundations & Concealers,,Garnier SkinActive BB Cream Classic - Light Medium 50ml,Default Title,Garnier,,garnier-skinactive-bb-cream-classic-light-medium-50ml,draft,7545246023745,42098021335105
BG001_1,Collagen,Health & Beauty > Health Care > Fitness & Nutrition > Vitamins & Supplements > Collagen,Tablets,Bioglan Marine Collagen Beauty Complex 60 Tablets,Default Title,Bioglan,9323503028045,bioglan-marine-collagen-beauty-complex-60-tablets,draft,7682404679745,42962528469057
BG002_1,Collagen,Health & Beauty > Health Care > Fitness & Nutrition > Vitamins & Supplements > Collagen,Tablets,Bioglan Glucosamine 1500mg 200 Tablets,Default Title,Bioglan,9421907219080,bioglan-glucosamine-1500mg-200-tablets,draft,7591860535361,42256153313345
BG003_1,Collagen,Health & Beauty > Health Care > Fitness & Nutrition > Vitamins & Supplements > Collagen,Tablets,Bioglan Beauty Collagen 90 Tablets,Default Title,Bioglan,5060216563923,bioglan-beauty-collagen-90-tablets,draft,7591475413057,42254680850497
BG004_1,Vitamins & Supplements,Health & Beauty > Health Care > Fitness & Nutrition > Vitamins & Supplements,Capsules,Bioglan Red Krill Oil Double Strength 1000mg 60 Capsules,Default Title,Bioglan,9323503023675,bioglan-red-krill-oil-double-strength-1000mg-60-capsules,draft,7591330971713,42254274330689
BG005_1,Collagen,Health & Beauty > Health Care > Fitness & Nutrition > Vitamins & Supplements > Collagen,Tablets,Bioglan Glucosamine 1500mg 200 Tablets,Default Title,Bioglan,9323503022494,bioglan-glucosamine-1500mg-200-tablets-1,draft,7654494994497,42730593812545
BG006_1,Single Vitamins,Health & Beauty > Health Care > Fitness & Nutrition > Vitamins & Supplements > Single Vitamins,Tablets,Bioglan Vitamin B12 2000 mcg 90 Tablets,Default Title,Bioglan,9323503028335,bioglan-vitamin-b12-2000-mcg-90-tablets,draft,7664533471297,42845775888449
BIOV01_1,Eye Creams,Health & Beauty > Personal Care > Cosmetics > Skin Care > Eye Creams,,Biovene Niacinamide Pro Youth Revitalizing Eye Roller with Anti-Aging Peptides and Niacinamide 15ml,Default Title,Biovene,8436575096551,biovene-niacinamide-pro-youth-revitalizing-eye-roller-with-anti-aging-peptides-and-niacinamide-15ml,draft,7556770693185,42135548592193
BM001_1,Vitamins & Supplements,Health & Beauty > Health Care > Fitness & Nutrition > Vitamins & Supplements,Capsules,Blackmores Fish Oil 1000 Odourless 200 Capsules,Default Title,Blackmores,9300807287439,blackmores-fish-oil-1000-odourless-200-capsules,draft,7591898579009,42256326754369
BM002_1,Protein Supplements,Health & Beauty > Health Care > Fitness & Nutrition > Vitamins & Supplements > Protein Supplements,Capsules,Blackmores Fish Oil 1000 Odourless 400 Capsules,Default Title,Blackmores,9300807287378,blackmores-fish-oil-1000-odourless-400-capsules,draft,7591880917057,42256230744129
BM002_2,Vitamins & Supplements,Health & Beauty > Health Care > Fitness & Nutrition > Vitamins & Supplements,Tablets,Blackmores Fish Oil 1000 Odourless 400 Capsules,Default Title,Blackmores,9300807287354,blackmores-fish-oil-1000-odourless-400-capsules-1,draft,7859458244673,43704398512193
BM003_1,Herbal Supplements,Health & Beauty > Health Care > Fitness & Nutrition > Vitamins & Supplements > Herbal Supplements,Tablets,Blackmores Nails Hair & Skin 60 Tablets,Default Title,Blackmores,93333535,blackmores-nails-hair-skin-60-tablets,draft,7591859617857,42256152035393
BM004_1,Herbal Supplements,Health & Beauty > Health Care > Fitness & Nutrition > Vitamins & Supplements > Herbal Supplements,Tablets,Blackmores Milk Thistle 42 Tablets,Default Title,Blackmores,93807357,blackmores-milk-thistle-42-tablets,draft,7590870810689,42252847743041
BM005_1,Single Vitamins,Health & Beauty > Health Care > Fitness & Nutrition > Vitamins & Supplements > Single Vitamins,Tablets,Blackmores Vitamin B12 75 Tablets,Default Title,Blackmores,93807845,blackmores-vitamin-b12-75-tablets,draft,7590868058177,42252840796225
BM006_1,Herbal Supplements,Health & Beauty > Health Care > Fitness & Nutrition > Vitamins & Supplements > Herbal Supplements,Tablets,Blackmores Nails Hair & Skin 180 Tablets,Default Title,Blackmores,9300807359648,blackmores-nails-hair-skin-180-tablets,draft,7654520750145,42731432837185
BM007_1,Single Vitamins,Health & Beauty > Health Care > Fitness & Nutrition > Vitamins & Supplements > Single Vitamins,Tablets,Blackmores Folate 500 mcg 90 Tablets,Default Title,Blackmores,93808736,blackmores-folate-500-mcg-90-tablets,draft,7664555753537,42845835132993
BM008_1,Single Vitamins,Health & Beauty > Health Care > Fitness & Nutrition > Vitamins & Supplements > Single Vitamins,Tablets,Blackmores Bio C 1000mg 150 Tablets,Default Title,Blackmores,9300807325698,blackmores-bio-c-1000mg-150-tablets,draft,7768145035329,43246379270209
BM009_1,Collagen,Health & Beauty > Health Care > Fitness & Nutrition > Vitamins & Supplements > Collagen,Capsules,Blackmores Glucosamine + Fish Oil 90 Capsules,Default Title,Blackmores,9300807232422,blackmores-glucosamine-fish-oil-90-capsules,draft,7769608552513,43252328366145
BM01_1,Multivitamin Supplements,Health & Beauty > Health Care > Fitness & Nutrition > Vitamins & Supplements > Multivitamin Supplements,Capsules,Blackmores Fish Oil 400 Capsules 1000mg,Default Title,Blackmores,,blackmores-fish-oil-400-capsules-1000mg,draft,7489613365313,41918049812545
BMSG01_1,Body Wash,Health & Beauty > Personal Care > Cosmetics > Bath & Body > Body Wash,LiquidGel,Beau Monde Everlasting Fragrance Shower Gel 750ml,Default Title,Beau Monde,6598217687526,beau-monde-everlasting-fragrance-shower-gel-750ml,draft,7551436718145,42116921491521
BMSG02_1,Body Wash,Health & Beauty > Personal Care > Cosmetics > Bath & Body > Body Wash,LiquidGel,Beau Monde Refreshing Shower Gel 750ml,Default Title,Beau Monde,6598216045310,beau-monde-refreshing-shower-gel-750ml,draft,7551446548545,42116946690113
BMSG03_1,Body Wash,Health & Beauty > Personal Care > Cosmetics > Bath & Body > Body Wash,LiquidGel,Beau Monde Calming Shower Gel 750ml,Default Title,Beau Monde,6598215557418,beau-monde-calming-shower-gel-750ml,active,7569285578817,42182378881089
BMSG04_1,Body Wash,Health & Beauty > Personal Care > Cosmetics > Bath & Body > Body Wash,LiquidGel,Beau Monde Deep Nourishing Shower Gel 750ml,Default Title,Beau Monde,6598215784814,beau-monde-deep-nourishing-shower-gel-750ml,draft,7569895030849,42185685663809
BOJ01_1,Face Serums,Health & Beauty > Personal Care > Cosmetics > Skin Care > Face Serums,Serum,Beauty of Joseon Calming Serum Green Tea + Panthenol 30ml,Default Title,Beauty of Joseon,8809738316412,beauty-of-joseon-calming-serum-green-tea-panthenol-30ml,draft,7489613398081,41918049878081
BOJ03_1,Face Serums,Health & Beauty > Personal Care > Cosmetics > Skin Care > Face Serums,Serum,Beauty of Joseon Light On Serum 30ml,Default Title,Beauty of Joseon,8809875906477,beauty-of-joseon-light-on-serum-30ml,draft,7489613430849,41918049910849
BOJ04_1,Sunscreen,Health & Beauty > Personal Care > Cosmetics > Skin Care > Sunscreen,Cream,Beauty of Joseon Relief Sun Aqua-Fresh Rice + B5 SPF50+ PA++++ 50ml,Default Title,Beauty of Joseon,8809968130277,beauty-of-joseon-relief-sun-aqua-fresh-rice-b5-spf50-pa-50ml,active,7921409359937,44018984550465
BOJ04_2,Sunscreen,Health & Beauty > Personal Care > Cosmetics > Skin Care > Sunscreen,Cream,Beauty of Joseon Relief Sun Aqua-Fresh Rice + B5 SPF50+ PA++++ 50ml,Default Title,Beauty of Joseon,8809968130277,beauty-of-joseon-relief-sun-aqua-fresh-rice-b5-spf50-pa-50ml-1,draft,7969316569153,44155140276289
BOJ05_1,Sunscreen,Health & Beauty > Personal Care > Cosmetics > Skin Care > Sunscreen,Serum,Beauty of Joseon Ginseng Moist Sun Serum SPF 50+ 50ml,Default Title,Beauty of Joseon,8809864752689,beauty-of-joseon-ginseng-moist-sun-serum-spf-50-50ml,active,7983666069569,44213478752321
BOJ06_1,Sunscreen,Health & Beauty > Personal Care > Cosmetics > Skin Care > Sunscreen,Cream,Beauty of Joseon Relief Sun Rice Probiotics SPF50+ PA++++ 50ml,Default Title,Beauty of Joseon,8809782555508,beauty-of-joseon-relief-sun-rice-probiotics-spf50-pa-50ml,active,7996133703745,44264622358593
BRE01_1,Hair Clippers & Trimmers,Health & Beauty > Personal Care > Shaving & Grooming > Hair Clippers & Trimmers,,Blawless Rechargeable 2 in 1 Eyebrow and Hair Trimmer,Default Title,Blawless,6989326622469,blawless-rechargeable-2-in-1-eyebrow-and-hair-trimmer,draft,7489613463617,41918049943617
BRT381/15_1,Hair Clippers & Trimmers,Health & Beauty > Personal Care > Shaving & Grooming > Hair Clippers & Trimmers,,Philips Bikini Trimmer BRT381/15,Default Title,Philips,075020047120,philips-bikini-trimmer-brt381-15,draft,7529034973249,42056891891777
BRT383_1,Hair Clippers & Trimmers,Health & Beauty > Personal Care > Shaving & Grooming > Hair Clippers & Trimmers,,Philips Bikini Trimmer BRT383,Default Title,Philips,8710103860044,philips-bikini-trimmer-brt383,draft,7529035956289,42056919547969
BSFW01_1,Facial Cleansers,Health & Beauty > Personal Care > Cosmetics > Skin Care > Facial Cleansers,Liquid,The Body Shop Tea Tree Facial Wash 250ml,Default Title,The Body Shop,5028197334291,the-body-shop-tea-tree-facial-wash-250ml,draft,7489613496385,41918049976385
BT7500/15_1,Hair Clippers & Trimmers,Health & Beauty > Personal Care > Shaving & Grooming > Hair Clippers & Trimmers,,Philips Beard Trimmer BT7500/15,Default Title,Philips,075020081179,philips-beard-trimmer-bt7500-15,draft,7529026715713,42056857419841
BU001_1,Uncategorized,Uncategorized,Cream,Neutrogena Bright Boost Pack – BU001_1,Default Title,Neutrogena,No Barcode,neutrogena-bright-boost-pack-bu001-1,active,7546214678593,42101119975489
BU002_1,Uncategorized,Uncategorized,Liquid,Loreal Total Repair Shampoo and Conditioner Pack - BU002_1,Default Title,Loreal,No Barcode,loreal-total-repair-shampoo-and-conditioner-pack-bu002-1,active,7551420694593,42116854349889
BU003_1,Uncategorized,Uncategorized,LiquidGel,Loreal Colour Protect Shampoo and Conditioner Pack - BU003_1,Default Title,Loreal,No Barcode,loreal-colour-protect-shampoo-and-conditioner-pack-bu003-1,active,7551422627905,42116857823297
BU004_1,Uncategorized,Uncategorized,Cream,Garnier Day and Night Cream Pack - BU004_1,Default Title,Garnier,No Barcode,garnier-day-and-night-cream-pack-bu004-1,active,7551425577025,42116866670657
BU005_1,Uncategorized,Uncategorized,Liquid,Cerave Acne Treatment Pack - BU005_1,Default Title,Cerave,No Barcode,cerave-acne-treatment-pack-bu005-1,active,7551425740865,42116870307905
BU006_1,Uncategorized,Uncategorized,,COSRX Skin Glow for Healthy Skin Pack - BU006_1,Default Title,COSRX,No Barcode,cosrx-skin-glow-for-healthy-skin-pack-bu006-1,active,7551427313729,42116889542721
BU007_1,Uncategorized,Uncategorized,,Cerave Skin Renewing Pack - BU007_1,Default Title,Cerave,No Barcode,cerave-skin-renewing-pack-bu007-1,active,7551428198465,42116891541569
BU008_1,Uncategorized,Uncategorized,Cream,Cetaphil Brightening Pack - BU008_1,Default Title,Cetaphil,No Barcode,cetaphil-brightening-pack-bu008,active,7551431901249,42116896456769
BU009_1,Uncategorized,Uncategorized,,Mielle Hair Care Pack - BU009_1,Default Title,Mielle,No Barcode,mielle-hair-care-pack-bu009-1,active,7551445401665,42116944396353
BU010_1,Uncategorized,Uncategorized,,Loreal Bright Glowing Pack - BU010,Default Title,Loreal,No Barcode,loreal-bright-glowing-pack-bu010-1,active,7551446384705,42116946460737
BU011_1,Uncategorized,Uncategorized,,Loreal Whitening Pack - BU011_1,Default Title,Loreal,No Barcode,loreal-whitening-pack-bu011-1,active,7551447007297,42116947279937
BU012_1,Uncategorized,Uncategorized,,Dryness & Dehydration Treatment Packs - BU012_1,Default Title,Cosmetics.lk,No Barcode,dryness-dehydration-treatment-packs-1,active,7590911279169,42253000900673
BU013_1,Uncategorized,Uncategorized,,Hyperpigmentation & Dark Spots Treatment Packs - BU013_1,Default Title,Cosmetics.lk,No Barcode,hyperpigmentation-dark-spots-treatment-packs-bu013-1,active,7590916030529,42253011255361
BU014_1,Uncategorized,Uncategorized,,Dryness & Dehydration Treatment Packs - BU014_1,Default Title,Cosmetics.lk,No Barcode,dryness-dehydration-treatment-packs-bu014-1,active,7590916816961,42253011583041
BU015_1,Uncategorized,Uncategorized,,Uneven  & Dull Skin Treatment Packs - BU015_1,Default Title,Cosmetics.lk,No Barcode,uneven-dull-skin-treatment-packs-bu015-1,active,7590919503937,42253016694849
BU016_1,Uncategorized,Uncategorized,,Anti - Aging Treatment Packs - BU016_1,Default Title,Cosmetics.lk,No Barcode,anti-aging-treatment-packs-bu016-1,active,7590919733313,42253017776193
BU017_1,Uncategorized,Uncategorized,,OGX Keratin Oil Shampoo & Conditioner - BU017_1,Default Title,Cosmetics.lk,,ogx-keratin-oil-shampoo-conditioner-bu017-1,active,7842069872705,43648715489345
BU018_1,Uncategorized,Uncategorized,,OGX Argan Oil of Morocco Shampoo & Conditioner - BU018_1,Default Title,Cosmetics.lk,,ogx-argan-oil-of-morocco-shampoo-conditioner-bu018-1,active,7842121187393,43648818479169
BU019_1,Uncategorized,Uncategorized,,OGX Brazilian Keratin Smooth Shampoo & Conditioner - BU019_1,Default Title,Cosmetics.lk,,ogx-brazilian-keratin-smooth-shampoo-conditioner-bu019-1,active,7842158051393,43648902430785
BU020_1,Uncategorized,Uncategorized,,Wella Elements Renewing Shampoo & Conditioner - BU020_1,Default Title,Cosmetics.lk,,wella-elements-renewing-shampoo-conditioner-bu020-1,active,7842197143617,43649000046657
BU021_1,Uncategorized,Uncategorized,,Wella Invigo Nutri Enrich Shampoo & Conditioner Packs - BU021_1,Default Title,Cosmetics.lk,,wella-invigo-nutri-enrich-shampoo-conditioner-packs-bu021-1,active,7842213920833,43649055817793
BU022_1,Uncategorized,Uncategorized,,Keune Color Brillianz Anti-fade Shampoo & Conditioner Packs - BU022_1,Default Title,Cosmetics.lk,,keune-color-brillianz-anti-fade-shampoo-conditioner-packs-bu022-1,active,7842224209985,43649094877249
BU023_1,Uncategorized,Uncategorized,,Keune Confident Curl Enhancing Shampoo & Conditioner Packs - BU023_1,Default Title,Cosmetics.lk,,keune-confident-curl-enhancing-shampoo-conditioner-packs-bu023-1,active,7842232172609,43649120665665
BU024_1,Uncategorized,Uncategorized,,Jovees Dry Skin Full Pack 1,Default Title,Cosmetics.lk,No Barcode,jovees-dry-skin-full-pack-1,active,7917112328257,44004014194753
BU025_1,Uncategorized,Uncategorized,,Jovees Dry Skin Full Pack 2,Default Title,Cosmetics.lk,No Barcode,jovees-dry-skin-full-pack-2,active,7917114097729,44004045389889
BU026_1,Uncategorized,Uncategorized,,Jovees Dry Skin Full Pack 3,Default Title,Cosmetics.lk,No Barcode,jovees-dry-skin-full-pack-3,active,7917118554177,44004136976449
BU027_1,Uncategorized,Uncategorized,,Jovees Normal Skin Full Pack,Default Title,Cosmetics.lk,No Barcode,jovees-normal-skin-full-pack,active,7917123338305,44004158046273
BU028_1,Uncategorized,Uncategorized,,Jovees Oil Skin Full Pack,Default Title,Cosmetics.lk,No Barcode,jovees-oil-skin-full-pack,active,7917202309185,44004499914817
BU029_1,Uncategorized,Uncategorized,,Medicube TXA Niacinamide & Vita C Brightening Skincare Set,Default Title,Cosmetics.lk,No Barcode,medicube-txa-niacinamide-vita-c-brightening-skincare-set,draft,7971451306049,44164999544897
BU030_1,Uncategorized,Uncategorized,,La Roche-Posay Mela B3 Dark Spot & Pigmentation Skincare Set,Default Title,Cosmetics.lk,No Barcode,la-roche-posay-mela-b3-dark-spot-pigmentation-skincare-set,active,7985659281473,44219801600065
BU031_1,Uncategorized,Uncategorized,,La Roche Posay Pure Vitamin C Brightening Skincare Set,Default Title,Cosmetics.lk,No Barcode,la-roche-posay-pure-vitamin-c-brightening-skincare-set,active,7985661182017,44219813527617
BU032_1,Uncategorized,Uncategorized,,La Roche-Posay Pure Vitamin C Complete Skincare Set with SPF50+ Sunscreen,Default Title,Cosmetics.lk,No Barcode,la-roche-posay-pure-vitamin-c-complete-skincare-set-with-spf50-sunscreen,active,7985662328897,44219823587393
BU033_1,Uncategorized,Uncategorized,,La Roche Posay Dark Spot & Pigmentation Complete Care Set with SPF50+,Default Title,Cosmetics.lk,No Barcode,la-roche-posay-dark-spot-pigmentation-complete-care-set-with-spf50,active,7985666261057,44219831681089
BU034_1,Uncategorized,Uncategorized,,"Palmers Serum, Cerave Cleanser & La Roche-Posay SPF50+ Sunscreen",Default Title,Cosmetics.lk,No Barcode,palmers-serum-cerave-cleanser-la-roche-posay-spf50-sunscreen,active,7985679171649,44219846852673
BU035_1,Uncategorized,Uncategorized,,Palmers Skin Success Glow Up & Dark Spot Correction Skincare Set,Default Title,Cosmetics.lk,No Barcode,palmers-skin-success-glow-up-dark-spot-correction-skincare-set,active,7985734746177,44219910094913
BV001_1,Vitamins & Supplements,Health & Beauty > Health Care > Fitness & Nutrition > Vitamins & Supplements,Capsules,Beauty Vault Lumi 24H Glutathione 60 Capsules,Default Title,Beauty Vault,No Barcode,beauty-vault-lumi-24h-glutathione-60-capsules,draft,7526476152897,42049480622145
BYE01_1,Facial Cleansers,Health & Beauty > Personal Care > Cosmetics > Skin Care > Facial Cleansers,Liquid,Some By Mi Bye Bye Blackhead 30 Days Miracle Green Tea Tox Bubble Cleanser 120g,Default Title,Some By Me,8809647390244,some-by-mi-bye-bye-blackhead-30-days-miracle-green-tea-tox-bubble-cleanser-120g,active,8058185121857,44488076361793
BYE02_1,Face Serums,Health & Beauty > Personal Care > Cosmetics > Skin Care > Face Serums,Serum,Some By Mi Galactomyces Pure Vitamin C Glow Serum 30ml,Default Title,Some By Me,8809647390114,some-by-mi-galactomyces-pure-vitamin-c-glow-serum-30ml,active,8058186661953,44488105590849
CAN01_1,Conditioners,Health & Beauty > Personal Care > Hair Care > Shampoo & Conditioner > Conditioners,Cream,Cantu Shea Butter Leave-In Conditioner 340g,Default Title,Cantu,817513010132,cantu-shea-butter-leave-in-conditioner-340g,draft,7489613529153,41918050009153
CAN010_1,Hair Care,Health & Beauty > Personal Care > Hair Care,Liquid,Cantu Avocado Hydrating Lightweight Hair Milk 355ml,Default Title,Cantu,810006942453,cantu-avocado-hydrating-lightweight-hair-milk-355ml,active,7874010808385,43747421585473
CAN02_1,Conditioners,Health & Beauty > Personal Care > Hair Care > Shampoo & Conditioner > Conditioners,Cream,Cantu Argan Oil Leave-In Conditioning Cream 453g,Default Title,Cantu,817513015175,cantu-argan-oil-leave-in-conditioning-cream-453g,active,7489613561921,41918050041921
CAN03_1,Conditioners,Health & Beauty > Personal Care > Hair Care > Shampoo & Conditioner > Conditioners,Cream,Cantu Shea Butter Leave In Repair Cream 453g,Default Title,Cantu,856017000126,cantu-shea-butter-leave-in-repair-cream-453g,active,7489613594689,41918050074689
CAN06_1,Hair Care Kits,Health & Beauty > Personal Care > Hair Care > Hair Care Kits,Cream,Cantu Shea Butter Deep Treatment Masque 340g,Default Title,Cantu,817513010040,cantu-shea-butter-deep-treatment-masque-340g,draft,7489613627457,41918050107457
CAN07_1,Hair Styling Products,Health & Beauty > Personal Care > Hair Care > Hair Styling Products,Cream,Cantu Coconut Curling Cream 340g,Default Title,Cantu,817513010033,cantu-coconut-curling-cream-340g,active,7489613660225,41918050140225
CAN07_2,Hair Styling Products,Health & Beauty > Personal Care > Hair Care > Hair Styling Products,Cream,Cantu Shea Butter Coconut Curling Cream 340g - Poland,Default Title,Cantu,810006945454,cantu-shea-butter-coconut-curling-cream-340g-poland,active,7866786349121,43723398611009
CAN08_1,Shampoo & Conditioner,Health & Beauty > Personal Care > Hair Care > Shampoo & Conditioner,Cream,Cantu Avocado Hydrating Repair Leave In Conditioning Cream 340g,Default Title,Cantu,817513019890,cantu-avocado-hydrating-repair-leave-in-conditioning-cream-340g,active,7489613692993,41918050172993
CAN09_1,Conditioners,Health & Beauty > Personal Care > Hair Care > Shampoo & Conditioner > Conditioners,Cream,Cantu Grapeseed Leave In Repair 340g,Default Title,Cantu,817513019944,cantu-grapeseed-leave-in-repair-340g,draft,7489613725761,41918050205761
CAN11_1,Hair Styling Products,Health & Beauty > Personal Care > Hair Care > Hair Styling Products,Cream,Cantu Avocado Curling Cream 340g,Default Title,Cantu,817513019906,cantu-avocado-curling-cream-340g,active,7489613758529,41918050238529
CAN12_1,Conditioners,Health & Beauty > Personal Care > Hair Care > Shampoo & Conditioner > Conditioners,Cream,Cantu Grapeseed Strengthening Conditioner 400ml,Default Title,Cantu,817513019937,cantu-grapeseed-strengthening-conditioner-400ml,draft,7489613791297,41918050271297
CAN13_1,Shampoo,Health & Beauty > Personal Care > Hair Care > Shampoo & Conditioner > Shampoo,,Cantu Grapeseed Strengthening Shampoo 400ml,Default Title,Cantu,No Barcode,cantu-grapeseed-strengthening-shampoo-400ml,draft,7528964685889,42056630272065
CAN14_1,Conditioners,Health & Beauty > Personal Care > Hair Care > Shampoo & Conditioner > Conditioners,Liquid,Cantu Avocado Hydrating Conditioner 400ml,Default Title,Cantu,817513019883,cantu-avocado-hydrating-conditioner-400ml,active,7489613824065,41918050304065
CAN15_1,Shampoo,Health & Beauty > Personal Care > Hair Care > Shampoo & Conditioner > Shampoo,Liquid,Cantu Avocado Hydrating Shampoo 400ml,Default Title,Cantu,817513019876,cantu-avocado-hydrating-shampoo-400ml,active,7489613856833,41918050336833
CAN16_1,Shampoo,Health & Beauty > Personal Care > Hair Care > Shampoo & Conditioner > Shampoo,Liquid,Cantu Shea Butter Cleansing Cream Shampoo 400ml,Default Title,Cantu,817513015311,cantu-shea-butter-cleansing-cream-shampoo-400ml,active,7489613889601,41918050369601
CAN17_1,Conditioners,Health & Beauty > Personal Care > Hair Care > Shampoo & Conditioner > Conditioners,Liquid,Cantu Shea Butter Hydrating Cream Conditioner 400ml,Default Title,Cantu,817513015328,cantu-shea-butter-hydrating-cream-conditioner-400ml,active,7489613922369,41918050402369
CAN18_1,Hair Care Kits,Health & Beauty > Personal Care > Hair Care > Hair Care Kits,Cream,Cantu Shea Butter Grow Strong Strengthening Treatment 173g,Default Title,Cantu,856017000041,cantu-shea-butter-grow-strong-strengthening-treatment-173g,draft,7489613955137,41918050435137
CAN19_1,Hair Styling Products,Health & Beauty > Personal Care > Hair Care > Hair Styling Products,Cream,Cantu Curl Activator Cream 355ml,Default Title,Cantu,817513010002,cantu-curl-activator-cream-355ml,draft,7489613987905,41918050467905
CAN20_1,Hair Styling Products,Health & Beauty > Personal Care > Hair Care > Hair Styling Products,Cream,Cantu Avocado Oil and Shea Butter Curl Activator Cream 355ml,Default Title,Cantu,817513019913,cantu-avocado-oil-and-shea-butter-curl-activator-cream-355ml,active,7528423456833,42055178059841
CAN22_1,Shampoo,Health & Beauty > Personal Care > Hair Care > Shampoo & Conditioner > Shampoo,Liquid,Cantu Flaxseed Oil and Shea Butter Sulfate Free Shampoo 400ml,Default Title,Cantu,817513019821,cantu-flaxseed-oil-and-shea-butter-sulfate-free-shampoo-400ml,draft,7489614020673,41918050500673
CAN23_1,Conditioners,Health & Beauty > Personal Care > Hair Care > Shampoo & Conditioner > Conditioners,Liquid,Cantu Flaxseed Oil and Shea Butter Sulfate Free Conditioner 400ml,Default Title,Cantu,817513019838,cantu-flaxseed-oil-and-shea-butter-sulfate-free-conditioner-400ml,draft,7489614053441,41918050533441
CAN25_1,Shampoo,Health & Beauty > Personal Care > Hair Care > Shampoo & Conditioner > Shampoo,LiquidGel,Cantu Shea Butter for Natural Hair Moisture Cream Shampoo 400ml,Default Title,Cantu,856017000010,cantu-shea-butter-for-natural-hair-moisture-cream-shampoo-400ml,active,7569886576705,42185657417793
CAN31_1,Baby Bathing,Baby & Toddler > Baby Bathing,Cream,Cantu For Kids Curling Cream 227g,Default Title,Cantu,817513015434,cantu-for-kids-curling-cream-227g,draft,7489614086209,41918050566209
CAN32_1,Shampoo,Health & Beauty > Personal Care > Hair Care > Shampoo & Conditioner > Shampoo,,Cantu For Kids Nourishing Shampoo 237ml,Default Title,Cantu,No Barcode,cantu-for-kids-nourishing-shampoo-237ml,draft,7528735899713,42055614332993
CAN34_1,Hair Styling Products,Health & Beauty > Personal Care > Hair Care > Hair Styling Products,Cream,Cantu Grapeseed Strengthening Curling Cream 340g,Default Title,Cantu,817513019951,cantu-grapeseed-strengthening-curling-cream-340g,draft,7489614118977,41918050598977
CAN39_1,Hair Styling Products,Health & Beauty > Personal Care > Hair Care > Hair Styling Products,,Cantu Grapeseed Curl Activator 355ml,Default Title,Cantu,No Barcode,cantu-grapeseed-curl-activator-355ml,draft,7528736489537,42055614726209
CAN40_1,Shampoo,Health & Beauty > Personal Care > Hair Care > Shampoo & Conditioner > Shampoo,,Cantu Guava & Ginger Anti-Dandruff Shampoo 400ml,Default Title,Cantu,No Barcode,cantu-guava-ginger-anti-dandruff-shampoo-400ml,draft,7528968192065,42056644722753
CAN45_1,Hair Styling Products,Health & Beauty > Personal Care > Hair Care > Hair Styling Products,Oil,Cantu Shea Butter Daily Oil Moisturizer 384ml,Default Title,Cantu,856017000065,cantu-shea-butter-daily-oil-moisturizer-384ml,draft,7525990432833,42047963136065
CAN55_1,Hair Styling Products,Health & Beauty > Personal Care > Hair Care > Hair Styling Products,Cream,Cantu Shea Butter Anti-Shedding Styling Gel 524g,Default Title,Cantu,817513019258,cantu-shea-butter-anti-shedding-styling-gel-524g,draft,7489614151745,41918050664513
CAN60_1,Hair Styling Products,Health & Beauty > Personal Care > Hair Care > Hair Styling Products,Cream,Cantu Shea Butter Wave Whip Curling Mousse 248ml,Default Title,Cantu,817513015700,cantu-shea-butter-wave-whip-curling-mousse-248ml,draft,7489614184513,41918050697281
CAN61_1,Hair Styling Products,Health & Beauty > Personal Care > Hair Care > Hair Styling Products,Oil,Cantu Biotin-Infused Hair and Scalp Oil 59ml,Default Title,Cantu,810006942439,cantu-biotin-infused-hair-and-scalp-oil-59ml,draft,7525973262401,42047890849857
CAN89_1,Hair Styling Products,Health & Beauty > Personal Care > Hair Care > Hair Styling Products,Gel,Cantu Shea Butter Moisture Retention Styling Gel 524g,Default Title,Cantu,817513019265,cantu-shea-butter-moisture-retention-styling-gel-524g,draft,7489614217281,41918050730049
CANT001_1,Hair Styling Products,Health & Beauty > Personal Care > Hair Care > Hair Styling Products,Gel,Cantu Shea Butter Strengthening Styling Gel 524g,Default Title,Cantu,817513019272,cantu-shea-butter-strengthening-styling-gel-524g,draft,7675548631105,42916370219073
CANT002_1,Conditioners,Health & Beauty > Personal Care > Hair Care > Shampoo & Conditioner > Conditioners,Cream,Cantu Kids Leave In Conditioner 283g,Default Title,Cantu,817513015427,cantu-kids-leave-in-conditioner-283g,draft,7675588116545,42916426252353
CANT003_1,Hair Creams & Lotions,Health & Beauty > Personal Care > Hair Care > Hair Styling Products > Hair Creams & Lotions,Cream,Cantu Shea Butter Coconut Curling Cream 709g,Default Title,Cantu,817513019081,cantu-shea-butter-coconut-curling-cream-709g,active,7985530273857,44219424833601
CB0010_1,Lotions & Moisturizers,Health & Beauty > Personal Care > Cosmetics > Skin Care > Lotions & Moisturizers,Lotion,Palmers Cocoa Butter Body Lotion 591ml,Default Title,Palmers,010181048104,palmers-cocoa-butter-body-lotion-591ml,draft,7489614250049,41918050762817
CB0011_1,Lotions & Moisturizers,Health & Beauty > Personal Care > Cosmetics > Skin Care > Lotions & Moisturizers,Lotion,Palmers Cocoa Butter Formula Men 3-in-1 Lotion 250ml,Default Title,Palmers,010181045806,palmers-cocoa-butter-formula-men-3-in-1-lotion-250ml,active,7872598147137,43741673422913
CB0012_1,Face Serums,Health & Beauty > Personal Care > Cosmetics > Skin Care > Face Serums,Serum,Palmers Skin Success Extra Strength Tone Correcting Serum 30ml,Default Title,Palmers,010181072390,palmers-skin-success-extra-strength-tone-correcting-serum-30ml,active,7872600080449,43741680173121
CB0013_1,Shampoo,Health & Beauty > Personal Care > Hair Care > Shampoo & Conditioner > Shampoo,,Palmers Olive Oil Shampoo 400ml,Default Title,Palmers,010181025938,palmers-olive-oil-shampoo-400ml-1,active,7872601718849,43741689479233
CB003_1,Lotions & Moisturizers,Health & Beauty > Personal Care > Cosmetics > Skin Care > Lotions & Moisturizers,Lotion,Palmers Cocoa Butter Body Lotion 250ml,Default Title,Palmers,010181041808,palmers-cocoa-butter-body-lotion-250ml,draft,7489614282817,41918050795585
CB004_1,Lotions & Moisturizers,Health & Beauty > Personal Care > Cosmetics > Skin Care > Lotions & Moisturizers,Lotion,Palmers Cocoa Butter Fragrance Free Body Lotion 250ml,Default Title,Palmers,010181041877,palmers-cocoa-butter-fragrance-free-body-lotion-250ml,active,7489614315585,41918050828353
CB005_2,Body Oil,Health & Beauty > Personal Care > Cosmetics > Skin Care > Body Oil,Oil,Palmers Cocoa Butter Formula Vitamin E Skin Therapy Natural Rosehip Oil 150ml,Default Title,Palmers,010181043598,palmers-cocoa-butter-formula-vitamin-e-skin-therapy-natural-rosehip-oil-150ml,active,7559808778305,42146417049665
CB0055_1,Body Oil,Health & Beauty > Personal Care > Cosmetics > Skin Care > Body Oil,Liquid,Palmers Cocoa Skin Therapy with Pure Argan Oil 150ml,Default Title,Palmers,010181041532,palmers-cocoa-skin-therapy-with-pure-argan-oil-150ml,active,7528390623297,42055134281793
CB006_1,Skin Care,Health & Beauty > Personal Care > Cosmetics > Skin Care,Lotion,Palmers Cocoa Butter Massage Lotion for Stretch Marks 250ml,Default Title,Palmers,010181040313,palmers-cocoa-butter-massage-lotion-for-stretch-marks-250ml,active,7489614348353,41918050861121
CB0070_1,Conditioners,Health & Beauty > Personal Care > Hair Care > Shampoo & Conditioner > Conditioners,Liquid,Palmers Biotin Length Retention Conditioner 400ml,Default Title,Palmers,010181048029,palmers-biotin-length-retention-conditioner-400ml,active,7489614381121,41918050893889
CB0071_1,Shampoo,Health & Beauty > Personal Care > Hair Care > Shampoo & Conditioner > Shampoo,Liquid,Palmers Biotin Length Retention Shampoo 400ml,Default Title,Palmers,010181048012,palmers-biotin-length-retention-shampoo-400ml,active,7489614413889,41918050926657
CB0072_1,Conditioners,Health & Beauty > Personal Care > Hair Care > Shampoo & Conditioner > Conditioners,Cream,Palmers Length Retention Leave-In Conditioner with Biotin 250ml,Default Title,Palmers,010181048036,palmers-length-retention-leave-in-conditioner-with-biotin-250ml,draft,7529025372225,42056853225537
CB008_1,Lotions & Moisturizers,Health & Beauty > Personal Care > Cosmetics > Skin Care > Lotions & Moisturizers,Lotion,Palmers Cocoa Body Firming Body Lotion 315ml,Default Title,Palmers,010181140648,palmers-cocoa-body-firming-body-lotion-315ml,active,7489614446657,41918050959425
CB009_1,Lotions & Moisturizers,Health & Beauty > Personal Care > Cosmetics > Skin Care > Lotions & Moisturizers,Lotion,Palmers Cocoa Butter Body Lotion 400ml,Default Title,Palmers,010181041655,palmers-cocoa-butter-body-lotion-400ml,draft,7524709957697,42044424323137
CB013_1,Lotions & Moisturizers,Health & Beauty > Personal Care > Cosmetics > Skin Care > Lotions & Moisturizers,Cream,Palmers Cocoa Butter Massage Cream for Stretch Marks 125g,Default Title,Palmers,010181040351,palmers-cocoa-butter-massage-cream-for-stretch-marks-125g,active,7489614479425,41918051024961
CB015_1,Lotions & Moisturizers,Health & Beauty > Personal Care > Cosmetics > Skin Care > Lotions & Moisturizers,Cream,Palmers Cocoa Bust Firming Cream 125g,Default Title,Palmers,010181040702,palmers-cocoa-bust-firming-cream-125g,draft,7489614512193,41918051057729
CB016_1,Lotions & Moisturizers,Health & Beauty > Personal Care > Cosmetics > Skin Care > Lotions & Moisturizers,Cream,Palmers Cocoa Butter Tummy Butter for Stretch Marks 125g,Default Title,Palmers,010181040764,palmers-cocoa-butter-tummy-butter-for-stretch-marks-125g,active,7489614544961,41918051090497
CB019_1,Body Oil,Health & Beauty > Personal Care > Cosmetics > Skin Care > Body Oil,,Palmers Cocoa Moisturizing Body Oil 250ml,Default Title,Palmers,010181041709,palmers-cocoa-moisturizing-body-oil-250ml,active,7529020522561,42056826060865
CB020_1,Lip Balms & Treatments,Health & Beauty > Personal Care > Cosmetics > Skin Care > Lip Balms & Treatments,,Palmers Cocoa Butter Original Lip Balm 4g,Default Title,Palmers,No Barcode,palmers-cocoa-butter-original-lip-balm-4g,draft,7528353792065,42055092633665
CB024_1,Lotions & Moisturizers,Health & Beauty > Personal Care > Cosmetics > Skin Care > Lotions & Moisturizers,Cream,Palmers Cocoa Butter Heals Softens Body Cream 100g,Default Title,Palmers,010181040009,palmers-cocoa-butter-heals-softens-body-cream-100g,active,7489614577729,41918051123265
CB033_1,Lotions & Moisturizers,Health & Beauty > Personal Care > Cosmetics > Skin Care > Lotions & Moisturizers,Cream,Palmers Cocoa Butter Formula Heals Softens Body Cream 270g,Default Title,Palmers,010181140082,palmers-cocoa-butter-formula-heals-softens-body-cream-270g,draft,7489614610497,41918051156033
CB039_1,Skin Care Masks & Peels,Health & Beauty > Personal Care > Cosmetics > Skin Care > Skin Care Masks & Peels,,Palmers Exfoliating Facial Scrub 150ml,Default Title,Palmers,010181045431,palmers-exfoliating-facial-scrub-150ml,draft,7528980152385,42056679292993
CB043_1,Face Moisturizers,Health & Beauty > Personal Care > Cosmetics > Skin Care > Face Moisturizers,Oil,Palmers Cocoa Skin Therapy Face Oil 30ml,Default Title,Palmers,010181041730,palmers-cocoa-skin-therapy-face-oil-30ml,active,7489614643265,41918051188801
CB044_1,Face Moisturizers,Health & Beauty > Personal Care > Cosmetics > Skin Care > Face Moisturizers,Cream,Palmers Cocoa Moisturizing Day Cream 75ml,Default Title,Palmers,010181045448,palmers-cocoa-moisturizing-day-cream-75ml,draft,7775640453185,43275144200257
CB045_1,Face Moisturizers,Health & Beauty > Personal Care > Cosmetics > Skin Care > Face Moisturizers,Cream,Palmers Cocoa Moisture Rich Night Cream 75g,Default Title,Palmers,,palmers-cocoa-moisture-rich-night-cream-75g,draft,7489614676033,41918051221569
CB060_1,Facial Cleansers,Health & Beauty > Personal Care > Cosmetics > Skin Care > Facial Cleansers,Oil,Palmers Skin Therapy Cleansing Oil Face 190ml,Default Title,Palmers,010181043727,palmers-skin-therapy-cleansing-oil-face-190ml,draft,7489614708801,41918051254337
CB089_1,Hair Care Kits,Health & Beauty > Personal Care > Hair Care > Hair Care Kits,Cream,Palmers Cocoa Butter Formula Length Retention Vita Gro 190g,Default Title,Palmers,,palmers-cocoa-butter-formula-length-retention-vita-gro-190g,draft,7489614741569,41918051287105
CB090_1,Lotions & Moisturizers,Health & Beauty > Personal Care > Cosmetics > Skin Care > Lotions & Moisturizers,Cream,Palmers Cocoa Body Cream 200g,Default Title,Palmers,010181040085,palmers-cocoa-body-cream-200g,active,7489614774337,41918051319873
CB091_1,Lotions & Moisturizers,Health & Beauty > Personal Care > Cosmetics > Skin Care > Lotions & Moisturizers,,Palmers Cocoa Butter Formula Firming Butter 250ml,Default Title,Palmers,010181040641,palmers-cocoa-butter-formula-firming-butter-250ml,draft,7775641075777,43275150622785
CB092_1,Hair Care Kits,Health & Beauty > Personal Care > Hair Care > Hair Care Kits,Oil,Palmers Coconut Oil Formula Moisture Boost Protein Pack 60g,Default Title,Palmers,010181033155,palmers-coconut-oil-formula-moisture-boost-protein-pack-60g,active,7489614807105,41918051352641
CB096_1,Face Serums,Health & Beauty > Personal Care > Cosmetics > Skin Care > Face Serums,Serum,Palmers Cocoa Butter Formula Vitamin E Scar Serum 30ml,Default Title,Palmers,010181040528,palmers-cocoa-butter-formula-vitamin-e-scar-serum-30ml,active,7489614839873,41918051385409
CB099_1,Lotions & Moisturizers,Health & Beauty > Personal Care > Cosmetics > Skin Care > Lotions & Moisturizers,Cream,Palmers Cocoa Butter Formula Concentrated Body Cream 100g,Default Title,Palmers,010181043505,palmers-cocoa-butter-formula-concentrated-body-cream-100g,draft,7489614872641,41918051450945
CB100_1,Body Oil,Health & Beauty > Personal Care > Cosmetics > Skin Care > Body Oil,Oil,Palmers Cocoa Butter Formula Stretch Mark Massage Oil with Vitamin E 100ml,Default Title,Palmers,010181043765,palmers-cocoa-butter-formula-stretch-mark-massage-oil-with-vitamin-e-100ml,active,7990134112321,44243183468609
CB101_1,Lotions & Moisturizers,Health & Beauty > Personal Care > Cosmetics > Skin Care > Lotions & Moisturizers,Cream,Palmers Cocoa Butter Formula Firms Tones Firming Body Lotion with Vitamin E 400ml,Default Title,Palmers,010181042645,palmers-cocoa-butter-formula-firms-tones-firming-body-lotion-with-vitamin-e-400ml,active,7990510846017,44244136656961
CB102_1,Conditioners,Health & Beauty > Personal Care > Hair Care > Shampoo & Conditioner > Conditioners,Liquid,Palmers Cocoa Butter and Biotin Length Retention Leave In Conditioner with Vitamin E 250ml,Default Title,Palmers,010181048036,palmers-cocoa-butter-and-biotin-length-retention-leave-in-conditioner-with-vitamin-e-250ml,active,7990523297857,44244208910401
CB103_1,Nursing & Feeding,Baby & Toddler > Nursing & Feeding,,Palmers Cocoa Butter Formula Nursing Butter 30g,Default Title,Palmers,010181040375,palmers-cocoa-butter-formula-nursing-butter-30g,active,7991879663681,44248799805505
CB104_1,Lotions & Moisturizers,Health & Beauty > Personal Care > Cosmetics > Skin Care > Lotions & Moisturizers,Cream,Palmers Cocoa Butter Formula Smooth Radiant Exfoliating Body Lotion with Vitamin E 400ml,Default Title,Palmers,010181042966,palmers-cocoa-butter-formula-smooth-radiant-exfoliating-body-lotion-with-vitamin-e-400ml,active,7995874443329,44264229732417
CB105_1,Lotions & Moisturizers,Health & Beauty > Personal Care > Cosmetics > Skin Care > Lotions & Moisturizers,Gel,Palmers Cocoa Butter Formula Softens Swivel Stick 14g,Default Title,Palmers,01018158,palmers-cocoa-butter-formula-softens-swivel-stick-14g,draft,7528962687041,42056618704961
CB106_1,Lotions & Moisturizers,Health & Beauty > Personal Care > Cosmetics > Skin Care > Lotions & Moisturizers,Lotion,Palmes Cocoa Butter Formula Tahitian Vanilla Body Lotion 400ml,Default Title,Palmers,010181042652,palmes-cocoa-butter-formula-tahitian-vanilla-body-lotion-400ml,draft,7995885092929,44264241266753
CBB01_1,Lotions & Moisturizers,Health & Beauty > Personal Care > Cosmetics > Skin Care > Lotions & Moisturizers,Lotion,Palmers Cocoa Butter Formula Baby Lotion with Vitamin E 400ml,Default Title,Palmers,010181047718,palmers-cocoa-butter-formula-baby-lotion-with-vitamin-e-400ml,active,7990524936257,44244213825601
CBF02_1,Lotions & Moisturizers,Health & Beauty > Personal Care > Cosmetics > Skin Care > Lotions & Moisturizers,Cream,Palmers Cocoa Butter Formula Smooth Radiant Body Lotion with Vitamin E 400ml,Default Title,Palmers,010181042966,palmers-cocoa-butter-formula-smooth-radiant-body-lotion-with-vitamin-e-400ml,draft,7551993446465,42118591512641
CBF03_1,Lotions & Moisturizers,Health & Beauty > Personal Care > Cosmetics > Skin Care > Lotions & Moisturizers,Cream,Palmers Cocoa Butter Formula Heals Softens Fragrance Free  Body Lotion with Vitamin E 400ml,Default Title,Palmers,010181041891,palmers-cocoa-butter-formula-heals-softens-fragrance-free-body-lotion-with-vitamin-e-400ml,draft,7552001605697,42118630047809
CBF04_1,Lotions & Moisturizers,Health & Beauty > Personal Care > Cosmetics > Skin Care > Lotions & Moisturizers,Lotion,Palmers Cocoa Butter Formula Tahitan Vanilla Body Lotion 250ml,Default Title,Palmers,010181048180,palmers-cocoa-butter-formula-tahitan-vanilla-body-lotion-250ml,active,8058184990785,44488075771969
CBS01_1,Body Oil,Health & Beauty > Personal Care > Cosmetics > Skin Care > Body Oil,Oil,Palmers Cocoa Butter Formula Shimmer Radiance Body Oil 150ml,Default Title,Palmers,010181041716,palmers-cocoa-butter-formula-shimmer-radiance-body-oil-150ml,active,7995870675009,44264224653377
CBS02_1,Lotions & Moisturizers,Health & Beauty > Personal Care > Cosmetics > Skin Care > Lotions & Moisturizers,Cream,Palmers Cocoa Butter Formula Shimmer Body Lotion with Vitamin E 155ml,Default Title,Palmers,010181043710,palmers-cocoa-butter-formula-shimmer-body-lotion-with-vitamin-e-155ml,active,7995871395905,44264225996865
CC001_1,Nutrition Drinks & Shakes,Health & Beauty > Health Care > Fitness & Nutrition > Nutrition Drinks & Shakes,Powder,Cellucor C4 Sport Pre-Workout Blue Raspberry 30 Servings,Default Title,Cellucor,810390029693,cellucor-c4-sport-pre-workout-blue-raspberry-30-servings,draft,7591793098817,42255944351809
CC002_1,Herbal Supplements,Health & Beauty > Health Care > Fitness & Nutrition > Vitamins & Supplements > Herbal Supplements,Powder,Cellucor C4 Sport Pre-Workout Strawberry Watermelon 30 Servings,Default Title,Cellucor,842595116502,cellucor-c4-sport-pre-workout-strawberry-watermelon-30-servings,draft,7529017999425,42056819277889
CC003_1,Amino Acids,Health & Beauty > Health Care > Fitness & Nutrition > Vitamins & Supplements > Amino Acids,Powder,Cellucor BCAA Sport Cherry Limeade 30 Servings,Default Title,Cellucor,810390029471,cellucor-bcaa-sport-cherry-limeade-30-servings,draft,7539793363009,42083622912065
CC004_1,Nutrition Drinks & Shakes,Health & Beauty > Health Care > Fitness & Nutrition > Nutrition Drinks & Shakes,Powder,Cellucor C4 Ripped Sport Pre Workout Arctic Snow Cone Flavor 30 Servings,Default Title,Cellucor C4,842595115734,cellucor-c4-ripped-sport-pre-workout-arctic-snow-cone-flavor-30-servings,draft,7591859159105,42256147710017
CC005_1,Nutrition Drinks & Shakes,Health & Beauty > Health Care > Fitness & Nutrition > Nutrition Drinks & Shakes,Powder,Cellucor C4 Rippded Pre-Workout Cherry Limeade 30 Servings,Default Title,Cellucor C4,842595104684,cellucor-c4-rippded-pre-workout-cherry-limeade-30-servings,draft,7591854571585,42256133685313
CC006_1,Nutrition Drinks & Shakes,Health & Beauty > Health Care > Fitness & Nutrition > Nutrition Drinks & Shakes,Powder,Cellucor C4 Ripped Sport Pre Workout Strawberry Watermelon Flavor 30 Servings,Default Title,Cellucor,842595120226,cellucor-c4-ripped-sport-pre-workout-strawberry-watermelon-flavor-30-servings,draft,7591822065729,42256045637697
CC007_1,Herbal Supplements,Health & Beauty > Health Care > Fitness & Nutrition > Vitamins & Supplements > Herbal Supplements,Powder,Cellucor C4 Original Pre-Workout Icy Blue 30 Servings,Default Title,Cellucor,842595120455,cellucor-c4-original-pre-workout-icy-blue-30-servings,draft,7533584482369,42068185088065
CC008_1,Nutrition Drinks & Shakes,Health & Beauty > Health Care > Fitness & Nutrition > Nutrition Drinks & Shakes,Powder,Cellucor C4 Original Pre-Workout Fruit punch 30 Servings,Default Title,Cellucor,842595120493,cellucor-c4-original-pre-workout-fruit-punch-30-servings,draft,7591396409409,42254433321025
CE001_1,Facial Cleansers,Health & Beauty > Personal Care > Cosmetics > Skin Care > Facial Cleansers,Liquid,Cerave Foaming Facial Cleanser 355ml,Default Title,Cerave,3606000537569,cerave-foaming-facial-cleanser-355ml,active,7489614905409,41918051483713
CE003_1,Facial Cleansers,Health & Beauty > Personal Care > Cosmetics > Skin Care > Facial Cleansers,Liquid,Cerave Hydrating Cleanser 473ml,Default Title,Cerave,3337875597333,cerave-hydrating-cleanser-473ml,active,7489614938177,41918051516481
CE005_1,Face Serums,Health & Beauty > Personal Care > Cosmetics > Skin Care > Face Serums,Serum,Cerave Skin Renewing Vitamin C Serum 30ml - Canada,Default Title,Cerave,3606000602663,cerave-skin-renewing-vitamin-c-serum-30ml-canada,active,7537258758209,42078626349121
CE005_2,Face Serums,Health & Beauty > Personal Care > Cosmetics > Skin Care > Face Serums,Serum,Cerave Skin Renewing Vitamin C Serum 30ml,Default Title,Cerave,3606000512351,cerave-skin-renewing-vitamin-c-serum-30ml,active,7524671619137,42044307308609
CE006_1,Lotions & Moisturizers,Health & Beauty > Personal Care > Cosmetics > Skin Care > Lotions & Moisturizers,Lotion,Cerave SA Lotion Rough and Bumpy Skin 237ml - Canada,Default Title,Cerave,3606000537248,cerave-sa-lotion-rough-and-bumpy-skin-237ml-canada,active,7524703010881,42044411478081
CE006_2,Lotions & Moisturizers,Health & Beauty > Personal Care > Cosmetics > Skin Care > Lotions & Moisturizers,Lotion,Cerave SA Lotion Rough and Bumpy Skin 237ml,Default Title,Cerave,3606000537712,cerave-sa-lotion-rough-and-bumpy-skin-237ml-2,active,7544057036865,42095196274753
CE01_1,Facial Cleansers,Health & Beauty > Personal Care > Cosmetics > Skin Care > Facial Cleansers,Liquid,Cerave Hydrating Cleanser for Normal to Dry Skin 236ml,Default Title,Cerave,3337875597180,cerave-hydrating-cleanser-for-normal-to-dry-skin-236ml,active,7524656545857,42044278440001
CE01_2,Facial Cleansers,Health & Beauty > Personal Care > Cosmetics > Skin Care > Facial Cleansers,Liquid,Cerave Hydrating Cleanser for Normal to Dry Skin 236ml - USA,Default Title,Cerave,3606000552913,cerave-hydrating-cleanser-for-normal-to-dry-skin-236ml-usa,active,7537271078977,42078642307137
CE012_1,Conditioners,Health & Beauty > Personal Care > Hair Care > Shampoo & Conditioner > Conditioners,Liquid,Cerave Gentle Hydration Conditioner 266ml,Default Title,Cerave,3606000638020,cerave-gentle-hydration-conditioner-266ml,active,7544586567745,42096380739649
CE016_1,Lotions & Moisturizers,Health & Beauty > Personal Care > Cosmetics > Skin Care > Lotions & Moisturizers,Cream,Cetaphil Advanced Relief With Shea Butter Cream 170g,Default Title,Cetaphil,302990116045,cetaphil-advanced-relief-with-shea-butter-cream-170g,draft,7489615102017,41918051582017
CE017_1,Lotions & Moisturizers,Health & Beauty > Personal Care > Cosmetics > Skin Care > Lotions & Moisturizers,Lotion,Cetaphil Moisturising Lotion 236ml,Default Title,Cetaphil,5020465202592,cetaphil-moisturising-lotion-236ml,active,7489615134785,41918051614785
CE018_1,Facial Cleansers,Health & Beauty > Personal Care > Cosmetics > Skin Care > Facial Cleansers,Liquid,Cetaphil Gentle Skin Cleanser All Skin 591ml,Default Title,Cetaphil,302990110203,cetaphil-gentle-skin-cleanser-all-skin-591ml,active,7489615167553,41918051647553
CE019_1,Facial Cleansers,Health & Beauty > Personal Care > Cosmetics > Skin Care > Facial Cleansers,Liquid,Cetaphil Gentle Norma to Dry Skin Cleanser 473ml,Default Title,Cetaphil,5020465202738,cetaphil-gentle-skin-cleanser-473ml,active,7489615200321,41918051680321
CE02_1,Facial Cleansers,Health & Beauty > Personal Care > Cosmetics > Skin Care > Facial Cleansers,Liquid,Cerave Foaming Cleanser for Normal to Oily Skin 236ml - France,Default Title,Cerave,3337875597197,cerave-foaming-cleanser-for-normal-to-oily-skin-236ml-france,active,7489615233089,41918051713089
CE022_1,Lotions & Moisturizers,Health & Beauty > Personal Care > Cosmetics > Skin Care > Lotions & Moisturizers,Cream,Cerave SA Smoothing Cream for Rough and Bumpy Skin 177ml,Default Title,Cerave,3337875684095,cerave-sa-smoothing-cream-for-rough-and-bumpy-skin-177ml,draft,7489615265857,41918051745857
CE023_1,Lotions & Moisturizers,Health & Beauty > Personal Care > Cosmetics > Skin Care > Lotions & Moisturizers,Cream,Cerave Moisturizing Cream For Dry To Very Dry Skin 177ml,Default Title,Cerave,3337875598996,cerave-moisturizing-cream-for-dry-to-very-dry-skin-177ml,draft,7489615298625,41918051778625
CE024_1,Facial Cleansers,Health & Beauty > Personal Care > Cosmetics > Skin Care > Facial Cleansers,Liquid,Cerave Acne Control Cleanser 355ml,Default Title,Cerave,3606000611467,cerave-acne-control-cleanser-355ml,active,7489615331393,41918051811393
CE025_1,Facial Cleansers,Health & Beauty > Personal Care > Cosmetics > Skin Care > Facial Cleansers,Liquid,Cerave Hydrating Micellar Water 296ml,Default Title,Cerave,3606000570917,cerave-hydrating-micellar-water-296ml,active,7489615364161,41918051844161
CE026_1,Facial Cleansers,Health & Beauty > Personal Care > Cosmetics > Skin Care > Facial Cleansers,Liquid,Cerave SA Smoothing Cleanser 473ml - Canada,Default Title,Cerave,3606000569270,cerave-sa-smoothing-cleanser-473ml-canada,active,7489615396929,41918051876929
CE026_2,Facial Cleansers,Health & Beauty > Personal Care > Cosmetics > Skin Care > Facial Cleansers,Liquid,Cerave SA Smoothing Cleanser 473ml - Germany,Default Title,Cerave,3337875795456,cerave-sa-smoothing-cleanser-473ml-germany,active,7685646319681,42976953270337
CE027_1,Facial Cleansers,Health & Beauty > Personal Care > Cosmetics > Skin Care > Facial Cleansers,Liquid,Cerave Foaming Cleanser 562ml,Default Title,Cerave,3606000552593,cerave-foaming-cleanser-562ml,active,7489615429697,41918051909697
CE028_1,Lotions & Moisturizers,Health & Beauty > Personal Care > Cosmetics > Skin Care > Lotions & Moisturizers,Lotion,Cerave Daily Moisturizing Lotion 355ml,Default Title,Cerave,3606000537415,cerave-daily-moisturizing-lotion-355ml,active,7489615462465,41918051942465
CE028_2,Lotions & Moisturizers,Health & Beauty > Personal Care > Cosmetics > Skin Care > Lotions & Moisturizers,Lotion,Cerave Daily Moisturizing Lotion 355ml - USA,Default Title,Cerave,3606000537743,cerave-daily-moisturizing-lotion-355ml-usa,active,7544493539393,42096193929281
CE029_1,Lotions & Moisturizers,Health & Beauty > Personal Care > Cosmetics > Skin Care > Lotions & Moisturizers,Lotion,Cerave Moisturizing Lotion 562ml,Default Title,Cerave,3606000597006,cerave-moisturizing-lotion-562ml,active,7489615495233,41918051975233
CE029_2,Lotions & Moisturizers,Health & Beauty > Personal Care > Cosmetics > Skin Care > Lotions & Moisturizers,Liquid,Cerave Moisturizing Lotion 562ml,Default Title,Cerave,065519351661,cerave-moisturizing-lotion-562ml-2,active,7602923503681,42295050993729
CE03_1,Facial Cleansers,Health & Beauty > Personal Care > Cosmetics > Skin Care > Facial Cleansers,Gel,Cerave SA Cleanser 237ml,Default Title,Cerave,3606000532076,cerave-sa-cleanser-237ml,active,7489615528001,41918052008001
CE03_2,Facial Cleansers,Health & Beauty > Personal Care > Cosmetics > Skin Care > Facial Cleansers,Gel,Cerave SA Smoothing Cleanser 236ml,Default Title,Cerave,No Barcode,cerave-sa-smoothing-cleanser-236ml-2,draft,7636717830209,42404936843329
CE030_1,Lotions & Moisturizers,Health & Beauty > Personal Care > Cosmetics > Skin Care > Lotions & Moisturizers,Lotion,Cerave Itch Relief Moisturizing Lotion 237ml,Default Title,Cerave,3606000570672,cerave-itch-relief-moisturizing-lotion-237ml,draft,7489615560769,41918052040769
CE031_1,Lotions & Moisturizers,Health & Beauty > Personal Care > Cosmetics > Skin Care > Lotions & Moisturizers,Cream,Cerave Itch Relief Moisturizing Cream 340g,Default Title,Cerave,3606000569034,cerave-itch-relief-moisturizing-cream-340g,active,7489615593537,41918052106305
CE05_1,Uncategorized,Uncategorized,Cream,Cerave SA Smoothing Cream 340ml,Default Title,Cerave,3337875684101,cerave-sa-smoothing-cream-340ml,active,7489615626305,41918052139073
CE06_1,Lotions & Moisturizers,Health & Beauty > Personal Care > Cosmetics > Skin Care > Lotions & Moisturizers,Lotion,Cetaphil Baby Daily Lotion 400ml,Default Title,Cetaphil,772618085006,cetaphil-baby-daily-lotion-400ml,draft,7525106450497,42046104207425
CE06_2,Lotions & Moisturizers,Health & Beauty > Personal Care > Cosmetics > Skin Care > Lotions & Moisturizers,Lotion,Cetaphil Baby Daily Lotion 400ml,Default Title,Cetaphil,772618080711,cetaphil-baby-daily-lotion-400ml-2,draft,7537280909377,42078651547713
CE069_1,Lotions & Moisturizers,Health & Beauty > Personal Care > Cosmetics > Skin Care > Lotions & Moisturizers,Cream,Cetaphil Soothing Gel Cream Dry Skin 453ml,Default Title,Cetaphil,772618090567,cetaphil-soothing-gel-cream-dry-skin-453ml,active,7489615691841,41918052171841
CE08_1,Facial Cleansers,Health & Beauty > Personal Care > Cosmetics > Skin Care > Facial Cleansers,Liquid,Cerave Hydrating Facial Cleanser 355ml,Default Title,Cerave,3606000537590,cerave-hydrating-facial-cleanser-355ml,active,7489615724609,41918052204609
CE08_2,Facial Cleansers,Health & Beauty > Personal Care > Cosmetics > Skin Care > Facial Cleansers,Liquid,Cerave Hydrating Facial Cleanser 355ml - USA,Default Title,Cerave,3606000537699,cerave-hydrating-facial-cleanser-355ml-usa,active,7544485969985,42096181149761
CE089_1,Facial Cleansers,Health & Beauty > Personal Care > Cosmetics > Skin Care > Facial Cleansers,Liquid,Cerave Foaming Facial Cleanser For Normal To Oily Skin 237ml,Default Title,Cerave,3606000552876,cerave-foaming-facial-cleanser-for-normal-to-oily-skin-237ml,active,7591879770177,42256226779201
CE090_1,Lotions & Moisturizers,Health & Beauty > Personal Care > Cosmetics > Skin Care > Lotions & Moisturizers,LiquidGel,Cerave Intensive Moisturizing Body Lotion for Dry to Very Dry Skin + Itch Relief 237ml,Default Title,Cerave,3606000620964,cerave-intensive-moisturizing-body-lotion-for-dry-to-very-dry-skin-itch-relief-237ml,active,7591882063937,42256233300033
CE090_2,Lotions & Moisturizers,Health & Beauty > Personal Care > Cosmetics > Skin Care > Lotions & Moisturizers,LiquidGel,Cerave Intensive Moisturizing Body Lotion for Dry to Very Dry Skin + Itch Relief 237ml,Default Title,Cerave,3337875904292,cerave-intensive-moisturizing-body-lotion-for-dry-to-very-dry-skin-itch-relief-237ml-2,active,7681085931585,42955344707649
CE10_1,Diaper Rash Treatments,Baby & Toddler > Diapering > Diaper Rash Treatments,Cream,Cetaphil Baby Diaper Rash Cream 70g,Default Title,Cetaphil,772618090529,cetaphil-baby-diaper-rash-cream-70g,draft,7489615790145,41918052270145
CE101_1,Sunscreen,Health & Beauty > Personal Care > Cosmetics > Skin Care > Sunscreen,Lotion,Cerave Ultra-Light Moisturizing Lotion SPF30 50ml,Default Title,Cerave,3606000511323,cerave-ultra-light-moisturizing-lotion-spf30-50ml,active,7489615822913,41918052302913
CE102_1,Sunscreen,Health & Beauty > Personal Care > Cosmetics > Skin Care > Sunscreen,Lotion,Cerave Hydrating Mineral Sunscreen SPF 50 75ml,Default Title,Cerave,3606000514959,cerave-hydrating-mineral-sunscreen-spf-50-75ml,draft,7489615855681,41918052335681
CE103_1,Lotions & Moisturizers,Health & Beauty > Personal Care > Cosmetics > Skin Care > Lotions & Moisturizers,Cream,Cetaphil Soothing and Comforting Facial Cream 45ml,Default Title,Cetaphil,3499320014168,cetaphil-soothing-and-comforting-facial-cream-45ml,draft,7489615888449,41918052368449
CE105_1,Lotions & Moisturizers,Health & Beauty > Personal Care > Cosmetics > Skin Care > Lotions & Moisturizers,Cream,Cetaphil Moisturizing Cream 85g,Default Title,Cetaphil,772618080957,cetaphil-moisturizing-cream-85g,draft,7489615921217,41918052401217
CE106_1,Baby Health,Baby & Toddler > Baby Health,Lotion,Cerave Baby Healing Ointment 85g,Default Title,Cerave,3606000570719,cerave-baby-healing-ointment-85g,active,7489615953985,41918052433985
ce107,Uncategorized,Uncategorized,,Cerave Moisturising Lotion 88ml,,,3337875597364,,,erp-ce107,erp-ce107
CE107_1,Lotions & Moisturizers,Health & Beauty > Personal Care > Cosmetics > Skin Care > Lotions & Moisturizers,Lotion,Cerave Moisturising Lotion 88ml,Default Title,Cerave,3337875597364,cerave-moisturising-lotion-88ml,active,7489615986753,41918052466753
CE108_1,Lotions & Moisturizers,Health & Beauty > Personal Care > Cosmetics > Skin Care > Lotions & Moisturizers,Cream,Cerave Moisturizing Cream for Normal Dry Skin 539g - USA,Default Title,Cerave,065519924568,cerave-moisturizing-cream-for-normal-dry-skin-539g-usa,active,7621399609409,42343958151233
CE108_2,Lotions & Moisturizers,Health & Beauty > Personal Care > Cosmetics > Skin Care > Lotions & Moisturizers,Cream,Cerave Moisturizing Cream for Normal Dry Skin 539g,Default Title,Cerave,3606000537330,cerave-moisturizing-cream-for-normal-dry-skin-539g-2,active,7775616467009,43275027841089
CE11_1,Baby Health & Grooming Kits,Baby & Toddler > Baby Health > Baby Health & Grooming Kits,Cream,Cerave Baby Moisturizing Cream 142g,Default Title,Cerave,3606000570955,cerave-baby-moisturizing-cream-142g,active,7489616052289,41918052532289
CE110_1,Shampoo,Health & Beauty > Personal Care > Hair Care > Shampoo & Conditioner > Shampoo,Liquid,Cerave Anti-Dandruff Hydrating Shampoo 355ml,Default Title,Cerave,3606000637962,cerave-anti-dandruff-hydrating-shampoo-355ml,active,7545244614721,42098019369025
CE110_2,Shampoo,Health & Beauty > Personal Care > Hair Care > Shampoo & Conditioner > Shampoo,Liquid,Cerave Anti-Dandruff Hydrating Shampoo 355ml - USA,Default Title,Cerave,065519356048,cerave-anti-dandruff-hydrating-shampoo-355ml-usa,active,7602992021569,42295246749761
CE111_1,Shampoo,Health & Beauty > Personal Care > Hair Care > Shampoo & Conditioner > Shampoo,Liquid,Cerave Gentle Hydration Shampoo 355ml,Default Title,Cerave,3606000637986,cerave-gentle-hydration-shampoo-355ml,active,7544533975105,42096294297665
CE112_1,Shampoo & Conditioner Sets,Health & Beauty > Personal Care > Hair Care > Shampoo & Conditioner > Shampoo & Conditioner Sets,Cream,Cerave Anti-Dandruff 2 in1 Shampoo and Conditioner 355ml,Default Title,Cerave,3606000637948,cerave-anti-dandruff-2-in1-shampoo-and-conditioner-355ml,active,7544520310849,42096279617601
CE112_2,Shampoo & Conditioner Sets,Health & Beauty > Personal Care > Hair Care > Shampoo & Conditioner > Shampoo & Conditioner Sets,Cream,Cerave Anti-Dandruff 2 in1 Shampoo and Conditioner 355ml,Default Title,Cerave,No Barcode,cerave-anti-dandruff-2-in1-shampoo-and-conditioner-355ml-1,draft,7775616991297,43275030003777
CE113_1,Conditioners,Health & Beauty > Personal Care > Hair Care > Shampoo & Conditioner > Conditioners,,Cerave Anti-Dandruff Hydrating Conditioner 266ml,Default Title,Cerave,3606000638006,cerave-anti-dandruff-hydrating-conditioner-266ml,active,7544584142913,42096369565761
CE113_2,Conditioners,Health & Beauty > Personal Care > Hair Care > Shampoo & Conditioner > Conditioners,,Cerave Anti-Dandruff Hydrating Conditioner 266ml,Default Title,Cerave,No Barcode,cerave-anti-dandruff-hydrating-conditioner-266ml-1,draft,7636719730753,42404940480577
CE115_1,Lotions & Moisturizers,Health & Beauty > Personal Care > Cosmetics > Skin Care > Lotions & Moisturizers,Lotion,Cerave Intensive Moisturizing Lotion 355ml,Default Title,Cerave,3606000620988,cerave-intensive-moisturizing-lotion-355ml,active,7489616085057,41918052565057
CE12_1,Skin Care,Health & Beauty > Personal Care > Cosmetics > Skin Care,Liquid,Cetaphil Gentle Skin Cleanser for Normal to Dry Skin 236ml,Default Title,Cetaphil,5020465202554,cetaphil-gentle-skin-cleanser-for-normal-to-dry-skin-236ml,active,7489616117825,41918052597825
CE13_1,Facial Cleansers,Health & Beauty > Personal Care > Cosmetics > Skin Care > Facial Cleansers,Liquid,Cetaphil Oily Skin Cleanser 236ml,Default Title,Cetaphil,5020465202578,cetaphil-oily-skin-cleanser-236ml,active,7489616150593,41918052630593
CE13_2,Facial Cleansers,Health & Beauty > Personal Care > Cosmetics > Skin Care > Facial Cleansers,Liquid,Cetaphil Oily Skin Cleanser 236ml,Default Title,Cetaphil,772618532067,cetaphil-oily-skin-cleanser-236ml-1,active,7951374057537,44117474607169
CE14_1,Baby Health & Grooming Kits,Baby & Toddler > Baby Health > Baby Health & Grooming Kits,Oil,Cetaphil Baby Massage Oil 200ml,Default Title,Cetaphil,9318637043323,cetaphil-baby-massage-oil-200ml,draft,7489616183361,41918052663361
CE15_1,Baby Bathing,Baby & Toddler > Baby Bathing,Liquid,Cetaphil Baby Gentle Wash and Shampoo 230ml,Default Title,Cetaphil,772618080704,cetaphil-baby-gentle-wash-and-shampoo-230ml,active,7525020041281,42045494034497
CE15_2,Baby Bathing,Baby & Toddler > Baby Bathing,Liquid,Cetaphil Baby Gentle Wash and Shampoo 230ml,Default Title,Cetaphil,772618084009,cetaphil-baby-gentle-wash-and-shampoo-230ml-2,draft,7537313153089,42078699814977
CE16_1,Facial Cleansers,Health & Beauty > Personal Care > Cosmetics > Skin Care > Facial Cleansers,Liquid,Cetaphil Extra Gentle Daily Scrub 178ml,Default Title,Cetaphil,772618075250,cetaphil-extra-gentle-daily-scrub-178ml,active,7489616248897,41918052696129
CE18_1,Face Moisturizers,Health & Beauty > Personal Care > Cosmetics > Skin Care > Face Moisturizers,Cream,Cetaphil Daily Facial Moisturizer SPF 50 50ml,Default Title,Cetaphil,772618070507,cetaphil-daily-facial-moisturizer-spf-50-50ml,draft,7489616314433,41918052794433
CE19_1,Face Serums,Health & Beauty > Personal Care > Cosmetics > Skin Care > Face Serums,Serum,Cetaphil Optimal Hydration Illuminating Lotion Serum 30ml,Default Title,Cetaphil,772618090482,cetaphil-optimal-hydration-illuminating-lotion-serum-30ml,active,7489616347201,41918052827201
CE200_1,Face Moisturizers,Health & Beauty > Personal Care > Cosmetics > Skin Care > Face Moisturizers,LiquidGel,Cerave AM SPF50 Facial Moisturising Lotion 52ml,Default Title,Cerave,3337875814652,cerave-am-spf50-facial-moisturising-lotion-52ml,active,7552080904257,42118901301313
CE21_1,Eye Creams,Health & Beauty > Personal Care > Cosmetics > Skin Care > Eye Creams,Serum,Cetaphil Optimal Hydration Eye Serum 14g,Default Title,Cetaphil,772618075304,cetaphil-optimal-hydration-eye-serum-14g,draft,7489616412737,41918052892737
CE22_1,Facial Cleansers,Health & Beauty > Personal Care > Cosmetics > Skin Care > Facial Cleansers,Liquid,Cetaphil Healthy Radiance Gentle Renewing Cleanser 100g - Canada,Default Title,Cetaphil,772618845280,cetaphil-healthy-radiance-gentle-renewing-cleanser-100g-canada,active,7489616445505,41918052925505
CE22_2,Facial Cleansers,Health & Beauty > Personal Care > Cosmetics > Skin Care > Facial Cleansers,Liquid,Cetaphil Healthy Radiance Gentle Renewing Cleanser 100g - Korea,Default Title,Cetaphil,3499320011556,cetaphil-healthy-radiance-gentle-renewing-cleanser-100g-korea,active,8066255683649,44529713414209
CE23_1,Lotions & Moisturizers,Health & Beauty > Personal Care > Cosmetics > Skin Care > Lotions & Moisturizers,Lotion,Cetaphil Daily Hydrating Lotion 88ml,Default Title,Cetaphil,772618096002,cetaphil-daily-hydrating-lotion-88ml,active,7489616478273,41918052958273
CE24_1,Facial Cleansers,Health & Beauty > Personal Care > Cosmetics > Skin Care > Facial Cleansers,Liquid,Cetaphil Derma Control Oil Control Foam Wash 236ml,Default Title,Cetaphil,302993931188,cetaphil-derma-control-oil-control-foam-wash-236ml,draft,7525972410433,42047888982081
CE24_2,Facial Cleansers,Health & Beauty > Personal Care > Cosmetics > Skin Care > Facial Cleansers,Liquid,Cetaphil Derma Control Oil Control Foam Wash 236ml,Default Title,Cetaphil,772618252408,cetaphil-derma-control-oil-control-foam-wash-236ml-2,active,7537336352833,42078723145793
CE25_1,Facial Cleansers,Health & Beauty > Personal Care > Cosmetics > Skin Care > Facial Cleansers,Liquid,Cetaphil Gentle SA Cleanser 124ml,Default Title,Cetaphil,772618836592,cetaphil-gentle-sa-cleanser-124ml,active,7489616543809,41918052991041
CE26_1,Facial Cleansers,Health & Beauty > Personal Care > Cosmetics > Skin Care > Facial Cleansers,Lotion,Cetaphil Hydrating Cream-to-Foam Cleanser 473ml,Default Title,Cetaphil,772618528411,cetaphil-hydrating-cream-to-foam-cleanser-473ml,active,7489616576577,41918053023809
CE27_1,Uncategorized,Uncategorized,,Cetaphil Healthy Radiance Brightening C Serum 30ml - Korea,,Cetaphil,772618845303,,,erp-CE27_1,erp-CE27_1
CE28_1,Face Moisturizers,Health & Beauty > Personal Care > Cosmetics > Skin Care > Face Moisturizers,Cream,Cetaphil Gentle SA Moisturizer 89ml,Default Title,Cetaphil,772618836608,cetaphil-gentle-sa-moisturizer-89ml,draft,7489616642113,41918053089345
CE29_1,Acne Treatments & Kits,Health & Beauty > Personal Care > Cosmetics > Skin Care > Acne Treatments & Kits,Serum,Cetaphil Gentle SA Acne Treatment Serum 30ml,Default Title,Cetaphil,772618321784,cetaphil-gentle-sa-acne-treatment-serum-30ml,draft,7525952651329,42047834652737
CE29_2,Acne Treatments & Kits,Health & Beauty > Personal Care > Cosmetics > Skin Care > Acne Treatments & Kits,Serum,Cetaphil Gentle SA Acne Treatment Serum 30ml,Default Title,Cetaphil,772618843897,cetaphil-gentle-sa-acne-treatment-serum-30ml-2,draft,7537360928833,42078752145473
CE30_1,Face Moisturizers,Health & Beauty > Personal Care > Cosmetics > Skin Care > Face Moisturizers,Cream,Cetaphil Optimal Hydration Daily Glow Cream 48g,Default Title,Cetaphil,772618090444,cetaphil-optimal-hydration-daily-glow-cream-48g,draft,7489616707649,41918053122113
CE31_1,Face Moisturizers,Health & Beauty > Personal Care > Cosmetics > Skin Care > Face Moisturizers,Cream,Cetaphil Dermacontrol Oil Control Moisturizer SPF 30 120ml,Default Title,Cetaphil,772618251203,cetaphil-dermacontrol-oil-control-moisturizer-spf-30-120ml,draft,7489616740417,41918053154881
CE32_1,Lotions & Moisturizers,Health & Beauty > Personal Care > Cosmetics > Skin Care > Lotions & Moisturizers,Cream,Cetaphil Restoraderm Flare-Up Eczema Cream 227g,Default Title,Cetaphil,772618530247,cetaphil-restoraderm-flare-up-eczema-cream-227g,draft,7489616773185,41918053187649
CE33_1,Lotions & Moisturizers,Health & Beauty > Personal Care > Cosmetics > Skin Care > Lotions & Moisturizers,Cream,Cerave Therapeutic Hand Cream 85g,Default Title,Cerave,3606000538054,cerave-therapeutic-hand-cream-85g,draft,7489616805953,41918053220417
CE34_1,Facial Cleansers,Health & Beauty > Personal Care > Cosmetics > Skin Care > Facial Cleansers,Liquid,Cetaphil Gentle Skin Cleanser All Skin Type 236ml,Default Title,Cetaphil,3499320015431,cetaphil-gentle-skin-cleanser-all-skin-type-236ml,active,7900843278401,43934281465921
CE36_1,Uncategorized,Uncategorized,,Cerave SA Smoothing Cleanser 236ml,,Cerave,3337875684118,,,erp-CE36_1,erp-CE36_1
CE50_1,Face Moisturizers,Health & Beauty > Personal Care > Cosmetics > Skin Care > Face Moisturizers,Cream,Cetaphil Daily Facial Moisturizer SPF 15 120ml,Default Title,Cetaphil,772618081251,cetaphil-daily-facial-moisturizer-spf-15-120ml,draft,7525924962369,42047735070785
CE50_2,Face Moisturizers,Health & Beauty > Personal Care > Cosmetics > Skin Care > Face Moisturizers,Cream,Cetaphil Daily Facial Moisturizer SPF 15 120ml,Default Title,Cetaphil,772618081206,cetaphil-daily-facial-moisturizer-spf-15-120ml-2,draft,7539022692417,42081255456833
CE56_1,Lotions & Moisturizers,Health & Beauty > Personal Care > Cosmetics > Skin Care > Lotions & Moisturizers,Gel,Cerave Ultra-Light Moisturizing Gel 52ml,Default Title,Cerave,3606000609730,cerave-ultra-light-moisturizing-gel-52ml,active,7489616871489,41918053253185
CE57_1,Eye Creams,Health & Beauty > Personal Care > Cosmetics > Skin Care > Eye Creams,Cream,Cerave Skin Renewing Eye Cream 15ml,Default Title,Cerave,3606000610569,cerave-skin-renewing-eye-cream-15ml-1,active,7524716544065,42044439068737
CE58_1,Acne Treatments & Kits,Health & Beauty > Personal Care > Cosmetics > Skin Care > Acne Treatments & Kits,Gel,Cerave Acne Control Gel 40ml,Default Title,Cerave,3606000577732,cerave-acne-control-gel-40ml,active,7524674568257,42044317466689
CE58_2,Acne Treatments & Kits,Health & Beauty > Personal Care > Cosmetics > Skin Care > Acne Treatments & Kits,Gel,Cerave Acne Control Gel 40ml - USA,Default Title,Cerave,3606000575172,cerave-acne-control-gel-40ml-usa,active,7539032162369,42081285963841
CE60_1,Face Moisturizers,Health & Beauty > Personal Care > Cosmetics > Skin Care > Face Moisturizers,Cream,Cetaphil Redness Relieving Night Moisturizer 50g,Default Title,Cetaphil,302993889045,cetaphil-redness-relieving-night-moisturizer-50g,active,7489617002561,41918053318721
CE61_1,Lotions & Moisturizers,Health & Beauty > Personal Care > Cosmetics > Skin Care > Lotions & Moisturizers,Lotion,Cetaphil Moisturizing Lotion 60ml,Default Title,Cetaphil,772618047202,cetaphil-moisturizing-lotion-60ml,active,7489617035329,41918053351489
CE62_1,Lotions & Moisturizers,Health & Beauty > Personal Care > Cosmetics > Skin Care > Lotions & Moisturizers,Cream,Cerave Renewing SA Cream 340g,Default Title,Cerave,3606000538078,cerave-renewing-sa-cream-340g,draft,7489617068097,41918053384257
CE63_1,Facial Cleansers,Health & Beauty > Personal Care > Cosmetics > Skin Care > Facial Cleansers,Liquid,Cetaphil Pro Cleansing Wash 236ml,Default Title,Cetaphil,5020465201816,cetaphil-pro-cleansing-wash-236ml,draft,7489617100865,41918053417025
CE64_1,Toners,Health & Beauty > Personal Care > Cosmetics > Skin Care > Toners & Astringents > Toners,Liquid,Cerave Hydrating Toner 200ml,Default Title,Cerave,3606000614932,cerave-hydrating-toner-200ml,active,7489617133633,41918053449793
CE65_1,Baby Bathing,Baby & Toddler > Baby Bathing,Liquid,Cetaphil Baby Wash & Shampoo For Sensitive Skin 400ml,Default Title,Cetaphil,772618080810,cetaphil-baby-wash-shampoo-for-sensitive-skin-400ml,active,7525115658305,42046164238401
CE65_2,Baby Bathing,Baby & Toddler > Baby Bathing,Liquid,Cetaphil Baby Wash & Shampoo For Sensitive Skin 400ml,Default Title,Cetaphil,772618087505,cetaphil-baby-wash-shampoo-for-sensitive-skin-400ml-2,draft,7539038748737,42081307623489
CE66_1,Facial Cleansers,Health & Beauty > Personal Care > Cosmetics > Skin Care > Facial Cleansers,Oil,Cerave Hydrating Foaming Oil Cleanser 236ml,Default Title,Cerave,3337875773430,cerave-hydrating-foaming-oil-cleanser-236ml,active,7489617199169,41918053482561
CE67_1,Facial Cleansers,Health & Beauty > Personal Care > Cosmetics > Skin Care > Facial Cleansers,Liquid,Cetaphil Gentle Skin Cleanser 60ml,Default Title,Cetaphil,772618047103,cetaphil-gentle-skin-cleanser-60ml,active,7489617231937,41918053515329
CE68_1,Lotions & Moisturizers,Health & Beauty > Personal Care > Cosmetics > Skin Care > Lotions & Moisturizers,Cream,Cerave Moisturizing Cream 57g,Default Title,Cerave,3606000537323,cerave-moisturizing-cream-57g,active,7489617264705,41918053548097
CE69_1,Lotions & Moisturizers,Health & Beauty > Personal Care > Cosmetics > Skin Care > Lotions & Moisturizers,Cream,Cerave Moisturizing Cream Normal to Dry Skin 227ml,Default Title,Cerave,3606000552555,cerave-moisturizing-cream-normal-to-dry-skin-227ml,active,7489617297473,41918053580865
CE70_1,Facial Cleansers,Health & Beauty > Personal Care > Cosmetics > Skin Care > Facial Cleansers,Cream,Cerave Hydrating Cream-to-Foam Cleanser 355ml,Default Title,Cerave,3606000569072,cerave-hydrating-cream-to-foam-cleanser-355ml,active,7489617330241,41918053613633
CE77_1,Lotions & Moisturizers,Health & Beauty > Personal Care > Cosmetics > Skin Care > Lotions & Moisturizers,Cream,Cerave Healing Ointment 85g,Default Title,Cerave,3606000612303,cerave-healing-ointment-85g,active,7489617363009,41918053646401
CE78_1,Lotions & Moisturizers,Health & Beauty > Personal Care > Cosmetics > Skin Care > Lotions & Moisturizers,Cream,Cetaphil Optimal Hydration Skin Restoring Water Gel 48g,Default Title,Cetaphil,772618841770,cetaphil-optimal-hydration-skin-restoring-water-gel-48g,draft,7489617395777,41918053679169
CE79_1,Facial Cleansers,Health & Beauty > Personal Care > Cosmetics > Skin Care > Facial Cleansers,Liquid,Cetaphil Hydrating Cream-to-Foam Cleanser 236ml,Default Title,Cetaphil,772618528404,cetaphil-hydrating-cream-to-foam-cleanser-236ml,active,7489617428545,41918053711937
CE80_1,Lotions & Moisturizers,Health & Beauty > Personal Care > Cosmetics > Skin Care > Lotions & Moisturizers,Lotion,Cetaphil Daily Advance Ultra Hydrating Lotion 225g,Default Title,Cetaphil,3600524049096,cetaphil-daily-advance-ultra-hydrating-lotion-225g,draft,7525926338625,42047738019905
CE80_2,Uncategorized,Uncategorized,,Cetaphil Daily Advance Ultra Hydrating Lotion 225g #2,,,772618072259,,,erp-CE80_2,erp-CE80_2
CE82_1,Lotions & Moisturizers,Health & Beauty > Personal Care > Cosmetics > Skin Care > Lotions & Moisturizers,Lotion,Cetaphil Baby Shea Butter Daily Lotion 400ml,Default Title,Cetaphil,772618083187,cetaphil-baby-shea-butter-daily-lotion-400ml,active,7525974376513,42047898910785
CE82_2,Lotions & Moisturizers,Health & Beauty > Personal Care > Cosmetics > Skin Care > Lotions & Moisturizers,Lotion,Cetaphil Baby Shea Butter Daily Lotion 400ml,Default Title,Cetaphil,9318637043316,cetaphil-baby-shea-butter-daily-lotion-400ml-2,active,7775641632833,43275152228417
CE83_1,Toners,Health & Beauty > Personal Care > Cosmetics > Skin Care > Toners & Astringents > Toners,Liquid,Cetaphil Healthy Radiance Hydrating Toner 150ml,Default Title,Cetaphil,772618845310,cetaphil-healthy-radiance-hydrating-toner-150ml,active,7489617526849,41918053744705
CE84_1,Lotions & Moisturizers,Health & Beauty > Personal Care > Cosmetics > Skin Care > Lotions & Moisturizers,Cream,Cetaphil Moisturizing Cream Very Dry to Normal 453g,Default Title,Cetaphil,,cetaphil-moisturizing-cream-very-dry-to-normal-453g,active,7489617559617,41918053777473
CE87_1,Lotions & Moisturizers,Health & Beauty > Personal Care > Cosmetics > Skin Care > Lotions & Moisturizers,Lotion,Cetaphil Moisturizing Lotion Normal to Dry Sensitive Skin 473ml,Default Title,Cetaphil,5020465202615,cetaphil-moisturizing-lotion-normal-to-dry-sensitive-skin-473ml,draft,7489617592385,41918053810241
CE89_1,Baby Bathing,Baby & Toddler > Baby Bathing,Liquid,Cetaphil Baby Moisturizing Bath and Wash 230ml,Default Title,Cetaphil,772618080735,cetaphil-baby-moisturizing-bath-and-wash-230ml,draft,7489617625153,41918053843009
CE93_1,Face Moisturizers,Health & Beauty > Personal Care > Cosmetics > Skin Care > Face Moisturizers,Lotion,Cerave Facial Moisturizing Lotion PM 59ml,Default Title,Cerave,3606000552753,cerave-facial-moisturizing-lotion-pm-59ml,active,7489617657921,41918053875777
CE95_1,Facial Cleansers,Health & Beauty > Personal Care > Cosmetics > Skin Care > Facial Cleansers,,Cetaphil Oily Skin Cleanser Combination to Oily Skin Sensitive Skin 473ml,Default Title,Cetaphil,5020465202769,cetaphil-oily-skin-cleanser-combination-to-oily-skin-sensitive-skin-473ml,active,7489617690689,41918053908545
CE96_1,Face Moisturizers,Health & Beauty > Personal Care > Cosmetics > Skin Care > Face Moisturizers,Cream,Cetaphil Healthy Radiance Brightening Cream 50g - Korea,Default Title,Cetaphil,772618848205,cetaphil-healthy-radiance-brightening-cream-50g-korea,active,7489617723457,41918053941313
CE96_2,Face Moisturizers,Health & Beauty > Personal Care > Cosmetics > Skin Care > Face Moisturizers,Cream,Cetaphil Healthy Radiance Brightening Cream 50g - Canada,Default Title,Cetaphil,772618845297,cetaphil-healthy-radiance-brightening-cream-50g-2,draft,7544492884033,42096192847937
CE98_1,Baby Bathing,Baby & Toddler > Baby Bathing,Liquid,Cetaphil Baby Gentle Wash and Shampoo 400ml,Default Title,Cetaphil,9318637044009,cetaphil-baby-gentle-wash-and-shampoo-400ml,draft,7489617756225,41918053974081
CE99_1,Lotions & Moisturizers,Health & Beauty > Personal Care > Cosmetics > Skin Care > Lotions & Moisturizers,Lotion,Cetaphil Moisturising Lotion 1L,Default Title,Cetaphil,9318637042289,cetaphil-moisturising-lotion-1l,draft,7489617788993,41918054006849
CEA01_1,Facial Cleansers,Health & Beauty > Personal Care > Cosmetics > Skin Care > Facial Cleansers,Liquid,Cerave Acne Control Cleanser 236ml - USA,Default Title,Cerave,3606000577138,cerave-acne-control-cleanser-236ml-usa,active,7524635770945,42044236562497
CEA01_2,Facial Cleansers,Health & Beauty > Personal Care > Cosmetics > Skin Care > Facial Cleansers,Liquid,Cerave Acne Control Cleanser 236ml - USA,Default Title,Cerave,3606000602946,cerave-acne-control-cleanser-236ml-2,active,7539054018625,42081339441217
CEA06_1,Face Moisturizers,Health & Beauty > Personal Care > Cosmetics > Skin Care > Face Moisturizers,Lotion,Cerave AM SPF30 Facial Moisturizing Lotion 52ml - France,Default Title,Cerave,3337875840620,cerave-am-spf30-facial-moisturizing-lotion-52ml-france,active,7525076303937,42045817552961
CEA06_2,Face Moisturizers,Health & Beauty > Personal Care > Cosmetics > Skin Care > Face Moisturizers,Lotion,Cerave AM Facial Moisturizing Lotion 52ml,Default Title,Cerave,No Barcode,cerave-am-facial-moisturizing-lotion-52ml-1,draft,7636722221121,42404943298625
CEA07_1,Sunscreen,Health & Beauty > Personal Care > Cosmetics > Skin Care > Sunscreen,Lotion,Cerave AM Facial Moisturizing Lotion SPF 30 59ml - USA,Default Title,Cerave,3606000552715,cerave-am-facial-moisturizing-lotion-spf-30-59ml-usa,active,7489617887297,41918054039617
CEA07_2,Sunscreen,Health & Beauty > Personal Care > Cosmetics > Skin Care > Sunscreen,Lotion,Cerave AM Facial Moisturizing Lotion SPF 30 59ml - USA,Default Title,Cerave,3606000603424,cerave-am-facial-moisturizing-lotion-spf-30-59ml-2,active,7544491606081,42096189341761
CEA08_1,Face Moisturizers,Health & Beauty > Personal Care > Cosmetics > Skin Care > Face Moisturizers,Lotion,Cerave Facial Moisturizing Lotion With SPF 50 89ml,Default Title,Cerave,3606000612655,cerave-facial-moisturizing-lotion-with-spf-50-89ml,active,7896335253569,43909410095169
CEB01_1,Baby Health & Grooming Kits,Baby & Toddler > Baby Health > Baby Health & Grooming Kits,,CeraVe Baby Moisturizing Lotion 237ml,Default Title,Cerave,3606000570832,cerave-baby-moisturizing-lotion-237ml,active,7526420938817,42049290534977
CEB02_1,Tummy Tubs,Baby & Toddler > Baby Bathing > Baby Bathtubs & Bath Seats > Tummy Tubs,,CeraVe Baby Wash and Shampoo 237ml,Default Title,Cerave,3606000570757,cerave-baby-wash-and-shampoo-237ml,active,7526424608833,42049315864641
CECT01_1,Face Moisturizers,Health & Beauty > Personal Care > Cosmetics > Skin Care > Face Moisturizers,Cream,Centella Probio Cica Enrich Cream 50ml,Default Title,Centella,8809576261769,centella-probio-cica-enrich-cream-50ml,draft,7544588894273,42096383066177
CECT02_1,Toners,Health & Beauty > Personal Care > Cosmetics > Skin Care > Toners & Astringents > Toners,Liquid,Centella Tone Brightening Boosting Toner 210ml,Default Title,Centella,8809576261165,centella-tone-brightening-boosting-toner-210ml,draft,7552048726081,42118736969793
CECT03_1,Sunscreen,Health & Beauty > Personal Care > Cosmetics > Skin Care > Sunscreen,Cream,Centella Tone Brightening Tone Up Sunscreen SPF50+ PA++++ 50ml,Default Title,Centella,8809576261622,centella-tone-brightening-tone-up-sunscreen-spf50-pa-50ml,active,7552049709121,42118738149441
CECT04_1,Sunscreen,Health & Beauty > Personal Care > Cosmetics > Skin Care > Sunscreen,LiquidGel,Centella Hyalu-Cica Water Fit Sun Serum SPF 50+ 50ml - Korea,Default Title,Centella,8809576261592,centella-hyalu-cica-water-fit-sun-serum-spf-50-50ml,active,7552058851393,42118791823425
CECT04_2,Sunscreen,Health & Beauty > Personal Care > Cosmetics > Skin Care > Sunscreen,LiquidGel,Centella Hyalu-Cica Water Fit Sun Serum SPF 50+ 50ml - Korea,Default Title,Centella,8809913830122,centella-hyalu-cica-water-fit-sun-serum-spf-50-50ml-korea,active,7754156867649,43201088258113
CECT05_1,Lotions & Moisturizers,Health & Beauty > Personal Care > Cosmetics > Skin Care > Lotions & Moisturizers,Liquid,Centella Tone Brightening Capsule Cream 75ml,Default Title,Centella,8809576261615,centella-tone-brightening-capsule-cream-75ml,active,7552058359873,42118782222401
CECT06_1,Lotions & Moisturizers,Health & Beauty > Personal Care > Cosmetics > Skin Care > Lotions & Moisturizers,Cream,Centella Hyalu Cica Moisture Cream 75ml,Default Title,Centella,8809576261493,centella-hyalu-cica-moisture-cream-75ml,active,7552051216449,42118746079297
CECT07_1,Facial Cleansers,Health & Beauty > Personal Care > Cosmetics > Skin Care > Facial Cleansers,LiquidGel,Centella Poremizing Deep Cleansing Foam 125ml,Default Title,Centella,8809576261653,centella-poremizing-deep-cleansing-foam-125ml,active,7552057770049,42118774882369
CECT08_1,Sunscreen,Health & Beauty > Personal Care > Cosmetics > Skin Care > Sunscreen,Cream,Centella Air-Fit-Suncream Plus SPF 50+ PA++++ 50ml,Default Title,Centella,8809576261301,centella-air-fit-suncream-plus-spf-50-pa-50ml,active,7552056262721,42118760923201
CECT09_1,Face Moisturizers,Health & Beauty > Personal Care > Cosmetics > Skin Care > Face Moisturizers,Serum,Centella Soothing Cream 75ml,Default Title,Centella,8809576261134,centella-soothing-cream-75ml,active,7552463601729,42120495562817
CEF02_1,Facial Cleansers,Health & Beauty > Personal Care > Cosmetics > Skin Care > Facial Cleansers,Liquid,Cerave Hydrating Cream to Foam Cleanser 236ml,Default Title,Cerave,No Barcode,cerave-hydrating-cream-to-foam-cleanser-236ml,draft,7489617920065,41918054072385
CEH01_1,Face Serums,Health & Beauty > Personal Care > Cosmetics > Skin Care > Face Serums,Serum,Cerave Hydrating Hyaluronic Acid Serum 30ml,Default Title,Cerave,3606000552630,cerave-hydrating-hyaluronic-acid-serum-30ml,active,7525102157889,42046069211201
CEH01_2,Face Serums,Health & Beauty > Personal Care > Cosmetics > Skin Care > Face Serums,Serum,Cerave Hydrating Hyaluronic Acid Serum 30ml - USA,Default Title,Cerave,3606000560833,cerave-hydrating-hyaluronic-acid-serum-30ml-2,active,7539066830913,42081395834945
CEH01_3,Face Serums,Health & Beauty > Personal Care > Cosmetics > Skin Care > Face Serums,Serum,Cerave Hydrating Hyaluronic Acid Serum 30ml,Default Title,Cerave,,cerave-hydrating-hyaluronic-acid-serum-30ml-3,draft,7539063849025,42081368703041
CEL002_1,Sunscreen,Health & Beauty > Personal Care > Cosmetics > Skin Care > Sunscreen,Cream,Celimax Pore+Dark Spot Brightening Care Sunscreen SPF50+ 50ml,Default Title,Celimax,8809971484510,celimax-pore-dark-spot-brightening-care-sunscreen-spf50-50ml,active,7969335148609,44155236909121
CEL01_1,Face Moisturizers,Health & Beauty > Personal Care > Cosmetics > Skin Care > Face Moisturizers,Cream,Celimax Pore + Dark Spot Brightening Cream 35ml,Default Title,Celimax,8809971484503,celimax-pore-dark-spot-brightening-cream-35ml,active,7876435509313,43755905351745
CEL02_1,Face Moisturizers,Health & Beauty > Personal Care > Cosmetics > Skin Care > Face Moisturizers,Cream,Celimax Derma Nature Long Lasting Whitening Cream with Glutathione 35ml,Default Title,Celimax,8809626564000,celimax-derma-nature-long-lasting-whitening-cream-with-glutathione-35ml,active,7983667216449,44213481472065
CEN01_1,Facial Cleansers,Health & Beauty > Personal Care > Cosmetics > Skin Care > Facial Cleansers,Gel,Centella Tone Brightening Cleansing Gel Foam 125ml,Default Title,Centella,8809576261189,centella-tone-brightening-cleansing-gel-foam-125ml,active,7754227908673,43201276346433
CEN02_1,Uncategorized,Uncategorized,,Centella Tone Brightening Capsule Ampoule 100ml,,Centella,8809576261172,,,erp-CEN02_1,erp-CEN02_1
CEN03_1,Toners,Health & Beauty > Personal Care > Cosmetics > Skin Care > Toners & Astringents > Toners,,Centella Toning Toner 210ml,Default Title,Centella,8809576261141,centella-toning-toner-210ml,draft,7791811625025,43555712925761
CEN04_1,Facial Cleansers,Health & Beauty > Personal Care > Cosmetics > Skin Care > Facial Cleansers,Liquid,Centella Ampoule Foam Cleanser 125ml,Default Title,Centella,8809576261127,centella-ampoule-foam-cleanser-125ml,active,7996108406849,44264532148289
CENT001_1,Facial Cleansers,Health & Beauty > Personal Care > Cosmetics > Skin Care > Facial Cleansers,Cream,Centella Tea Trica BHA Foam 125ml,Default Title,Centella,8809576261714,centella-tea-trica-bha-foam-125ml,draft,7637745074241,42410202136641
CENT002_1,Face Serums,Health & Beauty > Personal Care > Cosmetics > Skin Care > Face Serums,Cream,Centella Tea Trica Relief Ampoule 100ml,Default Title,Centella,8809576261677,centella-tea-trica-relief-ampoule-100ml,active,7637745926209,42410205773889
CENT003_1,Uncategorized,Uncategorized,,SKIN1004 Madagascar Centella Poremizing Clear Toner 210ml,,Centella,8809576261455,,,erp-CENT003_1,erp-CENT003_1
CENT004_1,Face Moisturizers,Health & Beauty > Personal Care > Cosmetics > Skin Care > Face Moisturizers,Gel,SKIN1004 Madagascar Centella Poremizing Light Gel Cream 75ml,Default Title,Centella,8809576261646,skin1004-madagascar-centella-poremizing-light-gel-cream-75ml,active,7876433182785,43755899813953
CENT10_1,Sunscreen,Health & Beauty > Personal Care > Cosmetics > Skin Care > Sunscreen,Gel,Centella Air - Fit Suncream Light SPF30 PA +++ 50ml,Default Title,Centella,8809576261608,centella-air-fit-suncream-light-spf30-pa-50ml,active,7572287651905,42195630096449
CENT11_1,Face Serums,Health & Beauty > Personal Care > Cosmetics > Skin Care > Face Serums,Serum,Centella Ampoule Calming Hydrating Serum 100ml,Default Title,Centella,8809576260663,centella-ampoule-calming-hydrating-serum-100ml,active,7932385525825,44062903697473
CENT12_1,Face Serums,Health & Beauty > Personal Care > Cosmetics > Skin Care > Face Serums,Serum,Centella Poremizing Fresh Ampoule 100ml,Default Title,Centella,8809576261462,centella-poremizing-fresh-ampoule-100ml,active,7981667942465,44206369833025
CENT13_1,Facial Cleansers,Health & Beauty > Personal Care > Cosmetics > Skin Care > Facial Cleansers,Oil,Centella Light Cleansing Oil 200ml,Default Title,Centella,8809576261110,centella-light-cleansing-oil-200ml,active,7981653524545,44206331494465
CENT14_1,Sunscreen,Health & Beauty > Personal Care > Cosmetics > Skin Care > Sunscreen,Cream,Centella Poremizing Velvet Finish Sunscreen SPF50+ 50ml,Default Title,Centella,8809913832485,centella-poremizing-velvet-finish-sunscreen-spf50-50ml,active,8058184630337,44488069546049
CEO01_1,Facial Cleansers,Health & Beauty > Personal Care > Cosmetics > Skin Care > Facial Cleansers,Liquid,Cetaphil Oily Skin Cleanser 250ml,Default Title,Cetaphil,772618071009,cetaphil-oily-skin-cleanser-250ml,active,7489618018369,41918054137921
CEP02_1,Lotions & Moisturizers,Health & Beauty > Personal Care > Cosmetics > Skin Care > Lotions & Moisturizers,Lotion,Cerave PM Facial Moisturizing Lotion 89ml - USA,Default Title,Cerave,3606000537446,cerave-pm-facial-moisturizing-lotion-89ml-usa,active,7524701536321,42044407939137
CEP02_2,Lotions & Moisturizers,Health & Beauty > Personal Care > Cosmetics > Skin Care > Lotions & Moisturizers,Lotion,Cerave PM Facial Moisturizing Lotion 89ml - USA,Default Title,Cerave,3606000537453,cerave-pm-facial-moisturizing-lotion-89ml-2,active,7544016273473,42095132049473
CER001_1,Face Moisturizers,Health & Beauty > Personal Care > Cosmetics > Skin Care > Face Moisturizers,Gel,Cerave Hydrating HA Water Gel Oil-Free Face Moisturizer 48g,Default Title,Cerave,3337875952903,cerave-hydrating-ha-water-gel-oil-free-face-moisturizer-48g,active,7905707589697,43960383733825
CER01_1,Facial Cleansers,Health & Beauty > Personal Care > Cosmetics > Skin Care > Facial Cleansers,Liquid,Cerave Blemish Clay to Foam Cleanser 118ml,Default Title,Cerave,3337875926836,cerave-blemish-clay-to-foam-cleanser-118ml,active,7704086741057,43043995746369
CER02_1,Lotions & Moisturizers,Health & Beauty > Personal Care > Cosmetics > Skin Care > Lotions & Moisturizers,Cream,Cerave Intensive Moisturizing Cream 340g,Default Title,Cerave,3337875923903,cerave-intensive-moisturizing-cream-340g,active,7729919000641,43145287041089
CER03_1,Sunscreen,Health & Beauty > Personal Care > Cosmetics > Skin Care > Sunscreen,Cream,Cerave Invisible Hydrating Sunscreen SPF 50+ 75ml,Default Title,Cerave,3337875945769,cerave-invisible-hydrating-sunscreen-spf-50-75ml,active,7878954876993,43762900271169
CER08_1,Lotions & Moisturizers,Health & Beauty > Personal Care > Cosmetics > Skin Care > Lotions & Moisturizers,Lotion,Cerave Moisturizing Lotion 236ml,Default Title,Cerave,3337875597210,cerave-moisturizing-lotion-236ml,active,7489618083905,41918054170689
CER09_1,Eye Creams,Health & Beauty > Personal Care > Cosmetics > Skin Care > Eye Creams,Cream,Cerave Skin Renewing Vitamin C Eye Cream,Default Title,Cerave,3606000627727,cerave-skin-renewing-vitamin-c-eye-cream,active,7854166310977,43688607088705
CER12_1,Acne Treatments & Kits,Health & Beauty > Personal Care > Cosmetics > Skin Care > Acne Treatments & Kits,Gel,Cerave Blemish Control Cleanser 473ml - France,Default Title,Cerave,3337875923866,cerave-blemish-control-cleanser-473ml-france,active,7706560168001,43056883564609
CER12_2,Acne Treatments & Kits,Health & Beauty > Personal Care > Cosmetics > Skin Care > Acne Treatments & Kits,Gel,Cerave Blemish Control Cleanser 473ml - France,Default Title,Cerave,3337875923859,cerave-blemish-control-cleanser-473ml-2,active,7708440854593,43065452920897
CER13_1,Facial Cleansers,Health & Beauty > Personal Care > Cosmetics > Skin Care > Facial Cleansers,Liquid,Cerave Balancing Air Foam Cleanser 148ml,Default Title,Cerave,3337875925358,cerave-balancing-air-foam-cleanser-148ml,active,7714347778113,43088821125185
CER13_2,Facial Cleansers,Health & Beauty > Personal Care > Cosmetics > Skin Care > Facial Cleansers,Liquid,Cerave Balancing Air Foam Cleanser 148ml,Default Title,Cerave,3337875925341,cerave-balancing-air-foam-cleanser-148ml-2,active,7818229448769,43613069279297
CER14_1,Facial Cleansers,Health & Beauty > Personal Care > Cosmetics > Skin Care > Facial Cleansers,Oil,Cerave Hydrating Foaming Oil Cleanser 237ml,Default Title,Cerave,3606000609495,cerave-hydrating-foaming-oil-cleanser-237ml,active,7791813328961,43555715874881
CER15_1,Facial Cleansers,Health & Beauty > Personal Care > Cosmetics > Skin Care > Facial Cleansers,Cream,Cerave Hydrating Cream to Foam Cleanser 237ml,Default Title,Cerave,3606000569157,cerave-hydrating-cream-to-foam-cleanser-237ml,active,7791809298497,43555708338241
CER16_1,Facial Cleansers,Health & Beauty > Personal Care > Cosmetics > Skin Care > Facial Cleansers,Liquid,Cerave Brightening Vitamin C Cleanser 237ml - France,Default Title,Cerave,3606000662506,cerave-brightening-vitamin-c-cleanser-237ml-france,active,8042119364673,44417586724929
CER16_2,Facial Cleansers,Health & Beauty > Personal Care > Cosmetics > Skin Care > Facial Cleansers,Liquid,Cerave Brightening Vitamin C Cleanser 237ml - USA,Default Title,Cerave,3337875952804,cerave-brightening-vitamin-c-cleanser-237ml-usa-1,active,8042125262913,44417598062657
CER18_1,Sunscreen,Health & Beauty > Personal Care > Cosmetics > Skin Care > Sunscreen,Lotion,Cerave Invisible Moisturizing Sunscreen Lotion SPF 50 177ml,Default Title,Cerave,3337875945738,cerave-invisible-moisturizing-sunscreen-lotion-spf-50-177ml,active,8063097471041,44510078107713
CER55_1,Skin Care Masks & Peels,Health & Beauty > Personal Care > Cosmetics > Skin Care > Skin Care Masks & Peels,Cream,Cerave Skin Renewing Nightly Exfoliating Treatment 50ml,Default Title,Cerave,3606000598102,cerave-skin-renewing-nightly-exfoliating-treatment-50ml,active,7489618116673,41918054203457
CERA_1,Face Moisturizers,Health & Beauty > Personal Care > Cosmetics > Skin Care > Face Moisturizers,Cream,Cerave Oil Control Moisturising Gel - Cream 52ml,Default Title,Cerave,3337875904513,cerave-oil-control-moisturising-gel-cream-52ml,active,7559228751937,42144307707969
CERA_2,Face Moisturizers,Health & Beauty > Personal Care > Cosmetics > Skin Care > Face Moisturizers,Cream,Cerave Oil Control Moisturising Gel Cream 52ml,Default Title,Cerave,3337875904520,cerave-oil-control-moisturising-gel-cream-52ml-2,active,7608479612993,42308923228225
CERA001_1,Face Moisturizers,Health & Beauty > Personal Care > Cosmetics > Skin Care > Face Moisturizers,Cream,Cerave Oil Control Moisturising Gel Cream 59ml,Default Title,Cerave,3606000647602,cerave-oil-control-moisturising-gel-cream-59ml,active,7654303531073,42724413276225
CERA002_1,Facial Cleansers,Health & Beauty > Personal Care > Cosmetics > Skin Care > Facial Cleansers,LiquidGel,Cerave Hydrating Foaming Oil Cleanser 473ml,Default Title,Cerave,3337875773447,cerave-hydrating-foaming-oil-cleanser-473ml,active,7656823750721,42812961521729
CERA003_1,Acne Treatments & Kits,Health & Beauty > Personal Care > Cosmetics > Skin Care > Acne Treatments & Kits,,Cerave Imperfection Control Patches 22 Pcs,Default Title,Cerave,3337875927871,cerave-imperfection-control-patches-22-pcs,active,7682436071489,42962641158209
CERA004_1,Uncategorized,Uncategorized,,Cerave Anti Spot Barrier Patches,,Cerave,3606000663503,,,erp-CERA004_1,erp-CERA004_1
CERA01_1,Sunscreen,Health & Beauty > Personal Care > Cosmetics > Skin Care > Sunscreen,Cream,Cerave Skin Renewing Day Cream SPF 30 50g,Default Title,Cerave,3606000601574,cerave-skin-renewing-day-cream-spf-30-50g,active,7489618149441,41918054236225
CERA010_1,Face Moisturizers,Health & Beauty > Personal Care > Cosmetics > Skin Care > Face Moisturizers,Cream,Cerave Oil Control Moisturizing Gel Cream 89ml,Default Title,Cerave,3606000634770,cerave-oil-control-moisturizing-gel-cream-89ml,active,7686029672513,42978587574337
CERA02_1,Face Moisturizers,Health & Beauty > Personal Care > Cosmetics > Skin Care > Face Moisturizers,Cream,Cerave Skin Renewing Night Cream 48g,Default Title,Cerave,3606000575134,cerave-skin-renewing-night-cream-48g,active,7489618182209,41918054268993
CERA03_1,Face Serums,Health & Beauty > Personal Care > Cosmetics > Skin Care > Face Serums,Serum,Cerave Resurfacing Retinol Serum 30ml,Default Title,Cerave,3606000569232,cerave-resurfacing-retinol-serum-30ml,active,7524662411329,42044292399169
CERA04_1,Facial Cleansers,Health & Beauty > Personal Care > Cosmetics > Skin Care > Facial Cleansers,Cream,CeraVe Acne Foaming Cream Cleanser 150ml,Default Title,Cerave,3606000512238,cerave-acne-foaming-cream-cleanser-150ml,draft,7525068341313,42045772300353
CERA04_2,Facial Cleansers,Health & Beauty > Personal Care > Cosmetics > Skin Care > Facial Cleansers,Cream,CeraVe Acne Foaming Cream Cleanser 150ml,Default Title,Cerave,3606000552791,cerave-acne-foaming-cream-cleanser-150ml-2,active,7539070173249,42081407336513
CERA05_1,Eye Creams,Health & Beauty > Personal Care > Cosmetics > Skin Care > Eye Creams,Cream,Cerave Skin Renewing Eye Cream 15ml,Default Title,Cerave,3606000619838,cerave-skin-renewing-eye-cream-15ml,draft,7688245772353,42989262176321
CERA06_1,Lotions & Moisturizers,Health & Beauty > Personal Care > Cosmetics > Skin Care > Lotions & Moisturizers,Lotion,Cerave Moisturizing Lotion 473ml - France,Default Title,Cerave,3337875597395,cerave-moisturizing-lotion-473ml-france,active,7489618280513,41918054301761
CERA06_2,Lotions & Moisturizers,Health & Beauty > Personal Care > Cosmetics > Skin Care > Lotions & Moisturizers,Lotion,Cerave Moisturizing Lotion 473ml,Default Title,Cerave,3337875904322,cerave-moisturizing-lotion-473ml-2,active,7686028656705,42978584887361
CERA07_1,Lotions & Moisturizers,Health & Beauty > Personal Care > Cosmetics > Skin Care > Lotions & Moisturizers,Cream,Cerave Moisturising Cream 454g - France,Default Title,Cerave,3337875597388,cerave-moisturising-cream-454g-france,active,7528374566977,42055115931713
CERA07_2,Lotions & Moisturizers,Health & Beauty > Personal Care > Cosmetics > Skin Care > Lotions & Moisturizers,Cream,Cerave Moisturising Cream 454g,Default Title,Cerave,3606000551954,cerave-moisturising-cream-454g-2,active,7656816803905,42812935045185
CERA08_1,Lotions & Moisturizers,Health & Beauty > Personal Care > Cosmetics > Skin Care > Lotions & Moisturizers,Cream,Cerave Moisturizing Cream 340g,Default Title,Cerave,3337875597227,cerave-moisturizing-cream-340g,active,7489618346049,41918054334529
CERA09_1,Eye Creams,Health & Beauty > Personal Care > Cosmetics > Skin Care > Eye Creams,Cream,Cerave Eye Repair Cream 14ml,Default Title,Cerave,3606000537880,cerave-eye-repair-cream-14ml,active,7524652744769,42044267921473
CERA09_2,Eye Creams,Health & Beauty > Personal Care > Cosmetics > Skin Care > Eye Creams,Cream,Cerave Eye Repair Cream 14ml - France,Default Title,Cerave,3337875597272,cerave-eye-repair-cream-14ml-france,active,7539073777729,42081422508097
CERA10_1,Facial Cleansers,Health & Beauty > Personal Care > Cosmetics > Skin Care > Facial Cleansers,Liquid,Cerave Foaming Cleanser 473ml,Default Title,Cerave,3337875597357,cerave-foaming-cleanser-473ml,active,7489618411585,41918054367297
CERA11_1,Facial Cleansers,Health & Beauty > Personal Care > Cosmetics > Skin Care > Facial Cleansers,Liquid,Cerave Blemish Control Cleanser 236ml,Default Title,Cerave,3337875784054,cerave-blemish-control-cleanser-236ml,active,7489618444353,41918054400065
CERA12_1,Lotions & Moisturizers,Health & Beauty > Personal Care > Cosmetics > Skin Care > Lotions & Moisturizers,Gel,Cerave Blemish Control Gel 40ml,Default Title,Cerave,3337875782357,cerave-blemish-control-gel-40ml,active,7489618477121,41918054432833
CERA13_1,Lotions & Moisturizers,Health & Beauty > Personal Care > Cosmetics > Skin Care > Lotions & Moisturizers,Lotion,Cerave PM Facial Moisturizing Lotion 52ml,Default Title,Cerave,3337875597449,cerave-pm-facial-moisturizing-lotion-52ml,active,7489618509889,41918054465601
CERA14_1,Sunscreen,Health & Beauty > Personal Care > Cosmetics > Skin Care > Sunscreen,Lotion,Cerave AM Facial Moisturizing Lotion SPF 30 89ml - USA,Default Title,Cerave,3606000537408,cerave-am-facial-moisturizing-lotion-spf-30-89ml,active,7524645142593,42044253274177
CERA14_2,Sunscreen,Health & Beauty > Personal Care > Cosmetics > Skin Care > Sunscreen,Lotion,Cerave AM Facial Moisturizing Lotion SPF 30 89ml - USA,Default Title,Cerave,3606000537460,cerave-am-facial-moisturizing-lotion-spf-30-89ml-2,active,7544521621569,42096280928321
CERA14_3,Face Moisturizers,Health & Beauty > Personal Care > Cosmetics > Skin Care > Face Moisturizers,Lotion,Cerave AM Facial Moisturizing Lotion SPF 30 89ml - USA,Default Title,Cerave,3606000603400,cerave-am-facial-moisturizing-lotion-spf-30-89ml-usa,active,7591811579969,42256015720513
CERA16_1,Makeup Removers,Health & Beauty > Personal Care > Cosmetics > Skin Care > Makeup Removers,Liquid,Cerave Comforting Eye Makeup Remover 118ml,Default Title,Cerave,3606000590649,cerave-comforting-eye-makeup-remover-118ml,active,7489618608193,41918054531137
CERA55_1,Facial Cleansers,Health & Beauty > Personal Care > Cosmetics > Skin Care > Facial Cleansers,Liquid,Cerave Hydrating Cleanser For Normal to Dry Skin 88ml - France,Default Title,Cerave,3337875597326,cerave-hydrating-cleanser-for-normal-to-dry-skin-88ml-france,active,7489618640961,41918054563905
CERA55_2,Facial Cleansers,Health & Beauty > Personal Care > Cosmetics > Skin Care > Facial Cleansers,Liquid,Cerave Hydrating Cleanser For Normal to Dry Skin 88ml,Default Title,Cerave,3606000531833,cerave-hydrating-cleanser-for-normal-to-dry-skin-88ml-2,active,7544577523777,42096355704897
CERA55_3,Facial Cleansers,Health & Beauty > Personal Care > Cosmetics > Skin Care > Facial Cleansers,Liquid,Cerave Hydrating Cleanser For Normal to Dry Skin 88ml,Default Title,Cerave,No Barcode,cerave-hydrating-cleanser-for-normal-to-dry-skin-88ml-1,draft,7636722319425,42404943396929
CERA56_1,Facial Cleansers,Health & Beauty > Personal Care > Cosmetics > Skin Care > Facial Cleansers,Liquid,Cerave Foaming Cleanser For Normal to Oily Skin 88ml,Default Title,Cerave,3337875597340,cerave-foaming-cleanser-for-normal-to-oily-skin-88ml,active,7489618673729,41918054596673
CERA59_1,Lotions & Moisturizers,Health & Beauty > Personal Care > Cosmetics > Skin Care > Lotions & Moisturizers,Cream,Cerave Healing Ointment 340g,Default Title,Cerave,3606000612327,cerave-healing-ointment-340g,active,7489618706497,41918054629441
CERA65_1,Facial Cleansers,Health & Beauty > Personal Care > Cosmetics > Skin Care > Facial Cleansers,Oil,Cerave Hydrating Foaming Oil Cleanser 562ml,Default Title,Cerave,3606000609433,cerave-hydrating-foaming-oil-cleanser-562ml,active,7489618739265,41918054662209
CERA67_1,Lotions & Moisturizers,Health & Beauty > Personal Care > Cosmetics > Skin Care > Lotions & Moisturizers,Cream,Cerave Moisturizing Cream for Normal to Dry Skin 453g - USA,Default Title,Cerave,3606000537422,cerave-moisturizing-cream-for-normal-to-dry-skin-453g-usa,active,7489618772033,41918054694977
CERA67_2,Lotions & Moisturizers,Health & Beauty > Personal Care > Cosmetics > Skin Care > Lotions & Moisturizers,Cream,Cerave Moisturizing Cream for Normal to Dry Skin 453g - USA,Default Title,Cerave,3606000537668,cerave-moisturizing-cream-for-normal-to-dry-skin-453g-2,active,7636764098625,42405432459329
CERA67_3,Lotions & Moisturizers,Health & Beauty > Personal Care > Cosmetics > Skin Care > Lotions & Moisturizers,Cream,Cerave Moisturizing Cream for Normal to Dry Skin 453g - USA,Default Title,Cerave,3606000537439,cerave-moisturizing-cream-for-normal-to-dry-skin-453g-3,active,7636765179969,42405433999425
CERA68_1,Facial Cleansers,Health & Beauty > Personal Care > Cosmetics > Skin Care > Facial Cleansers,Cream,Cerave Hydrating Cream-to-Foam Cleanser 562ml,Default Title,Cerave,3606000569119,cerave-hydrating-cream-to-foam-cleanser-562ml,active,7489618804801,41918054727745
CERA69_1,Facial Cleansers,Health & Beauty > Personal Care > Cosmetics > Skin Care > Facial Cleansers,Liquid,Cerave Hydrating Cleanser 562ml,Default Title,Cerave,3606000546349,cerave-hydrating-cleanser-562ml,active,7489618837569,41918054760513
CET001_1,Face Serums,Health & Beauty > Personal Care > Cosmetics > Skin Care > Face Serums,Serum,Cetaphil Ceramide Serum 30ml,Default Title,Cetaphil,772618852738,cetaphil-ceramide-serum-30ml,active,7689024929857,42992954343489
CET010_1,Baby Health & Grooming Kits,Baby & Toddler > Baby Health > Baby Health & Grooming Kits,Lotion,Cetaphil Baby Eczema Calming Moisturizer 295ml,Default Title,Cetaphil,772618083101,cetaphil-baby-eczema-calming-moisturizer-295ml,draft,7489618870337,41918054793281
CET012_1,Face Moisturizers,Health & Beauty > Personal Care > Cosmetics > Skin Care > Face Moisturizers,Cream,Cetaphil Rich Night Cream 50g,Default Title,Cetaphil,5020465202967,cetaphil-rich-night-cream-50g,draft,7489618935873,41918054957121
CET012_2,Face Moisturizers,Health & Beauty > Personal Care > Cosmetics > Skin Care > Face Moisturizers,Cream,Cetaphil Rich Night Cream 50g,Default Title,Cetaphil,5020465201700,cetaphil-rich-night-cream-50g-2,draft,7544488525889,42096184655937
CET014_1,Uncategorized,Uncategorized,,Cetaphil Fast Rescue Pimple Patch,,Cetaphil,772618853018,,,erp-CET014_1,erp-CET014_1
CET015_1,Uncategorized,Uncategorized,,Cetaphil Advanced Defence Serum 30ml,,Cetaphil,772618853940,,,erp-CET015_1,erp-CET015_1
CET016_1,Face Serums,Health & Beauty > Personal Care > Cosmetics > Skin Care > Face Serums,Oil,Cetaphil Repair & Renew Serum 30ml,Default Title,Cetaphil,772618853957,cetaphil-repair-renew-serum-30ml,active,7866785726529,43723394908225
CET02_1,Body Wash,Health & Beauty > Personal Care > Cosmetics > Bath & Body > Body Wash,Liquid,Cetaphil Pro Restoraderm Nourishing Body Wash 295ml,Default Title,Cetaphil,772618233001,cetaphil-pro-restoraderm-nourishing-body-wash-295ml,draft,7489619001409,41918055022657
CET03_1,Lotions & Moisturizers,Health & Beauty > Personal Care > Cosmetics > Skin Care > Lotions & Moisturizers,Lotion,Cetaphil Restoraderm Soothing Moisturizer for Eczema 295ml,Default Title,Cetaphil,772618530322,cetaphil-restoraderm-soothing-moisturizer-for-eczema-295ml,draft,7489619066945,41918055055425
CET04_1,Facial Cleansers,Health & Beauty > Personal Care > Cosmetics > Skin Care > Facial Cleansers,,Cetaphil Gentle Skin Cleanser 118ml,Default Title,Cetaphil,5020465202691,cetaphil-gentle-skin-cleanser-118ml,draft,7544526962753,42096285483073
CET05_1,Facial Cleansers,Health & Beauty > Personal Care > Cosmetics > Skin Care > Facial Cleansers,Cream,Cetaphil Gentle Skin Cleanser 591ml,Default Title,Cetaphil,No Barcode,cetaphil-gentle-skin-cleanser-591ml,draft,7489619099713,41918055088193
CET08_1,Lotions & Moisturizers,Health & Beauty > Personal Care > Cosmetics > Skin Care > Lotions & Moisturizers,Lotion,Cetaphil Moisturizing Lotion 250ml,Default Title,Cetaphil,772618073508,cetaphil-moisturizing-lotion-250ml,active,7525969035329,42047880364097
CET08_2,Lotions & Moisturizers,Health & Beauty > Personal Care > Cosmetics > Skin Care > Lotions & Moisturizers,Lotion,Cetaphil Moisturizing Lotion 250ml,Default Title,Cetaphil,772618073003,cetaphil-moisturizing-lotion-250ml-2,active,7533574619201,42068161658945
CET08_3,Lotions & Moisturizers,Health & Beauty > Personal Care > Cosmetics > Skin Care > Lotions & Moisturizers,Lotion,Cetaphil Moisturizing Lotion 250ml,Default Title,Cetaphil,9318637042234,cetaphil-moisturizing-lotion-250ml-3,active,7544491245633,42096188850241
CET08_4,Lotions & Moisturizers,Health & Beauty > Personal Care > Cosmetics > Skin Care > Lotions & Moisturizers,Lotion,Cetaphil Moisturizing Lotion 250ml,Default Title,Cetaphil,9318637044306,cetaphil-moisturizing-lotion-250ml-4,active,8007670956097,44318231560257
CET10_1,Lotions & Moisturizers,Health & Beauty > Personal Care > Cosmetics > Skin Care > Lotions & Moisturizers,Lotion,Cetaphil Moisturizing Lotion Dry to Normal Sensitive Skin 591ml - Canada,Default Title,Cetaphil,772618840599,cetaphil-moisturizing-lotion-dry-to-normal-sensitive-skin-591ml-canada,draft,7525970444353,42047882756161
CET10_2,Lotions & Moisturizers,Health & Beauty > Personal Care > Cosmetics > Skin Care > Lotions & Moisturizers,Lotion,Cetaphil Moisturizing Lotion Dry to Normal Sensitive Skin 591ml - Canada,Default Title,Cetaphil,772618090604,cetaphil-moisturizing-lotion-dry-to-normal-sensitive-skin-591ml-2,draft,7539083345985,42081451540545
CET10_3,Lotions & Moisturizers,Health & Beauty > Personal Care > Cosmetics > Skin Care > Lotions & Moisturizers,Lotion,Cetaphil Moisturizing Lotion Dry to Normal Sensitive Skin 591ml - Canada,Default Title,Cetaphil,No Barcode,cetaphil-moisturizing-lotion-dry-to-normal-sensitive-skin-591ml-3,draft,7544486461505,42096182067265
CET12_1,Lotions & Moisturizers,Health & Beauty > Personal Care > Cosmetics > Skin Care > Lotions & Moisturizers,Cream,Cetaphil Moisturizing Cream Very Dry To Dry Sensitive Skin 566ml,Default Title,Cetaphil,No Barcode,cetaphil-moisturizing-cream-very-dry-to-dry-sensitive-skin-566ml,draft,7489619296321,41918055186497
CET14_1,Lotions & Moisturizers,Health & Beauty > Personal Care > Cosmetics > Skin Care > Lotions & Moisturizers,Cream,Cetaphil Moisturizing Cream Dry to Very Dry Skin 453g - Canada,Default Title,Cetaphil,772618084535,cetaphil-moisturizing-cream-dry-to-very-dry-skin-453g-canada,active,7489619361857,41918055252033
CET14_2,Lotions & Moisturizers,Health & Beauty > Personal Care > Cosmetics > Skin Care > Lotions & Moisturizers,Cream,Cetaphil Moisturizing Cream Dry to Very Dry Skin 453g,Default Title,Cetaphil,No Barcode,cetaphil-moisturizing-cream-dry-to-very-dry-skin-453g-2,active,7544485347393,42096180232257
CET15_1,Lotions & Moisturizers,Health & Beauty > Personal Care > Cosmetics > Skin Care > Lotions & Moisturizers,Lotion,Cetaphil Urea 10 Healing Lotion 473ml,Default Title,Cetaphil,772618090901,cetaphil-urea-10-healing-lotion-473ml,draft,7489619394625,41918055284801
CET17_1,Lotions & Moisturizers,Health & Beauty > Personal Care > Cosmetics > Skin Care > Lotions & Moisturizers,Gel,Cetaphil Restoraderm Itch Relief Gel 59ml,Default Title,Cetaphil,772618850598,cetaphil-restoraderm-itch-relief-gel-59ml,active,7489619427393,41918055317569
CET20_1,Lotions & Moisturizers,Health & Beauty > Personal Care > Cosmetics > Skin Care > Lotions & Moisturizers,,Cetaphil Gentle Exfoliating SA Lotion 473ml,Default Title,Cetaphil,772618531220,cetaphil-gentle-exfoliating-sa-lotion-473ml,draft,7544484266049,42096178364481
CET33_1,Facial Cleansers,Health & Beauty > Personal Care > Cosmetics > Skin Care > Facial Cleansers,Lotion,Cetaphil Gentle Exfoliating SA Lotion 236ml,Default Title,Cetaphil,3499320017190,cetaphil-gentle-exfoliating-sa-lotion-236ml,active,8007673610305,44318284709953
CET34_1,Facial Cleansers,Health & Beauty > Personal Care > Cosmetics > Skin Care > Facial Cleansers,Liquid,Cetaphil Daily Facial Cleanser 236ml,Default Title,Cetaphil,9318637044313,cetaphil-daily-facial-cleanser-236ml,active,8007679672385,44318421581889
CET52_1,Facial Cleansers,Health & Beauty > Personal Care > Cosmetics > Skin Care > Facial Cleansers,Liquid,Cetaphil Gentle Foaming Cleanser Face wash 237ml,Default Title,Cetaphil,772618075403,cetaphil-gentle-foaming-cleanser-face-wash-237ml,draft,7525933449281,42047758467137
CET52_2,Facial Cleansers,Health & Beauty > Personal Care > Cosmetics > Skin Care > Facial Cleansers,Liquid,Cetaphil Gentle Foaming Cleanser Face wash 237ml,Default Title,Cetaphil,302993889175,cetaphil-gentle-foaming-cleanser-face-wash-237ml-2,draft,7542279667777,42091196776513
CET53_1,Facial Cleansers,Health & Beauty > Personal Care > Cosmetics > Skin Care > Facial Cleansers,Liquid,Cetaphil Foaming Face Wash 237ml,Default Title,Cetaphil,302993889083,cetaphil-foaming-face-wash-237ml,draft,7489619525697,41918055350337
CET55_1,Face Moisturizers,Health & Beauty > Personal Care > Cosmetics > Skin Care > Face Moisturizers,Cream,Cetaphil Healthy Radiance Brightening Night Comfort Cream 50g,Default Title,Cetaphil,No Barcode,cetaphil-healthy-radiance-brightening-night-comfort-cream-50g,draft,7489619591233,41918055415873
CET57_1,Lotions & Moisturizers,Health & Beauty > Personal Care > Cosmetics > Skin Care > Lotions & Moisturizers,Cream,Cetaphil Moisturizing Lotion 500ml,Default Title,Cetaphil,772618074000,cetaphil-moisturizing-lotion-500ml,active,7489619689537,41918055481409
CET59_1,Face Moisturizers,Health & Beauty > Personal Care > Cosmetics > Skin Care > Face Moisturizers,Cream,Cetaphil Gentle Clear Mattifying Blemish Moisturizer 89ml,Default Title,Cetaphil,No Barcode,cetaphil-gentle-clear-mattifying-blemish-moisturizer-89ml,draft,7489619722305,41918055514177
CET60_1,Face Serums,Health & Beauty > Personal Care > Cosmetics > Skin Care > Face Serums,Serum,Cetaphil Gentle Clear Triple-Action Acne Serum 30ml,Default Title,Cetaphil,5020465203377,cetaphil-gentle-clear-triple-action-acne-serum-30ml,draft,7489619755073,41918055546945
CET61_1,Facial Cleansers,Health & Beauty > Personal Care > Cosmetics > Skin Care > Facial Cleansers,Cream,Cetaphil Gentle Skin Cleanser for Sensitive Skin 500ml,Default Title,Cetaphil,772618075007,cetaphil-gentle-skin-cleanser-for-sensitive-skin-500ml,draft,7489619787841,41918055579713
CET62_1,Facial Cleansers,Health & Beauty > Personal Care > Cosmetics > Skin Care > Facial Cleansers,Cream,Cetaphil Daily Facial Cleanser 473ml,Default Title,Cetaphil,772618530032,cetaphil-daily-facial-cleanser-473ml,active,7489619820609,41918055612481
CET63_1,Lotions & Moisturizers,Health & Beauty > Personal Care > Cosmetics > Skin Care > Lotions & Moisturizers,Cream,Cetaphil Intensive Repair Lotion 473ml,Default Title,Cetaphil,772618530087,cetaphil-intensive-repair-lotion-473ml,draft,7489619853377,41918055645249
CET64_1,Lotions & Moisturizers,Health & Beauty > Personal Care > Cosmetics > Skin Care > Lotions & Moisturizers,Lotion,Cetaphil Daily Advance Ultra Hydrating Lotion 473ml,Default Title,Cetaphil,772618072280,cetaphil-daily-advance-ultra-hydrating-lotion-473ml,active,7525078761537,42045842325569
CET64_2,Lotions & Moisturizers,Health & Beauty > Personal Care > Cosmetics > Skin Care > Lotions & Moisturizers,Lotion,Cetaphil Daily Advance Ultra Hydrating Lotion 473ml,Default Title,Cetaphil,772618840612,cetaphil-daily-advance-ultra-hydrating-lotion-473ml-2,active,7539088228417,42081458618433
CET65_1,Facial Cleansers,Health & Beauty > Personal Care > Cosmetics > Skin Care > Facial Cleansers,,Cetaphil Gentle Sensitive Skin Cleanser 473ml,Default Title,Cetaphil,772618532104,cetaphil-gentle-skin-cleanser-473ml-1,active,7931755135041,44058544078913
CET66_1,Sunscreen,Health & Beauty > Personal Care > Cosmetics > Skin Care > Sunscreen,Gel,Cetaphil Sun Light Gel SPF30+ 100ml,Default Title,Cetaphil,3499320010993,cetaphil-sun-light-gel-spf30-100ml,active,8038753140801,44404461699137
CET67_1,Facial Cleansers,Health & Beauty > Personal Care > Cosmetics > Skin Care > Facial Cleansers,Liquid,Cetaphil Pro Acne Prone Oil Control Foam Wash 236ml,Default Title,Cetaphil,3499320011877,cetaphil-pro-acne-prone-oil-control-foam-wash-236ml,active,8038778404929,44404563411009
CET68_1,Facial Cleansers,Health & Beauty > Personal Care > Cosmetics > Skin Care > Facial Cleansers,Gel,Cetaphil Gentle Foaming Cleanser for All Skin Types 236ml,Default Title,Cetaphil,3499320010092,cetaphil-gentle-foaming-cleanser-for-all-skin-types-236ml,active,8038795608129,44404602175553
CET69_1,Face Serums,Health & Beauty > Personal Care > Cosmetics > Skin Care > Face Serums,Serum,Cetaphil Vitamin C Serum For All Skin Types 30ml,Default Title,Cetaphil,302990851731,cetaphil-vitamin-c-serum-for-all-skin-types-30ml,active,8042530439233,44418769944641
CET70_1,Sunscreen,Health & Beauty > Personal Care > Cosmetics > Skin Care > Sunscreen,Lotion,Cetaphil Sun Kids Liposomal Sun Lotion SPF 50+ 150ml,Default Title,Cetaphil,3499320012065,cetaphil-sun-kids-liposomal-sun-lotion-spf-50-150ml,active,8066276491329,44529764859969
CET71_1,Lotions & Moisturizers,Health & Beauty > Personal Care > Cosmetics > Skin Care > Lotions & Moisturizers,Lotion,Cetaphil baby Daily Lotion With Organic Calendula 400ml,Default Title,Cetaphil,7640203241850,cetaphil-baby-daily-lotion-with-organic-calendula-400ml,active,8066402943041,44530360844353
CET72_1,Body Wash,Health & Beauty > Personal Care > Cosmetics > Bath & Body > Body Wash,Cream,Cetaphil Baby Gentle Wash & Shampoo 230ml,Default Title,Cetaphil,9318637043293,cetaphil-baby-gentle-wash-shampoo-230ml,active,8066408087617,44530686591041
CET73_1,Facial Cleansers,Health & Beauty > Personal Care > Cosmetics > Skin Care > Facial Cleansers,Gel,Cetaphil Oily Skin Cleanser Combination to Oily Skin 473ml,Default Title,Cetaphil,772618532050,cetaphil-oily-skin-cleanser-473ml-1,active,10313148530753,50515287179329
CETA001_1,Facial Cleansers,Health & Beauty > Personal Care > Cosmetics > Skin Care > Facial Cleansers,Cream,Cetaphil Gentle Skin Cleanser Normal to Dry Skin 591ml,Default Title,Cetaphil,302990241426,cetaphil-gentle-skin-cleanser-normal-to-dry-skin-591ml,active,7636768063553,42405441175617
CETA002_1,Lotions & Moisturizers,Health & Beauty > Personal Care > Cosmetics > Skin Care > Lotions & Moisturizers,Cream,Cetaphil Moisturizing Lotion Normal to Dry Skin 591ml,Default Title,Cetaphil,302990241433,cetaphil-moisturizing-lotion-normal-to-dry-skin-591ml,active,7637184806977,42407649312833
CETA003_1,Lotions & Moisturizers,Health & Beauty > Personal Care > Cosmetics > Skin Care > Lotions & Moisturizers,Cream,Cetaphil Moisturizing Cream Ultimate Antioxidant 566g,Default Title,Cetaphil,302990242447,cetaphil-moisturizing-cream-ultimate-antioxidant-566g,active,7637210988609,42407711408193
CETA004_1,Lotions & Moisturizers,Health & Beauty > Personal Care > Cosmetics > Skin Care > Lotions & Moisturizers,Cream,Cetaphil Moisturizing Cream Ultimate Antioxidant 453g,Default Title,Cetaphil,No Barcode,cetaphil-moisturizing-cream-ultimate-antioxidant-453g,active,7637211185217,42407711899713
CETA005_1,Anti-Aging Skin Care,Health & Beauty > Personal Care > Cosmetics > Skin Care > Anti-Aging Skin Care,Cream,Loreal Age Perfect Golden Age SPF 20 Rosa Fortificante 50ml,Default Title,Loreal,3600523923014,loreal-age-perfect-golden-age-spf-20-rosa-fortificante-50ml,draft,7638914072641,42415377809473
CETA006_1,Lotions & Moisturizers,Health & Beauty > Personal Care > Cosmetics > Skin Care > Lotions & Moisturizers,Cream,Cetaphil Moisturising Cream 450g,Default Title,Cetaphil,3499320014137,cetaphil-moisturising-cream-450g,active,7661277937729,42830359396417
CETA01_1,Sunscreen,Health & Beauty > Personal Care > Cosmetics > Skin Care > Sunscreen,Gel,Cetaphil Sun SPF 50+ Light Gel 50ml,Default Title,Cetaphil,3499320013192,cetaphil-sun-spf-50-light-gel-50ml,active,7687825588289,42984450523201
CETA07_1,Lotions & Moisturizers,Health & Beauty > Personal Care > Cosmetics > Skin Care > Lotions & Moisturizers,Cream,Cetaphil Moisturizing Cream 100g,Default Title,Cetaphil,3499320014106,cetaphil-moisturizing-cream-100g-1,draft,7688241348673,42989209354305
CEV18_1,Lotions & Moisturizers,Health & Beauty > Personal Care > Cosmetics > Skin Care > Lotions & Moisturizers,Cream,Cerave Moisturizing Cream 50ml,Default Title,Cerave,3337875597371,cerave-moisturizing-cream-50ml,active,7489619918913,41918055678017
CEVR05_1,Face Serums,Health & Beauty > Personal Care > Cosmetics > Skin Care > Face Serums,Serum,Cerave Skin Renewing Retinol Serum 30ml,Default Title,Cerave,3606000601550,cerave-skin-renewing-retinol-serum-30ml,active,7489619951681,41918055710785
CG001_1,Collagen,Health & Beauty > Health Care > Fitness & Nutrition > Vitamins & Supplements > Collagen,Powder,California Gold Nutrition CollagenUP 206g,Default Title,California Gold Nutrition,898220010332,california-gold-nutrition-collagenup-206g,draft,7591452409921,42254574977089
CHF09_1,Facial Cleansers,Health & Beauty > Personal Care > Cosmetics > Skin Care > Facial Cleansers,Oil,Cerave Hydrating Foaming Oil Cleanser 355ml,Default Title,Cerave,3606000609471,cerave-hydrating-foaming-oil-cleanser-355ml,active,7489619984449,41918055743553
CKN01_1,Hair Styling Products,Health & Beauty > Personal Care > Hair Care > Hair Styling Products,,Creme Of Nature Argan Oil from Morocco Oil Treatment 88.7ml,Default Title,Creme Of Nature,075724251984,creme-of-nature-argan-oil-from-morocco-oil-treatment-88-7ml,draft,7489620017217,41918055776321
CKN02_1,Hair Styling Products,Health & Beauty > Personal Care > Hair Care > Hair Styling Products,Oil,Creme of Nature Argan Heat Protector Smooth and Shine Polisher 118ml,Default Title,Creme Of Nature,075724244429,creme-of-nature-argan-heat-protector-smooth-and-shine-polisher-118ml,draft,7489620049985,41918055809089
CKN05_1,Hair Styling Products,Health & Beauty > Personal Care > Hair Care > Hair Styling Products,Oil,Creme of Nature Argan Oil Anti-Humidity Gloss and Shine Mist 118ml,Default Title,Creme Of Nature,075724244405,creme-of-nature-argan-oil-anti-humidity-gloss-and-shine-mist-118ml,draft,7489620082753,41918055841857
CL02_1,Face Moisturizers,Health & Beauty > Personal Care > Cosmetics > Skin Care > Face Moisturizers,,Clinique Moisture Surge 30ml,Default Title,Clinique,192333066928,clinique-moisture-surge-30ml,draft,7524974231617,42045359816769
CMC01_1,Baby Health & Grooming Kits,Baby & Toddler > Baby Health > Baby Health & Grooming Kits,Cream,Cerave Baby Moisturizing Cream 227g,Default Title,Cerave,3606000589971,cerave-baby-moisturizing-cream-227g,active,7489620115521,41918055874625
CMC02_1,Lotions & Moisturizers,Health & Beauty > Personal Care > Cosmetics > Skin Care > Lotions & Moisturizers,Cream,Cerave Moisturizing Cream for Normal to Dry Skin 539g,Default Title,Cerave,3606000531673,cerave-moisturizing-cream-for-normal-to-dry-skin-539g,active,7489620148289,41918055907393
CMC03_1,Facial Cleansers,Health & Beauty > Personal Care > Cosmetics > Skin Care > Facial Cleansers,Cream,Cerave Acne Control Cleanser 473ml - USA,Default Title,Cerave,3606000611481,cerave-acne-control-cleanser-473ml-usa,active,7489620181057,41918055940161
CMC03_2,Facial Cleansers,Health & Beauty > Personal Care > Cosmetics > Skin Care > Facial Cleansers,Cream,Cerave Acne Control Cleanser 473ml,Default Title,Cerave,,cerave-acne-control-cleanser-473ml-2,active,7686023643201,42978573451329
CMC05_1,Lotions & Moisturizers,Health & Beauty > Personal Care > Cosmetics > Skin Care > Lotions & Moisturizers,Cream,Cetaphil Moisturising Cream 450ml,Default Title,Cetaphil,5020465202653,cetaphil-moisturising-cream-450ml,active,7630922121281,42375708704833
CML01_1,Baby Bathtubs & Bath Seats,Baby & Toddler > Baby Bathing > Baby Bathtubs & Bath Seats,Cream,Cerave Baby Wash and Shampoo 473ml,Default Title,Cerave,3606000570795,cerave-baby-wash-and-shampoo-473ml,active,7489620213825,41918055972929
CNS01_1,Baby Health & Grooming Kits,Baby & Toddler > Baby Health > Baby Health & Grooming Kits,Cream,Cerave Baby Moisturizing Lotion 473ml,Default Title,Cerave,3606000570870,cerave-baby-moisturizing-lotion-473ml,active,7489620246593,41918056005697
CO0041_1,Conditioners,Health & Beauty > Personal Care > Hair Care > Shampoo & Conditioner > Conditioners,Cream,Palmers Coconut Oil Conditioner 400mL,Default Title,Palmers,010181034084,palmers-coconut-oil-conditioner-400ml,active,7489620279361,41918056038465
CO0057_1,Lip Balms,Health & Beauty > Personal Care > Cosmetics > Skin Care > Lip Balms & Treatments > Lip Balms,Gel,Palmers Coconut Hydrate Lip Balm 4g,Default Title,Palmers,010181032226,palmers-coconut-hydrate-lip-balm-4g,draft,7489620312129,41918056071233
CO011_1,Lotions & Moisturizers,Health & Beauty > Personal Care > Cosmetics > Skin Care > Lotions & Moisturizers,Cream,COSRX Oil-Free Ultra-Moisturizing Lotion 100ml,Default Title,COSRX,8809416470559,cosrx-oil-free-ultra-moisturizing-lotion-100ml,draft,7489620344897,41918056104001
CO012_1,Toners,Health & Beauty > Personal Care > Cosmetics > Skin Care > Toners & Astringents > Toners,Liquid,COSRX Galactomyces 95 Tone Balancing Essence 100ml,Default Title,COSRX,8809416471310,cosrx-galactomyces-95-tone-balancing-essence-100ml,active,7489620377665,41918056136769
CO013_1,Toners & Astringents,Health & Beauty > Personal Care > Cosmetics > Skin Care > Toners & Astringents,Liquid,COSRX Hyaluronic Acid Hydra Power Essence 100ml,Default Title,COSRX,8809416470184,cosrx-hyaluronic-acid-hydra-power-essence-100ml,draft,7489620410433,41918056169537
CO037_1,Hair Styling Products,Health & Beauty > Personal Care > Hair Care > Hair Styling Products,Cream,Palmers Coconut Oil Moisture Gro 150g,Default Title,Palmers,010181023002,palmers-coconut-oil-moisture-gro-150g,active,7489620443201,41918056202305
CO039_1,Hair Styling Products,Health & Beauty > Personal Care > Hair Care > Hair Styling Products,Cream,Palmers Coconut Oil Strong Roots Spray 150ml,Default Title,Palmers,010181035104,palmers-coconut-oil-strong-roots-spray-150ml,active,7489620475969,41918056235073
CO042_1,Uncategorized,Uncategorized,,Palmers Coconut Oil Shampoo 400ml,Default Title,Palmers,010181035173,palmers-coconut-oil-shampoo-400ml,active,7489620508737,41918056267841
CO043_1,Lotions & Moisturizers,Health & Beauty > Personal Care > Cosmetics > Skin Care > Lotions & Moisturizers,Cream,Palmers Coconut Oil Body Lotion 250ml,Default Title,Palmers,010181032806,palmers-coconut-oil-body-lotion-250ml,active,7489620541505,41918056300609
CO048_1,Conditioners,Health & Beauty > Personal Care > Hair Care > Shampoo & Conditioner > Conditioners,Cream,Palmers Coconut Oil Leave In Conditioner 250ml,Default Title,Palmers,010181033131,palmers-coconut-oil-leave-in-conditioner-250ml,active,7489620574273,41918056333377
CO060_1,Lotions & Moisturizers,Health & Beauty > Personal Care > Cosmetics > Skin Care > Lotions & Moisturizers,Cream,Palmers Coconut Hydrate Firming Lotion 250ml,Default Title,Palmers,010181032851,palmers-coconut-hydrate-firming-lotion-250ml,active,7489620607041,41918056366145
CO073_1,Hair Styling Products,Health & Beauty > Personal Care > Hair Care > Hair Styling Products,Cream,Palmers Moisture Gro Hairdress 250g,Default Title,Palmers,010181023705,palmers-moisture-gro-hairdress-250g,active,7489620639809,41918056398913
CO074_1,Conditioners,Health & Beauty > Personal Care > Hair Care > Shampoo & Conditioner > Conditioners,Oil,Palmers Coconut Oil Formula Moisture Boost Deep Conditioner 340ml,Default Title,Palmers,010181035135,palmers-coconut-oil-formula-moisture-boost-deep-conditioner-340ml,draft,7544579915841,42096365338689
COB01_1,Lotions & Moisturizers,Health & Beauty > Personal Care > Cosmetics > Skin Care > Lotions & Moisturizers,Cream,Palmers Coconuts Oil Formula Brazilian Coco Whipped Cream 250g,Default Title,Palmers,010181032875,palmers-coconuts-oil-formula-brazilian-coco-whipped-cream-250g,active,7995886796865,44264245493825
COS001_1,Facial Cleansers,Health & Beauty > Personal Care > Cosmetics > Skin Care > Facial Cleansers,Gel,Cosrx Salicylic Acid Daily Gentle Cleanser 150ml,Default Title,COSRX,8809416471112,cosrx-salicylic-acid-daily-gentle-cleanser-150ml,active,7489620672577,41918056431681
COS005_1,Toners & Astringents,Health & Beauty > Personal Care > Cosmetics > Skin Care > Toners & Astringents,Gel,Cosrx Advanced Snail 96 Mucin Power Essence 100ml,Default Title,COSRX,8809416470009,cosrx-advanced-snail-96-mucin-power-essence-100ml,active,7489620705345,41918056464449
COS006_1,Toners,Health & Beauty > Personal Care > Cosmetics > Skin Care > Toners & Astringents > Toners,Gel,Cosrx AHA/BHA Clarifying Treatment Toner 150ml,Default Title,COSRX,8809416470030,cosrx-aha-bha-clarifying-treatment-toner-150ml,active,7489620738113,41918056497217
COS007_1,Sunscreen,Health & Beauty > Personal Care > Cosmetics > Skin Care > Sunscreen,Cream,Cosrx Aloe Soothing Sun Cream SPF 50+ PA+++ 50ml,Default Title,COSRX,8809416470191,cosrx-aloe-soothing-sun-cream-spf-50-pa-50ml,active,7489620770881,41918056529985
COS008_1,Face Moisturizers,Health & Beauty > Personal Care > Cosmetics > Skin Care > Face Moisturizers,Cream,Cosrx Advanced Snail 92 All in One Cream 100ml,Default Title,COSRX,8809416470016,cosrx-advanced-snail-92-all-in-one-cream-100ml,active,7489620803649,41918056562753
COS009_1,Facial Cleansers,Health & Beauty > Personal Care > Cosmetics > Skin Care > Facial Cleansers,Gel,Cosrx Advanced Snail Mucin Gel Cleanser 150ml,Default Title,COSRX,8809598452350,cosrx-advanced-snail-mucin-gel-cleanser-150ml,draft,7489620836417,41918056595521
COS010_1,Acne Treatments & Kits,Health & Beauty > Personal Care > Cosmetics > Skin Care > Acne Treatments & Kits,Cream,Cosrx Centella Blemish Cream 30g,Default Title,COSRX,8809416470368,cosrx-centella-blemish-cream-30g,draft,7489620869185,41918056628289
COS011_1,Sunscreen,Health & Beauty > Personal Care > Cosmetics > Skin Care > Sunscreen,,Cosrx Aloe 54.2 Aqua Tone-Up Sunscreen SPF 50+ PA++++ 50ml,Default Title,COSRX,8809598455405,cosrx-aloe-54-2-aqua-tone-up-sunscreen-spf-50-pa-50ml,draft,7526386860097,42049133740097
COS012_1,Sunscreen,Health & Beauty > Personal Care > Cosmetics > Skin Care > Sunscreen,,Cosrx Ultra-Light Invisible Sunscreen SPF 50 50ml,Default Title,COSRX,8809598456242,cosrx-ultra-light-invisible-sunscreen-spf-50-50ml,active,7544604098625,42096448569409
COS013_1,Skin Care,Health & Beauty > Personal Care > Cosmetics > Skin Care,,Cosrx The Retinol 0.5 Super Vitamin E + Squalane 20ml,Default Title,COSRX,8809598454644,cosrx-the-retinol-0-5-super-vitamin-e-squalane-20ml,draft,7544602853441,42096445227073
COS014_1,Sunscreen,Health & Beauty > Personal Care > Cosmetics > Skin Care > Sunscreen,Cream,Cosrx Vitamin E Vitalizing Sunscreen SPF 50+ 50ml,Default Title,COSRX,8809598454613,cosrx-vitamin-e-vitalizing-sunscreen-spf-50-50ml,active,7544562024513,42096334078017
COS015_1,Hair Styling Products,Health & Beauty > Personal Care > Hair Care > Hair Styling Products,Serum,COSRX Peptide 132 Ultra Perfect Hair Bonding Oil Serum 28ml,Default Title,COSRX,8809598457355,cosrx-peptide-132-ultra-perfect-hair-bonding-oil-serum-28ml,active,7711645040705,43080403583041
COS02_1,Facial Cleansers,Health & Beauty > Personal Care > Cosmetics > Skin Care > Facial Cleansers,Cream,Cosrx Low PH Good Morning Gel Cleanser 150ml - Korea,Default Title,COSRX,8809416470511,cosrx-low-ph-good-morning-gel-cleanser-150ml-korea,active,7489620901953,41918056661057
COS02_2,Facial Cleansers,Health & Beauty > Personal Care > Cosmetics > Skin Care > Facial Cleansers,Cream,Cosrx Low PH Good Morning Gel Cleanser 150ml,Default Title,COSRX,8809598452732,cosrx-low-ph-good-morning-gel-cleanser-150ml-2,active,7591814922305,42256023683137
COS10_1,Acne Treatments & Kits,Health & Beauty > Personal Care > Cosmetics > Skin Care > Acne Treatments & Kits,Liquid,Cosrx BHA Blackhead Power Liquid 100ml,Default Title,COSRX,8809598452701,cosrx-bha-blackhead-power-liquid-100ml,draft,7525972934721,42047889801281
COS10_2,Acne Treatments & Kits,Health & Beauty > Personal Care > Cosmetics > Skin Care > Acne Treatments & Kits,Liquid,Cosrx BHA Blackhead Power Liquid 100ml,Default Title,COSRX,8809416470054,cosrx-bha-blackhead-power-liquid-100ml-2,draft,7539090161729,42081461207105
COS11_1,Eye Creams,Health & Beauty > Personal Care > Cosmetics > Skin Care > Eye Creams,Cream,COSRX Advanced Snail Peptide Eye Cream 25ml,Default Title,COSRX,8809598451070,cosrx-advanced-snail-peptide-eye-cream-25ml,draft,7489620967489,41918056693825
COSR001_1,Face Moisturizers,Health & Beauty > Personal Care > Cosmetics > Skin Care > Face Moisturizers,Cream,Cosrx Refresh AHA BHA Vitamin C Daily Cream 50ml,Default Title,COSRX,8809598453876,cosrx-refresh-aha-bha-vitamin-c-daily-cream-50ml,draft,7641472368705,42424903073857
CPL01_2,Facial Cleansers,Health & Beauty > Personal Care > Cosmetics > Skin Care > Facial Cleansers,Cream,Cetaphil Gentle Sensitive Skin Cleanser 236ml,Default Title,Cetaphil,772618072501,cetaphil-gentle-sensitive-skin-cleanser-236ml-2,active,7542246572097,42091109777473
CPL01_3,Facial Cleansers,Health & Beauty > Personal Care > Cosmetics > Skin Care > Facial Cleansers,Cream,Cetaphil Gentle Skin Cleanser Face and Body 250ml,Default Title,Cetaphil,772618532081,cetaphil-gentle-skin-cleanser-face-and-body-250ml,active,8082666455105,44596866154561
CPL02_1,Facial Cleansers,Health & Beauty > Personal Care > Cosmetics > Skin Care > Facial Cleansers,Liquid,Cetaphil Gentle Skin Cleanser for All Skin Types 500ml,Default Title,Cetaphil,No Barcode,cetaphil-gentle-skin-cleanser-for-all-skin-types-500ml,draft,7525956190273,42047852019777
CPL02_2,Facial Cleansers,Health & Beauty > Personal Care > Cosmetics > Skin Care > Facial Cleansers,Liquid,Cetaphil Gentle Skin Cleanser for All Skin Types 500ml,Default Title,Cetaphil,9318637069637,cetaphil-gentle-skin-cleanser-for-all-skin-types-500ml-2,draft,7539091865665,42081465761857
CPL03_1,Facial Cleansers,Health & Beauty > Personal Care > Cosmetics > Skin Care > Facial Cleansers,Cream,Cetaphil Oily Skin Cleanser 500ml - Canada,Default Title,Cetaphil,9318637042326,cetaphil-oily-skin-cleanser-500ml-canada,draft,7524737220673,42044495265857
CPL03_2,Facial Cleansers,Health & Beauty > Personal Care > Cosmetics > Skin Care > Facial Cleansers,Cream,Cetaphil Oily Skin Cleanser 500ml,Default Title,Cetaphil,772618072006,cetaphil-oily-skin-cleanser-500ml-2,active,7638880976961,42415229304897
CPL06_1,Lotions & Moisturizers,Health & Beauty > Personal Care > Cosmetics > Skin Care > Lotions & Moisturizers,Cream,Cetaphil Moisturizing Cream 100g,Default Title,Cetaphil,9318637072453,cetaphil-moisturizing-cream-100g,draft,7489621164097,41918056792129
CPL08_1,Facial Cleansers,Health & Beauty > Personal Care > Cosmetics > Skin Care > Facial Cleansers,Liquid,Cetaphil Gentle Skin Cleanser 125ml,Default Title,Cetaphil,9318637070510,cetaphil-gentle-skin-cleanser-125ml,draft,7525996724289,42048006553665
CRC01_1,Face Moisturizers,Health & Beauty > Personal Care > Cosmetics > Skin Care > Face Moisturizers,Cream,Cetaphil Hydrating Night Cream 50ml,Default Title,Cetaphil,772618097009,cetaphil-hydrating-night-cream-50ml,active,7489621196865,41918056890433
CS009_1,Face Serums,Health & Beauty > Personal Care > Cosmetics > Skin Care > Face Serums,Serum,Beauty of Joseon Glow Deep Serum 30ml,Default Title,Beauty of Joseon,8809738312728,beauty-of-joseon-glow-deep-serum-30ml,draft,7489621229633,41918056923201
CS010_1,Uncategorized,Uncategorized,Serum,Beauty of Joseon Glow Serum 30ml,Default Title,Beauty of Joseon,8809657114960,beauty-of-joseon-glow-serum-30ml,draft,7489621262401,41918056955969
CT001_1,Multivitamin Supplements,Health & Beauty > Health Care > Fitness & Nutrition > Vitamins & Supplements > Multivitamin Supplements,Tablets,Centrum Men Multivitamin 90 Tablets,Default Title,Centrum,062107084505,centrum-men-multivitamin-90-tablets,draft,7525075091521,42045810442305
CT001_2,Multivitamin Supplements,Health & Beauty > Health Care > Fitness & Nutrition > Vitamins & Supplements > Multivitamin Supplements,Tablets,Centrum Men Multivitamin 90 Tablets,Default Title,Centrum,9310488003198,centrum-men-multivitamin-90-tablets-2,draft,7654280527937,42723734913089
CT002_1,Multivitamin Supplements,Health & Beauty > Health Care > Fitness & Nutrition > Vitamins & Supplements > Multivitamin Supplements,Tablets,Centrum Women Multivitamin 90 Tablets,Default Title,Centrum,062107084703,centrum-women-multivitamin-90-tablets,draft,7591467712577,42254631600193
CT002_2,Multivitamin Supplements,Health & Beauty > Health Care > Fitness & Nutrition > Vitamins & Supplements > Multivitamin Supplements,Tablets,Centrum Women Multivitamin 90 Tablets,Default Title,Centrum,9310488003211,centrum-women-multivitamin-90-tablets-2,draft,7591468892225,42254635892801
CT003_1,Multivitamin Supplements,Health & Beauty > Health Care > Fitness & Nutrition > Vitamins & Supplements > Multivitamin Supplements,Tablets,Centrum Women 50+ Multivitamin 90 Tablets,Default Title,Centrum,062107084604,centrum-women-50-multivitamin-90-tablets,draft,7525085675585,42045907796033
CT003_2,Multivitamin Supplements,Health & Beauty > Health Care > Fitness & Nutrition > Vitamins & Supplements > Multivitamin Supplements,Tablets,Centrum Silver Women 50+ Multivitamins 90 Tablets,Default Title,Centrum,9310488003259,centrum-silver-women-50-multivitamins-90-tablets-2,draft,7654270435393,42723399467073
CT004_1,Multivitamin Supplements,Health & Beauty > Health Care > Fitness & Nutrition > Vitamins & Supplements > Multivitamin Supplements,Tablets,Centrum Select Essentials Adults 50+ 100 Tablets,Default Title,Centrum,062107286527,centrum-select-essentials-adults-50-100-tablets,draft,7528556953665,42055330037825
CT005_1,Multivitamin Supplements,Health & Beauty > Health Care > Fitness & Nutrition > Vitamins & Supplements > Multivitamin Supplements,Tablets,Centrum Forte Essentials Adults Multivitamin 120 Tablets,Default Title,Centrum,062107908948,centrum-forte-essentials-adults-multivitamin-120-tablets,draft,7591877410881,42256205611073
CT006_1,Multivitamin Supplements,Health & Beauty > Health Care > Fitness & Nutrition > Vitamins & Supplements > Multivitamin Supplements,Tablets,Centrum Men 50+ Multivitamin 90 Tablets,Default Title,Centrum,062107084802,centrum-men-50-multivitamin-90-tablets,draft,7525088395329,42045927784513
CT007_1,Multivitamin Supplements,Health & Beauty > Health Care > Fitness & Nutrition > Vitamins & Supplements > Multivitamin Supplements,Capsules,Centrum Women MultiGummies 130 Gummies,Default Title,Centrum,062107090858,centrum-women-multigummies-130-gummies,draft,7539173195841,42081587200065
CT008_1,Multivitamin Supplements,Health & Beauty > Health Care > Fitness & Nutrition > Vitamins & Supplements > Multivitamin Supplements,Capsules,Centrum Adults MultiGummies 150 Gummies,Default Title,Centrum,062107090834,centrum-adults-multigummies-150-gummies,draft,7524985143361,42045398286401
CT009_1,Multivitamin Supplements,Health & Beauty > Health Care > Fitness & Nutrition > Vitamins & Supplements > Multivitamin Supplements,Capsules,Centrum Adult MultiGummies 120 Gummies,Default Title,Centrum,062107533881,centrum-adult-multigummies-120-gummies,draft,7591852212289,42256127393857
CT010_1,Multivitamin Supplements,Health & Beauty > Health Care > Fitness & Nutrition > Vitamins & Supplements > Multivitamin Supplements,Tablets,Centrum Men MultiGummies 130 Gummies,Default Title,Centrum,062107090889,centrum-men-multigummies-130-gummies,draft,7591850999873,42256124477505
CT011_1,Multivitamin Supplements,Health & Beauty > Health Care > Fitness & Nutrition > Vitamins & Supplements > Multivitamin Supplements,Gel,Centrum Men 50+ MultiGummies 120 Gummies,Default Title,Centrum,062107288484,centrum-men-50-multigummies-120-gummies,draft,7533581074497,42068181450817
CT012_1,Multivitamin Supplements,Health & Beauty > Health Care > Fitness & Nutrition > Vitamins & Supplements > Multivitamin Supplements,Gel,Centrum Adults 50+ MultiGummies 130 Gummies,Default Title,Centrum,062107090872,centrum-adults-50-multigummies-130-gummies,draft,7533592477761,42068200882241
CT013_1,Multivitamin Supplements,Health & Beauty > Health Care > Fitness & Nutrition > Vitamins & Supplements > Multivitamin Supplements,Tablets,Centrum Performance with Ginseng Complete Multivitamin 75 Tablets,Default Title,Centrum,062107085007,centrum-performance-with-ginseng-complete-multivitamin-75-tablets,draft,7533595295809,42068203470913
CT014_1,Multivitamin Supplements,Health & Beauty > Health Care > Fitness & Nutrition > Vitamins & Supplements > Multivitamin Supplements,Tablets,Centrum Minis Men 50+ Multivitamin 160 Tablets,Default Title,Centrum,062107482639,centrum-minis-men-50-multivitamin-160-tablets,draft,7533593100353,42068201111617
CT016_1,Multivitamin Supplements,Health & Beauty > Health Care > Fitness & Nutrition > Vitamins & Supplements > Multivitamin Supplements,Tablets,Centrum Forte Essentials Adults Multivitamin 100 Tablets,Default Title,Centrum,062107188944,centrum-forte-essentials-adults-multivitamin-100-tablets,draft,7528597291073,42055379058753
CT017_1,Multivitamin Supplements,Health & Beauty > Health Care > Fitness & Nutrition > Vitamins & Supplements > Multivitamin Supplements,Tablets,Centrum Select Essentials Adults 50+ 60 Tablets,Default Title,Centrum,062107086523,centrum-select-essentials-adults-50-60-tablets,draft,7533592510529,42068200947777
CT018_1,Multivitamin Supplements,Health & Beauty > Health Care > Fitness & Nutrition > Vitamins & Supplements > Multivitamin Supplements,Tablets,Centrum Select Chewables Adults 50+ 60 Chewable Tablets,Default Title,Centrum,062107085540,centrum-select-chewables-adults-50-60-chewable-tablets,draft,7533587923009,42068194033729
CT019_1,Multivitamin Supplements,Health & Beauty > Health Care > Fitness & Nutrition > Vitamins & Supplements > Multivitamin Supplements,Capsules,Centrum Women 50+ MultiGummies 120 Gummies,Default Title,Centrum,062107288514,centrum-women-50-multigummies-120-gummies,draft,7533594247233,42068202782785
CT020_1,Multivitamin Supplements,Health & Beauty > Health Care > Fitness & Nutrition > Vitamins & Supplements > Multivitamin Supplements,,Centrum Multi + Beauty MultiGummies 90 Gummies,Default Title,Centrum,062107090896,centrum-multi-beauty-multigummies-90-gummies,draft,7590909411393,42252994445377
CT021_1,Multivitamin Supplements,Health & Beauty > Health Care > Fitness & Nutrition > Vitamins & Supplements > Multivitamin Supplements,Tablets,Centrum Women 50+ 30 Tablets,Default Title,Centrum,5054563126658,centrum-women-50-30-tablets,draft,7681151762497,42955589025857
CT022_1,Multivitamin Supplements,Health & Beauty > Health Care > Fitness & Nutrition > Vitamins & Supplements > Multivitamin Supplements,Tablets,Centrum Men Multivitamin & Mineral 60 Tablets,Default Title,Centrum,5054563126610,centrum-men-multivitamin-mineral-60-tablets,draft,7681147666497,42955578146881
CT023_1,Multivitamin Supplements,Health & Beauty > Health Care > Fitness & Nutrition > Vitamins & Supplements > Multivitamin Supplements,Tablets,Centrum Men Multivitamin & Mineral 30 Tablets,Default Title,Centrum,5054563126719,centrum-men-multivitamin-mineral-30-tablets,draft,7681144815681,42955563696193
CT024_1,Multivitamin Supplements,Health & Beauty > Health Care > Fitness & Nutrition > Vitamins & Supplements > Multivitamin Supplements,Tablets,Centrum Women Multivitamins & Mineral 60 Tablets,Default Title,Centrum,5054563126634,centrum-women-multivitamins-mineral-60-tablets,draft,7681139671105,42955546689601
CT025_1,Multivitamin Supplements,Health & Beauty > Health Care > Fitness & Nutrition > Vitamins & Supplements > Multivitamin Supplements,Tablets,Centrum Advance 50+ Adults Multivitamins & Mineral 60 Tablets,Default Title,Centrum,5054563948656,centrum-advance-50-adults-multivitamins-mineral-60-tablets,draft,7681133248577,42955507400769
CT026_1,Multivitamin Supplements,Health & Beauty > Health Care > Fitness & Nutrition > Vitamins & Supplements > Multivitamin Supplements,Tablets,Centrum Conception Multivitamin & Mineral 30 Tablets,Default Title,Centrum,5054563232878,centrum-conception-multivitamin-mineral-30-tablets,draft,7681126531137,42955456348225
CT027_1,Multivitamin Supplements,Health & Beauty > Health Care > Fitness & Nutrition > Vitamins & Supplements > Multivitamin Supplements,Tablets,Centrum Women Multivitamins & Mineral 30 Tablets,Default Title,Centrum,5054563126672,centrum-women-multivitamins-mineral-30-tablets,draft,7681115095105,42955398807617
CTL001_1,Anti-Aging Skin Care,Health & Beauty > Personal Care > Cosmetics > Skin Care > Anti-Aging Skin Care,Cream,Centellian24 Madeca Cream Time Reverse Zero 15ml,Default Title,Centellian24,8806109105392,centellian24-madeca-cream-time-reverse-zero-15ml,active,7981261553729,44204365938753
CTL002_1,Anti-Aging Skin Care,Health & Beauty > Personal Care > Cosmetics > Skin Care > Anti-Aging Skin Care,Cream,Centellian24 Madeca Cream Time Reverse 50ml,Default Title,Centellian24,8806109101257,centellian24-madeca-cream-time-reverse-50ml,active,7981268860993,44204390744129
CTL003_1,Anti-Aging Skin Care,Health & Beauty > Personal Care > Cosmetics > Skin Care > Anti-Aging Skin Care,Cream,Centellian24 Madeca Face Cream Time Reverse mini 15ml,Default Title,Centellian24,8806109101264,centellian24-madeca-face-cream-time-reverse-mini-15ml,active,7981270630465,44204403195969
DC001_1,Powdered Milk,"Food, Beverages & Tobacco > Food Items > Cooking & Baking Ingredients > Canned & Dry Milk > Powdered Milk",Powder,DOSE & CO. Collagen Creamer Vanilla Flavor 340g,Default Title,DOSE & CO.,810005412643,dose-co-collagen-creamer-vanilla-flavor-340g,draft,7591874986049,42256198828097
DC003_1,Coffee Creamer,"Food, Beverages & Tobacco > Food Items > Dairy Products > Coffee Creamer",Powder,DOSE & CO. Collagen Creamer Caramel Flavor 340g,Default Title,DOSE & CO.,810005412650,dose-co-collagen-creamer-caramel-flavor-340g,draft,7591868629057,42256174415937
DC004_1,Collagen,Health & Beauty > Health Care > Fitness & Nutrition > Vitamins & Supplements > Collagen,Powder,DOSE & CO. Marine Collagen Unflavored 221g,Default Title,DOSE & CO.,810005419239,dose-co-marine-collagen-unflavored-221g,draft,7591858798657,42256143188033
DC005_1,Collagen,Health & Beauty > Health Care > Fitness & Nutrition > Vitamins & Supplements > Collagen,Powder,DOSE & CO Pure Collagen Unflavored 283g,Default Title,DOSE & CO.,810005419222,dose-co-pure-collagen-unflavored-283g,draft,7528609480769,42055394656321
DEW01_1,Lotions & Moisturizers,Health & Beauty > Personal Care > Cosmetics > Skin Care > Lotions & Moisturizers,Gel,Dewiness Aloe Vera Soothing Gel 300ml,Default Title,Dewiness,8809623291862,dewiness-aloe-vera-soothing-gel-300ml,active,7891552862273,43844385079361
DOBW04_1,Body Wash,Health & Beauty > Personal Care > Cosmetics > Bath & Body > Body Wash,Cream,Dove Glowing Ritual Shower Gel 500ml,Default Title,Dove,8710908881121,dove-glowing-ritual-shower-gel-500ml,draft,7489621295169,41918056988737
DOBW09_1,Body Wash,Health & Beauty > Personal Care > Cosmetics > Bath & Body > Body Wash,Cream,Dove Restoring Care Oil & Cream Body Wash 500ml,Default Title,Dove,8720181216282,dove-restoring-care-oil-cream-body-wash-500ml,draft,7489621327937,41918057021505
DOV06_1,Body Wash,Health & Beauty > Personal Care > Cosmetics > Bath & Body > Body Wash,Cream,Dove Refreshing Cucumber and Green Tea Scent Body Wash 500ml,Default Title,Dove,8712561804004,dove-refreshing-cucumber-and-green-tea-scent-body-wash-500ml,draft,7489621360705,41918057054273
DOV07_1,Body Wash,Health & Beauty > Personal Care > Cosmetics > Bath & Body > Body Wash,Cream,Dove Shea Butter and Vanilla Scent Shower Gel 500ml,Default Title,Dove,8720181151187,dove-shea-butter-and-vanilla-scent-shower-gel-500ml,draft,7489621393473,41918057087041
DOV09_1,Body Wash,Health & Beauty > Personal Care > Cosmetics > Bath & Body > Body Wash,Liquid,Dove Calming Pistachio and Magnolia Body Wash 500ml,Default Title,Dove,8712561645690,dove-calming-pistachio-and-magnolia-body-wash-500ml,draft,7525976014913,42047910281281
DOV09_2,Body Wash,Health & Beauty > Personal Care > Cosmetics > Bath & Body > Body Wash,Liquid,Dove Calming Pistachio and Magnolia Body Wash 500ml,Default Title,Dove,8720181151200,dove-calming-pistachio-and-magnolia-body-wash-500ml-1,draft,7636722810945,42404944150593
DOV09_3,Body Wash,Health & Beauty > Personal Care > Cosmetics > Bath & Body > Body Wash,Liquid,Dove Calming Pistachio and Magnolia Body Wash 500ml,Default Title,Dove,No Barcode,dove-calming-pistachio-and-magnolia-body-wash-500ml-2,draft,7636723073089,42404946214977
DOV10_1,Body Wash,Health & Beauty > Personal Care > Cosmetics > Bath & Body > Body Wash,Cream,Dove Gentle Scrub Exfoliating Minerals Body Wash 500ml,Default Title,Dove,8720181151163,dove-gentle-scrub-exfoliating-minerals-body-wash-500ml,draft,7489621459009,41918057119809
DOV11_1,Body Wash,Health & Beauty > Personal Care > Cosmetics > Bath & Body > Body Wash,Cream,Dove Deeply Nourishing Body Wash 500ml,Default Title,Dove,8712561803618,dove-deeply-nourishing-body-wash-500ml,draft,7489621491777,41918057152577
DOV12_1,Body Wash,Health & Beauty > Personal Care > Cosmetics > Bath & Body > Body Wash,Liquid,Dove Nourishing Silk Body Wash 500ml,Default Title,Dove,8712561625760,dove-nourishing-silk-body-wash-500ml,draft,7542280290369,42091204706369
DOV12_2,Body Wash,Health & Beauty > Personal Care > Cosmetics > Bath & Body > Body Wash,Liquid,Dove Nourishing Silk Body Wash 500ml,Default Title,Dove,8720181151194,dove-nourishing-silk-body-wash-500ml-2,draft,7542280683585,42091211849793
DOV13_1,Body Wash,Health & Beauty > Personal Care > Cosmetics > Bath & Body > Body Wash,Cream,Dove Fruity Nourish Body Wash 450ml,Default Title,Dove,8720181468391,dove-fruity-nourish-body-wash-450ml,draft,7630930968641,42375743602753
DOV14_1,Uncategorized,Uncategorized,Cream,Dove Creamy Indulge Body Wash 450ml,Default Title,Dove,8720181608407,dove-creamy-indulge-body-wash-450ml,draft,7630931001409,42375743635521
DOV15_1,Body Wash,Health & Beauty > Personal Care > Cosmetics > Bath & Body > Body Wash,Cream,Dove Purifying Body Wash 500ml,Default Title,Dove,8717163684825,dove-purifying-body-wash-500ml,draft,7489621557313,41918057185345
DOV16_1,Cosmetics,Health & Beauty > Personal Care > Cosmetics,Cream,Dove Renewing Glow Body Wash 500ml,Default Title,Dove,8717163743638,dove-renewing-glow-body-wash-500ml,draft,7489621590081,41918057218113
DOV17_1,Body Wash,Health & Beauty > Personal Care > Cosmetics > Bath & Body > Body Wash,Cream,Dove Reviving Body Wash 500ml,Default Title,Dove,8712561804189,dove-reviving-body-wash-500ml,draft,7489621622849,41918057250881
DOV18_1,Body Wash,Health & Beauty > Personal Care > Cosmetics > Bath & Body > Body Wash,Cream,Dove Hydrate Gently Cleanser Body Wash 450ml,Default Title,Dove,8720181466427,dove-hydrate-gently-cleanser-body-wash-450ml,draft,7569287217217,42182380388417
DOV20_1,Body Wash,Health & Beauty > Personal Care > Cosmetics > Bath & Body > Body Wash,Cream,Dove Velvet Glow Body Wash 450ml,Default Title,Dove,8720181492617,dove-velvet-glow-body-wash-450ml,draft,7630931099713,42375744028737
DOV21_1,Body Wash,Health & Beauty > Personal Care > Cosmetics > Bath & Body > Body Wash,Cream,Dove Go fresh Revive Body Wash 550ml,Default Title,Dove,8999999028121,dove-go-fresh-revive-body-wash-550ml,draft,7630931230785,42375744487489
DOVE01_1,Hair Serums,Health & Beauty > Personal Care > Hair Care > Hair Treatments > Hair Serums,Liquid,Dove Damage Therapy Serum Oil UV Repair Hair Protection 115ml,Default Title,Dove,055451003513,dove-damage-therapy-serum-oil-uv-repair-hair-protection-3-9-fl-oz,active,8082590302273,44596696350785
DOW01_1,Body Wash,Health & Beauty > Personal Care > Cosmetics > Bath & Body > Body Wash,LiquidGel,Dove Care and Protect Anti-Bacterial Body Wash 1L,Default Title,Dove,8999999574116,dove-care-and-protect-anti-bacterial-body-wash-1l,draft,7551423414337,42116858708033
DOW02_1,Body Wash,Health & Beauty > Personal Care > Cosmetics > Bath & Body > Body Wash,LiquidGel,Dove Go Fresh Energize Body Wash with Grapefruit & Lemongrass Scent 1L,Default Title,Dove,8999999031046,dove-go-fresh-energize-body-wash-with-grapefruit-lemongrass-scent-1l,draft,7551427543105,42116890001473
DOW03_1,Body Wash,Health & Beauty > Personal Care > Cosmetics > Bath & Body > Body Wash,Cream,Dove Go Fresh Revive Body Wash with Pomegranate And Lemon Verbena Scent 1L,Default Title,Dove,8999999031053,dove-go-fresh-revive-body-wash-with-pomegranate-and-lemon-verbena-scent-1l,draft,7552005963841,42118661603393
DOW04_1,Body Wash,Health & Beauty > Personal Care > Cosmetics > Bath & Body > Body Wash,Cream,Dove Go Fresh Touch Body Wash with Cucumber & Green Tea Scent 1L,Default Title,Dove,8999999031022,dove-go-fresh-touch-body-wash-with-cucumber-green-tea-scent-1l,draft,7552006783041,42118664618049
DRE01_1,Eaux De Toilette,Health & Beauty > Personal Care > Cosmetics > Perfumes & Colognes > Eaux De Toilette,Liquid,Dream Collection Thibault Men Eau De Toilette 100ml,Default Title,Dream Collection,6291106956702,dream-collection-thibault-men-eau-de-toilette-100ml,draft,10314805608513,50526294573121
DRE010_1,Eaux De Toilette,Health & Beauty > Personal Care > Cosmetics > Perfumes & Colognes > Eaux De Toilette,Liquid,Dream Collection Fairy Tales Eau de Toilette 100ml,Default Title,Dream Collection,6291106956658,dream-collection-fairy-tales-eau-de-toilette-100ml,draft,10314640195649,50525753114689
DRE02_1,Eaux De Toilette,Health & Beauty > Personal Care > Cosmetics > Perfumes & Colognes > Eaux De Toilette,Liquid,Dream Collection Captain Men Eau De Toilette 100ml,Default Title,Dream Collection,6291106956634,dream-collection-captain-men-eau-de-toilette-100ml,draft,10314807509057,50526300831809
DRE03_1,Eaux De Toilette,Health & Beauty > Personal Care > Cosmetics > Perfumes & Colognes > Eaux De Toilette,Liquid,Dream Collection Shadow Men Eau De Toilette 100ml,Default Title,Dream Collection,6291106956696,dream-collection-shadow-men-eau-de-toilette-100ml,draft,10314808459329,50526303944769
DRE04_1,Eaux De Toilette,Health & Beauty > Personal Care > Cosmetics > Perfumes & Colognes > Eaux De Toilette,Liquid,Dream Collection Addict Men Eau De Toilette 100ml,Default Title,Dream Collection,6291106956627,dream-collection-addict-men-eau-de-toilette-100ml,draft,10316029886529,50531171434561
DRE05_1,Eaux De Toilette,Health & Beauty > Personal Care > Cosmetics > Perfumes & Colognes > Eaux De Toilette,Liquid,Dream Collection Daimyo Men Eau De Toilette 100ml,Default Title,Dream Collection,6291106956641,dream-collection-daimyo-men-eau-de-toilette-100ml,draft,10316020056129,50531134603329
DRE06_1,Eaux De Toilette,Health & Beauty > Personal Care > Cosmetics > Perfumes & Colognes > Eaux De Toilette,Liquid,Dream Collection Secret Eau de Toilette 100ml,Default Title,Dream Collection,6291106956689,dream-collection-secret-eau-de-toilette-100ml,draft,10314637148225,50525743480897
DRE07_1,Eaux De Toilette,Health & Beauty > Personal Care > Cosmetics > Perfumes & Colognes > Eaux De Toilette,Liquid,Dream Collection Belle Ame Eau de Toilette 100ml,Default Title,Dream Collection,6291106956672,dream-collection-belle-ame-eau-de-toilette-100ml,draft,10314637508673,50525745020993
DRE08_1,Eaux De Toilette,Health & Beauty > Personal Care > Cosmetics > Perfumes & Colognes > Eaux De Toilette,Liquid,Dream Collection White Blossom Eau de Toilette 100ml,Default Title,Dream Collection,6291106956719,dream-collection-white-blossom-eau-de-toilette-100ml,draft,10314638557249,50525747281985
DRE09_1,Eaux De Toilette,Health & Beauty > Personal Care > Cosmetics > Perfumes & Colognes > Eaux De Toilette,Liquid,Dream Collection Julia Eau de Toilette 100ml,Default Title,Dream Collection,6291106956665,dream-collection-julia-eau-de-toilette-100ml,draft,10314639310913,50525750788161
DRRA001_1,Sunscreen,Health & Beauty > Personal Care > Cosmetics > Skin Care > Sunscreen,Cream,Dr. Rashel Moisture Sunscreen SPF60 60g,Default Title,Dr. Rashel,6971764153964,dr-rashel-moisture-sunscreen-spf60-60g,draft,7489621655617,41918057283649
DRRA0010_1,Heat Rubs,Health & Beauty > Health Care > First Aid > Hot & Cold Therapies > Heat Rubs,Gel,Dr Rashel Gold Soothing Gel 300g,Default Title,Dr. Rashel,6971764152110,dr-rashel-gold-soothing-gel-300g,active,7676155560001,42919596884033
DRRA003_1,Sunscreen,Health & Beauty > Personal Care > Cosmetics > Skin Care > Sunscreen,Liquid,Dr. Rashel Moisture Sun Spray SPF 60 150ml,Default Title,Dr. Rashel,6971764153971,dr-rashel-moisture-sun-spray-spf-60-150ml,draft,7489621688385,41918057316417
DRRA006_1,Sunscreen,Health & Beauty > Personal Care > Cosmetics > Skin Care > Sunscreen,Cream,Dr Rashel Vitamin C Sunscreen SPF50 50g,Default Title,Dr. Rashel,6971764156781,dr-rashel-vitamin-c-sunscreen-spf-50g,draft,7676157591617,42919598555201
DRRA007_1,Sunscreen,Health & Beauty > Personal Care > Cosmetics > Skin Care > Sunscreen,Cream,Dr Rashel Anti Aging Sun Cream SPF 100 80g,Default Title,Dr. Rashel,6971764150949,dr-rashel-anti-aging-sun-cream-spf-100-80g,draft,7676158017601,42919601143873
DRRA008_1,Sunscreen,Health & Beauty > Personal Care > Cosmetics > Skin Care > Sunscreen,Cream,Dr Rashel SPF 90 Anti Aging Sun Cream 60g,Default Title,Dr. Rashel,6971764151243,dr-rashel-spf-90-anti-aging-sun-cream-60g,draft,7675796521025,42918108823617
DRRA009_1,Facial Cleansers,Health & Beauty > Personal Care > Cosmetics > Skin Care > Facial Cleansers,Cream,Dr Rashel 24K Anti Aging Face Wash 100g,Default Title,Dr. Rashel,6971764153698,dr-rashel-24k-anti-aging-face-wash-100g,draft,7675807531073,42918122717249
DRRA01_1,Skin Care Masks & Peels,Health & Beauty > Personal Care > Cosmetics > Skin Care > Skin Care Masks & Peels,Liquid,Dr. Rashel Vitamin C Brightening and Anti-Aging Silk Mask 5pcs,Default Title,Dr. Rashel,6971764151984,dr-rashel-vitamin-c-brightening-and-anti-aging-silk-mask-5pcs,draft,7489621721153,41918057349185
DRRA02_1,Facial Cleansers,Health & Beauty > Personal Care > Cosmetics > Skin Care > Facial Cleansers,Liquid,Dr. Rashel Vitamin C Brightening and Anti-Aging Facial Cleanser 80g,Default Title,Dr. Rashel,6971764150116,dr-rashel-vitamin-c-brightening-and-anti-aging-facial-cleanser-80g,draft,7489621753921,41918057381953
DRRA03_1,Lotions & Moisturizers,Health & Beauty > Personal Care > Cosmetics > Skin Care > Lotions & Moisturizers,Cream,Dr. Rashel Vitamin C Private Part Whitening Cream 80g,Default Title,Dr. Rashel,6971764151939,dr-rashel-vitamin-c-private-part-whitening-cream-80g,draft,7489621786689,41918057414721
DRRA04_1,Toners,Health & Beauty > Personal Care > Cosmetics > Skin Care > Toners & Astringents > Toners,Liquid,Dr. Rashel Vitamin C Brightening and Anti-Aging Essence Toner 100ml,Default Title,Dr. Rashel,6971764151953,dr-rashel-vitamin-c-brightening-and-anti-aging-essence-toner-100ml,active,7489621819457,41918057447489
DRRA05_1,Face Serums,Health & Beauty > Personal Care > Cosmetics > Skin Care > Face Serums,Cream,Dr. Rashel Vitamin C Face Serum 50ml,Default Title,Dr. Rashel,6971764150130,dr-rashel-vitamin-c-face-serum-50ml,draft,7489621852225,41918057480257
DRRA07_1,Face Moisturizers,Health & Beauty > Personal Care > Cosmetics > Skin Care > Face Moisturizers,Cream,Dr. Rashel Vitamin C Brightening and Anti-Aging Face Night Cream 50g,Default Title,Dr. Rashel,6971764151946,dr-rashel-vitamin-c-brightening-and-anti-aging-face-night-cream-50g,draft,7489621884993,41918057513025
DRRA08_1,Face Moisturizers,Health & Beauty > Personal Care > Cosmetics > Skin Care > Face Moisturizers,Cream,Dr. Rashel Vitamin C Brightening and Anti-Aging Face Cream 50g,Default Title,Dr. Rashel,6971764150147,dr-rashel-vitamin-c-brightening-and-anti-aging-face-cream-50g,draft,7489621917761,41918057545793
DRRA09_1,Facial Cleansers,Health & Beauty > Personal Care > Cosmetics > Skin Care > Facial Cleansers,Cream,Dr. Rashel Vitamin C Brightening and Anti-Aging Face Cleansing Milk 100ml,Default Title,Dr. Rashel,6971764151960,dr-rashel-vitamin-c-brightening-and-anti-aging-face-cleansing-milk-100ml,draft,7489621950529,41918057578561
DRRA11_1,Face Moisturizers,Health & Beauty > Personal Care > Cosmetics > Skin Care > Face Moisturizers,Gel,Dr. Rashel Vitamin C Brightening and Anti-Aging Soothing Gel 99% 300g,Default Title,Dr. Rashel,6971764151991,dr-rashel-vitamin-c-brightening-and-anti-aging-soothing-gel-99-300g,draft,7489621983297,41918057611329
DRRA19_1,Uncategorized,Uncategorized,Cream,Dr. Rashel  Aloe Vera Soothing and Moisturizing Gel 300ml,Default Title,Dr. Rashel,6971764152127,dr-rashel-aloe-vera-soothing-and-moisturizing-gel-300ml,draft,7489622016065,41918057644097
DRRA20_1,Facial Cleansers,Health & Beauty > Personal Care > Cosmetics > Skin Care > Facial Cleansers,Serum,Dr. Rashel Facial Wash Gel Foam Gold and Collagen 100ml,Default Title,Dr. Rashel,6971764150543,dr-rashel-facial-wash-gel-foam-gold-and-collagen-100ml,draft,7489622048833,41918057676865
DRRA22_1,Face Serums,Health & Beauty > Personal Care > Cosmetics > Skin Care > Face Serums,Serum,Dr. Rashel New Gold Collagen Elastin 8 in 1 Face Serum 40ml,Default Title,Dr. Rashel,6971764150338,dr-rashel-new-gold-collagen-elastin-8-in-1-face-serum-40ml,draft,7489622081601,41918057709633
DRRA24_1,Face Serums,Health & Beauty > Personal Care > Cosmetics > Skin Care > Face Serums,,Dr Rashel Gold Collagen Elastin Serum 40ml,Default Title,Dr. Rashel,6971764150581,dr-rashel-gold-collagen-elastin-serum-40ml,draft,7525994102849,42047997706305
DRRA25_1,Face Moisturizers,Health & Beauty > Personal Care > Cosmetics > Skin Care > Face Moisturizers,Cream,Dr. Rashel Whitening Night Cream 50ml,Default Title,Dr. Rashel,6971764150178,dr-rashel-whitening-night-cream-50ml,draft,7489622114369,41918057742401
DRRA26_1,Skin Care,Health & Beauty > Personal Care > Cosmetics > Skin Care,Cream,Dr. Rashel Whitening Day Cream 50ml,Default Title,Dr. Rashel,6971764150185,dr-rashel-whitening-day-cream-50ml,draft,7489622147137,41918057775169
DRRA27_1,Skin Care,Health & Beauty > Personal Care > Cosmetics > Skin Care,Cream,Dr. Rashel Anti-Wrinkle Gel Cream 24K Gold and Collagen 50ml,Default Title,Dr. Rashel,6971764150574,dr-rashel-anti-wrinkle-gel-cream-24k-gold-and-collagen-50ml,active,7489622179905,41918057807937
DRRA29_1,Anti-Aging Skin Care,Health & Beauty > Personal Care > Cosmetics > Skin Care > Anti-Aging Skin Care,Cream,Dr. Rashel Whitening Cream 24k Gold Collagen 30ml,Default Title,Dr. Rashel,6971764150567,dr-rashel-whitening-cream-24k-gold-collagen-30ml,draft,7489622212673,41918057840705
DRRA30_1,Anti-Aging Skin Care,Health & Beauty > Personal Care > Cosmetics > Skin Care > Anti-Aging Skin Care,Cream,Dr. Rashel Vitamin C Brightening and Anti-Aging Day Cream 50g,Default Title,Dr. Rashel,6971764151922,dr-rashel-vitamin-c-brightening-and-anti-aging-day-cream-50g,active,7489622245441,41918057873473
DRRA31_1,Face Serums,Health & Beauty > Personal Care > Cosmetics > Skin Care > Face Serums,Serum,Dr. Rashel Whitening Fade Spots Serum 50ml,Default Title,Dr. Rashel,6971764150161,dr-rashel-whitening-fade-spots-serum-50ml,draft,7489622278209,41918057906241
DRRA39_1,Skin Care Masks & Peels,Health & Beauty > Personal Care > Cosmetics > Skin Care > Skin Care Masks & Peels,Gel,Dr. Rashel Black Peel Off Mask 120ml,Default Title,Dr. Rashel,6971764150864,dr-rashel-black-peel-off-mask-120ml,draft,7489622310977,41918057939009
DRRA40_1,Skin Care Masks & Peels,Health & Beauty > Personal Care > Cosmetics > Skin Care > Skin Care Masks & Peels,Lotion,Dr. Rashel Black Mask Whitening Complexion 100ml,Default Title,Dr. Rashel,6948996211571,dr-rashel-black-mask-whitening-complexion-100ml,draft,7489622343745,41918057971777
DRRA44_1,Skin Care,Health & Beauty > Personal Care > Cosmetics > Skin Care,Cream,Dr. Rashel Black Whitening Cream For Body and Private Parts 100g,Default Title,Dr. Rashel,6971764150970,dr-rashel-black-whitening-cream-for-body-and-private-parts-100g,draft,7489622376513,41918058004545
DRRA47_1,Skin Care,Health & Beauty > Personal Care > Cosmetics > Skin Care,Cream,Dr. Rashel Vitamin C Brightening Face Wash 100g,Default Title,Dr. Rashel,6971764153674,dr-rashel-vitamin-c-brightening-face-wash-100g,draft,7489622409281,41918058037313
DRRA50_1,Face Serums,Health & Beauty > Personal Care > Cosmetics > Skin Care > Face Serums,Serum,Dr. Rashel 24K Gold VIP All in One Face Serum,Default Title,Dr. Rashel,6971764150093,dr-rashel-24k-gold-vip-all-in-one-face-serum,draft,7489622442049,41918058070081
DRRA58_1,Skin Care,Health & Beauty > Personal Care > Cosmetics > Skin Care,Cream,Dr. Rashel Body and Private Parts Whitening Cream 100g,Default Title,Dr. Rashel,6971764154510,dr-rashel-body-and-private-parts-whitening-cream-100g,draft,7489622474817,41918058102849
DRRA59_1,Sunscreen,Health & Beauty > Personal Care > Cosmetics > Skin Care > Sunscreen,Cream,Dr. Rashel Sun Cream Whitening SPF 75 60g,Default Title,Dr. Rashel,6971764151250,dr-rashel-sun-cream-whitening-spf-75-60g,active,7489622507585,41918058135617
DRRA64_1,Lotions & Moisturizers,Health & Beauty > Personal Care > Cosmetics > Skin Care > Lotions & Moisturizers,Cream,Dr. Rashel Vitamin C Body Butter 250g,Default Title,Dr. Rashel,6971764154473,dr-rashel-vitamin-c-body-butter-250g,active,7489622540353,41918058168385
DRRA65_1,Sunscreen,Health & Beauty > Personal Care > Cosmetics > Skin Care > Sunscreen,Cream,Dr. Rashel Sun Cream Hydrate SPF50 60g,Default Title,Dr. Rashel,6971764151267,dr-rashel-sun-cream-hydrate-spf50-60g,draft,7489622573121,41918058201153
DRRA68_1,Skin Care Masks & Peels,Health & Beauty > Personal Care > Cosmetics > Skin Care > Skin Care Masks & Peels,Cream,Dr. Rashel Vitamin C Face and Body Scrub 250ml,Default Title,Dr. Rashel,6971764154466,dr-rashel-vitamin-c-face-and-body-scrub-250ml,draft,7489622605889,41918058233921
DRRA75_1,Face Serums,Health & Beauty > Personal Care > Cosmetics > Skin Care > Face Serums,Lotion,Dr. Rashel 24K Radiance and Anti Aging Primer Serum 50ml,Default Title,Dr. Rashel,6971764151397,dr-rashel-24k-radiance-and-anti-aging-primer-serum-50ml,draft,7489622638657,41918058266689
DRRA76_1,Lotions & Moisturizers,Health & Beauty > Personal Care > Cosmetics > Skin Care > Lotions & Moisturizers,Lotion,Dr. Rashel Vitamin C Body Lotion 300ml,Default Title,Dr. Rashel,6971764154459,dr-rashel-vitamin-c-body-lotion-300ml,draft,7489622671425,41918058299457
DRRA85_1,Facial Cleansers,Health & Beauty > Personal Care > Cosmetics > Skin Care > Facial Cleansers,Cream,Dr Rashel 24K Gold Radiance & Anti-Aging Cleansing Gel 100ml,Default Title,Dr. Rashel,6971764151434,dr-rashel-24k-gold-radiance-anti-aging-cleansing-gel-100ml,active,7525990826049,42047965954113
DRRA90_1,Sunscreen,Health & Beauty > Personal Care > Cosmetics > Skin Care > Sunscreen,Cream,Dr. Rashel Sun Cream SPF60 80g,Default Title,Dr. Rashel,6971764150932,dr-rashel-sun-cream-spf60-80g,draft,7489622704193,41918058332225
DRRA91_1,Sunscreen,Health & Beauty > Personal Care > Cosmetics > Skin Care > Sunscreen,Cream,Dr. Rashel Sun Cream SPF75 80g,Default Title,Dr. Rashel,6971764151199,dr-rashel-sun-cream-spf75-80g,active,7489622736961,41918058364993
DRS01_1,Massagers,Health & Beauty > Personal Care > Massage & Relaxation > Massagers,Cream,Derma Roller System with 540 Micro Needles,Default Title,Derma Roller,6902540752361,derma-roller-system-with-540-micro-needles,active,7489622769729,41918058397761
EC002_1,Sunscreen,Health & Beauty > Personal Care > Cosmetics > Skin Care > Sunscreen,,Eucerin Anti-Shine Sunscreen SPF50 75ml,Default Title,Eucerin,056594020108,eucerin-anti-shine-sunscreen-spf50-75ml,draft,7525994528833,42048002949185
EC003_1,Sunscreen,Health & Beauty > Personal Care > Cosmetics > Skin Care > Sunscreen,Cream,Eucerin Age Defense Sunscreen SPF50 75ml,Default Title,Eucerin,056594020092,eucerin-age-defense-sunscreen-spf50-75ml,draft,7489622802497,41918058430529
EC004_1,Sunscreen,Health & Beauty > Personal Care > Cosmetics > Skin Care > Sunscreen,,Eucerin Sensitive Mineral Tinted Lotion SPF35 50ml,Default Title,Eucerin,056594020023,eucerin-sensitive-mineral-tinted-lotion-spf35-50ml,draft,7526384435265,42049122205761
EG01_1,Skin Care,Health & Beauty > Personal Care > Cosmetics > Skin Care,Cream,Egyptian Magic Gold Night Cream 38ml,Default Title,Egyptian Magic,4793002324002,egyptian-magic-gold-night-cream-38ml,active,7489622835265,41918058463297
EG03_1,Anti-Aging Skin Care,Health & Beauty > Personal Care > Cosmetics > Skin Care > Anti-Aging Skin Care,,Egyptian Magic Diamond Whitening Night Cream 38g,Default Title,Egyptian Magic,No Barcode,egyptian-magic-diamond-whitening-night-cream-38g,draft,7489622868033,41918058496065
EG04_1,Health & Beauty,Health & Beauty,Lotion,Egyptian Magic Diamond Herbal Body Lotion 300ml,Default Title,Egyptian Magic,No Barcode,egyptian-magic-diamond-herbal-body-lotion-300ml,draft,7489622900801,41918058528833
EG05_1,Lotions & Moisturizers,Health & Beauty > Personal Care > Cosmetics > Skin Care > Lotions & Moisturizers,Cream,Egyptian Magic Rose Whitening Day Cream 38g,Default Title,Egyptian Magic,No Barcode,egyptian-magic-rose-whitening-day-cream-38g,draft,7489622933569,41918058561601
EG07_1,Lotions & Moisturizers,Health & Beauty > Personal Care > Cosmetics > Skin Care > Lotions & Moisturizers,Lotion,Egyptian Magic Herbal Body Lotion,Default Title,Egyptian Magic,No Barcode,egyptian-magic-herbal-body-lotion,active,7489622966337,41918058594369
EGYP001_1,Anti-Aging Skin Care,Health & Beauty > Personal Care > Cosmetics > Skin Care > Anti-Aging Skin Care,Cream,Egyptian Magic Radiance Age Miracle Cream 40g,Default Title,Egyptian Magic,No Barcode,egyptian-magic-radiance-age-miracle-cream-40g,active,7660769869889,42828894076993
ERPNEXT-EDIT-PROBE-01,,,,ERPNext Edit Probe (temp) EDIT-PROBE-DO-NOT-KEEP,Default Title,Cosmetics.lk,,erpnext-edit-probe-temp,draft,8088176918593,44628139835457
EU001_1,Lotions & Moisturizers,Health & Beauty > Personal Care > Cosmetics > Skin Care > Lotions & Moisturizers,,Eucerin Calming Lotion Dry Itchy Skin 250ml,Default Title,Eucerin,056594015449,eucerin-calming-lotion-dry-itchy-skin-250ml,draft,7525996560449,42048006258753
EU005_1,Lotions & Moisturizers,Health & Beauty > Personal Care > Cosmetics > Skin Care > Lotions & Moisturizers,,Eucerin Complete Repair Plus Moisturizing Lotion 250ml,Default Title,Eucerin,056594004580,eucerin-complete-repair-plus-moisturizing-lotion-250ml,draft,7526383550529,42049120763969
FADE10_1,Anti-Aging Skin Care,Health & Beauty > Personal Care > Cosmetics > Skin Care > Anti-Aging Skin Care,Cream,Fadeout Collagen Night Cream 75ml,Default Title,Fadeout,No Barcode,fadeout-collagen-night-cream-75ml,draft,7489623031873,41918058659905
FADE11_1,Face Moisturizers,Health & Beauty > Personal Care > Cosmetics > Skin Care > Face Moisturizers,Cream,Fadeout Pure Glow Whitening Day Cream 50ml,Default Title,Fadeout,No Barcode,fadeout-pure-glow-whitening-day-cream-50ml,draft,7489623064641,41918058692673
FADE12_1,Skin Care,Health & Beauty > Personal Care > Cosmetics > Skin Care,Cream,Fade Out Advanced Whitening Night Cream 50ml,Default Title,Fadeout,703878200038,fade-out-advanced-whitening-night-cream-50ml,draft,7489623097409,41918058725441
FADE14_1,Skin Care,Health & Beauty > Personal Care > Cosmetics > Skin Care,Cream,Fade Out Anti-Wrinkle Whitening Night Cream Hyaluronic Acid 50ml,Default Title,Fadeout,703878000157,fade-out-anti-wrinkle-whitening-night-cream-hyaluronic-acid-50ml,draft,7489623130177,41918058758209
FADE16_1,Lotions & Moisturizers,Health & Beauty > Personal Care > Cosmetics > Skin Care > Lotions & Moisturizers,Cream,Fadeout Collagen Boost Whitening Day Cream SPF 25 50ml,Default Title,Fadeout,No Barcode,fadeout-collagen-boost-whitening-day-cream-spf-25-50ml,draft,7489623162945,41918058790977
FADE17_1,Skin Care,Health & Beauty > Personal Care > Cosmetics > Skin Care,Cream,Fadeout Advanced Whitening Day Cream 50ml,Default Title,Fadeout,703878200021,fadeout-advanced-whitening-day-cream-50ml,draft,7489623195713,41918058823745
FADE18_1,Anti-Aging Skin Care,Health & Beauty > Personal Care > Cosmetics > Skin Care > Anti-Aging Skin Care,Cream,Fade Out Anti-Wrinkle Whitening Day Cream SPF 25 50ml,Default Title,Fadeout,703878000140,fade-out-anti-wrinkle-whitening-day-cream-spf-25-50ml,draft,7489623228481,41918058856513
FADE19_1,Lotions & Moisturizers,Health & Beauty > Personal Care > Cosmetics > Skin Care > Lotions & Moisturizers,Cream,Fade Out Pure Glow Whitening Night Cream 50ml,Default Title,Fadeout,No Barcode,fade-out-pure-glow-whitening-night-cream-50ml,draft,7489623261249,41918058889281
FADE20_1,Eye Creams,Health & Beauty > Personal Care > Cosmetics > Skin Care > Eye Creams,,Fade Out Advanced Brightening Eye Defence Day Cream SPF 20 15ml,Default Title,Fadeout,703878001055,fade-out-advanced-brightening-eye-defence-day-cream-spf-20-15ml,draft,7526385418305,42049123876929
FAW03_1,Uncategorized,Uncategorized,,Fadeout Whitening Night Cream 50ml,Default Title,Fadeout,No Barcode,fadeout-whitening-night-cream-50ml,draft,7489623294017,41918058922049
FDA01_1,Face Serums,Health & Beauty > Personal Care > Cosmetics > Skin Care > Face Serums,,Fadeout Collagen Boost Whitening Serum 30ml,Default Title,Fadeout,703878000829,fadeout-collagen-boost-whitening-serum-30ml,active,7544597250113,42096414261313
FDA02_1,Face Serums,Health & Beauty > Personal Care > Cosmetics > Skin Care > Face Serums,,Fadeout Anti-Wrinkle Whitening Serum 30ml,Default Title,Fadeout,703878000812,fadeout-anti-wrinkle-whitening-serum-30ml,active,7544598265921,42096415637569
FDA03_1,Face Serums,Health & Beauty > Personal Care > Cosmetics > Skin Care > Face Serums,,Fadeout Advanced Niacinamide Whitening Serum 30ml,Default Title,Fadeout,703878000805,fadeout-advanced-niacinamide-whitening-serum-30ml,draft,7544598659137,42096419471425
FDA04_1,Face Serums,Health & Beauty > Personal Care > Cosmetics > Skin Care > Face Serums,,Fadeout Pure Glow Vitamin C Whitening Serum 30ml,Default Title,Fadeout,703878000928,fadeout-pure-glow-vitamin-c-whitening-serum-30ml,draft,7544599183425,42096426385473
FDFH01_1,Skin Care Tools,Health & Beauty > Personal Care > Cosmetics > Cosmetic Tools > Skin Care Tools,,Flawless Dermaplane Lighted Facial Exfoliator,Default Title,Flawless,059593096891,flawless-dermaplane-lighted-facial-exfoliator,draft,7526389612609,42049144586305
FDFH02_1,Hair Removal,Health & Beauty > Personal Care > Shaving & Grooming > Hair Removal,,Flawless Electric Eyebrow Remover,Default Title,Flawless,059593095771,flawless-electric-eyebrow-remover,draft,7526416416833,42049277263937
FL_01_1,Skin Care Rollers,Health & Beauty > Personal Care > Cosmetics > Cosmetic Tools > Skin Care Tools > Skin Care Rollers,,Flawless Facial Massager Jade Roller and Gua Sha Stone,Default Title,Flawless,7545020424083,flawless-facial-massager-jade-roller-and-gua-sha-stone,draft,7489623326785,41918058954817
FL_01_2,Skin Care Rollers,Health & Beauty > Personal Care > Cosmetics > Cosmetic Tools > Skin Care Tools > Skin Care Rollers,,Flawless Facial Massager Jade Roller and Gua Sha Stone,Default Title,Flawless,6758521571083,flawless-facial-massager-jade-roller-and-gua-sha-stone-2,draft,7667362398273,42864546840641
FL_04_1,Massagers,Health & Beauty > Personal Care > Massage & Relaxation > Massagers,,Flawless Contour Vibrating Facial Roller and Massager,Default Title,Flawless,754502042401,flawless-contour-vibrating-facial-roller-and-massager,draft,7489623359553,41918058987585
FOBM04_1,Skin Care Masks & Peels,Health & Beauty > Personal Care > Cosmetics > Skin Care > Skin Care Masks & Peels,,Fraijour Original Herb Wormwood O2 Mask Pack 300ml,Default Title,Fraijour,8802929005447,fraijour-original-herb-wormwood-o2-mask-pack-300ml,draft,7527245578305,42052523917377
FOBM07_1,Skin Care Masks & Peels,Health & Beauty > Personal Care > Cosmetics > Skin Care > Skin Care Masks & Peels,,Fraijour Original Herb Wormwood Peeling Gel 150ml,Default Title,Fraijour,8802929882604,fraijour-original-herb-wormwood-peeling-gel-150ml,draft,7526421987393,42049295646785
FOCT01_1,Toners,Health & Beauty > Personal Care > Cosmetics > Skin Care > Toners & Astringents > Toners,,Fraijour Original Herb Wormwood Calming Toner 500ml,Default Title,Fraijour,8802929000473,fraijour-original-herb-wormwood-calming-toner-500ml,draft,7526419955777,42049288142913
FOCW02_1,Face Moisturizers,Health & Beauty > Personal Care > Cosmetics > Skin Care > Face Moisturizers,,Fraijour Original Wormwood Calming Watery Cream 100ml,Default Title,Fraijour,8802929004822,fraijour-original-wormwood-calming-watery-cream-100ml,draft,7526442532929,42049405747265
FOMM06_1,Compressed Skin Care Mask Sheets,Health & Beauty > Personal Care > Cosmetics > Skin Care > Compressed Skin Care Mask Sheets,,Fraijour Original Herb Wormwood Sheet Mask 23ml,Default Title,Fraijour,8802929005614,fraijour-original-herb-wormwood-sheet-mask-23ml,draft,7526441844801,42049404043329
GA01_1,Shampoo,Health & Beauty > Personal Care > Hair Care > Shampoo & Conditioner > Shampoo,Gel,Garnier Fructis Curly Method Shampoo 200ml,Default Title,Garnier,3600542638166,garnier-fructis-curly-method-shampoo-200ml,active,8004752375873,44306901467201
GAL02_1,Skin Care,Health & Beauty > Personal Care > Cosmetics > Skin Care,Cream,Garnier Light Complete Brightening Face Wash 100ml,Default Title,Garnier,8991380700029,garnier-light-complete-brightening-face-wash-100ml,active,7489623392321,41918059020353
GAL03_1,Face Serums,Health & Beauty > Personal Care > Cosmetics > Skin Care > Face Serums,Serum,Garnier Bright Complete Vitamin C Serum 30ml,Default Title,Garnier,8994993011377,garnier-bright-complete-vitamin-c-serum-30ml,active,7489623425089,41918059053121
GAM02_1,Skin Care,Health & Beauty > Personal Care > Cosmetics > Skin Care,Liquid,Garnier Micellar Cleansing Water All in 1 125ml,Default Title,Garnier,6928820043042,garnier-micellar-cleansing-water-all-in-1-125ml,active,7489623457857,41918059085889
GAM02_2,Skin Care,Health & Beauty > Personal Care > Cosmetics > Skin Care,Liquid,Garnier Micellar Cleansing Water All in 1 125ml - Indonesia,Default Title,Garnier,6928820029572,garnier-micellar-cleansing-water-all-in-1-125ml-2,active,7754230104129,43201281097793
GAM03_1,Uncategorized,Uncategorized,Liquid,Garnier Micellar Cleansing Water All-in-1 100ml,Default Title,Garnier,No Barcode,garnier-micellar-cleansing-water-all-in-1-100ml,draft,7489623490625,41918059118657
GAM04_1,Makeup Removers,Health & Beauty > Personal Care > Cosmetics > Skin Care > Makeup Removers,Liquid,Garnier Micellar Cleansing Water Rose Water 125ml,Default Title,Garnier,8994993014194,garnier-micellar-cleansing-water-rose-water-125ml,draft,7754233282625,43201287225409
GAM05_1,Makeup Removers,Health & Beauty > Personal Care > Cosmetics > Skin Care > Makeup Removers,Liquid,Garnier Micellar Cleansing Water Salicylic BHA 125ml,Default Title,Garnier,8994993019656,garnier-micellar-cleansing-water-salicylic-bha-125ml,active,7754233970753,43201288273985
GAR001_1,Uncategorized,Uncategorized,,Garnier Ultimate Blends Banana 3 in 1 Hair Mask 400ml,,Garnier,3600542140775,,,erp-GAR001_1,erp-GAR001_1
GAR002_1,Face Moisturizers,Health & Beauty > Personal Care > Cosmetics > Skin Care > Face Moisturizers,Cream,Garnier Salycilic Fresh & Matte Sorbet Cream 85ml,Default Title,Garnier,3600542663267,garnier-salycilic-fresh-matte-sorbet-cream-85ml,active,7969987887169,44156888350785
GAR003_1,Face Moisturizers,Health & Beauty > Personal Care > Cosmetics > Skin Care > Face Moisturizers,Cream,Garnier Vitamin C Fresh  Bright Sorbet Cream 85ml,Default Title,Garnier,3600542662987,garnier-vitamin-c-fresh-bright-sorbet-cream-85ml,active,7969956298817,44156831563841
GAR01_1,Hair Care,Health & Beauty > Personal Care > Hair Care,,Garnier Ultra Sweet Hair Remedy 72H Smoothing Mask 340ml,Default Title,Garnier,3600542597012,garnier-ultra-sweet-hair-remedy-72h-smoothing-mask-340ml,draft,7718544080961,43099188166721
GAR02_1,Hair Care,Health & Beauty > Personal Care > Hair Care,,Garnier Ultra Sweet Hair Remedy Nourishing Mask 340ml,Default Title,Garnier,3600542509558,garnier-ultra-sweet-hair-remedy-nourishing-mask-340ml,draft,7718442205249,43098584449089
GAR03_1,Hair Care,Health & Beauty > Personal Care > Hair Care,,Garnier Ultra Sweet Hair Remedy Illuminating Repairing Mask 340ml,Default Title,Garnier,3600542628273,garnier-ultra-sweet-hair-remedy-illuminating-repairing-mask-340ml,draft,7718531530817,43098942865473
GAR04_1,Hair Styling Products,Health & Beauty > Personal Care > Hair Care > Hair Styling Products,Cream,Garnier Method For Curls Mask 370ml - UK,Default Title,Garnier,3600542635202,garnier-method-for-curls-mask-370ml,active,7785228468289,43495025377345
GAR04_2,Hair Styling Products,Health & Beauty > Personal Care > Hair Care > Hair Styling Products,Cream,Garnier Method For Curls Mask 370ml - France,Default Title,Garnier,3600542590624,garnier-method-for-curls-mask-370ml-france,active,7787667292225,43542842671169
GAR04_3,Hair Masks,Health & Beauty > Personal Care > Hair Care > Hair Treatments > Hair Masks,Cream,Garnier Method For Curls Mask 370ml,Default Title,Garnier,3600542672863,garnier-method-for-curls-mask-370ml-3,active,7969315455041,44155135983681
GAR04_4,Hair Masks,Health & Beauty > Personal Care > Hair Care > Hair Treatments > Hair Masks,Cream,Garnier Method For Curls Mask 370ml - Germany,Default Title,Garnier,3600542590631,garnier-method-for-curls-mask-370ml-germany,active,8080864346177,44591546990657
GAR05_1,Makeup Removers,Health & Beauty > Personal Care > Cosmetics > Skin Care > Makeup Removers,Liquid,Garnier SkinActive Micellar Cleansing Water All-in-1 100ml,Default Title,Garnier,3600542081207,garnier-skinactive-micellar-cleansing-water-all-in-1-100ml,active,7872588054593,43741649698881
GAR06_1,Sunscreen,Health & Beauty > Personal Care > Cosmetics > Skin Care > Sunscreen,Cream,Garnier Vitamin C Daily UV Invisible Fluid Sunscreen Moisturizer SPF 50+ 50 ml,Default Title,Garnier,603084093366,garnier-vitamin-c-daily-uv-invisible-fluid-sunscreen-moisturizer-spf-50-50-ml,active,8033759690817,44385390919745
GAR07_1,Sunscreen,Health & Beauty > Personal Care > Cosmetics > Skin Care > Sunscreen,Lotion,Garnier Vitamin C Daily UV Glow Fluid Sunscreen Moisturizer SPF 50+ 50 ml,Default Title,Garnier,603084093687,garnier-vitamin-c-daily-uv-glow-fluid-sunscreen-moisturizer-spf-50-50-ml,active,8038689144897,44404124024897
GAR08_1,Face Serums,Health & Beauty > Personal Care > Cosmetics > Skin Care > Face Serums,,Garnier SkinActive Vitamin C Night Serum 30ml,Default Title,Garnier,3600542571401,garnier-skinactive-vitamin-c-night-serum-30ml,draft,7489623523393,41918059151425
GARN001_1,Face Moisturizers,Health & Beauty > Personal Care > Cosmetics > Skin Care > Face Moisturizers,Cream,Garnier Vitamin C Moisturizing Day Cream 50ml,Default Title,Garnier,3600542453141,garnier-vitamin-c-moisturizing-day-cream-50ml,draft,7671937728577,42891107369025
GARN002_1,Facial Cleansers,Health & Beauty > Personal Care > Cosmetics > Skin Care > Facial Cleansers,Cream,Garnier Vitamin C Brightening Cream Cleanser 250ml,Default Title,Garnier,3600542586061,garnier-vitamin-c-brightening-cream-cleanser-250ml,draft,7671985471553,42891547770945
GARN003_1,Facial Cleansers,Health & Beauty > Personal Care > Cosmetics > Skin Care > Facial Cleansers,Cream,Garnier Hydrating Hyaluronic Acid Deep Cleanser 250ml,Default Title,Garnier,3600542512626,garnier-hydrating-hyaluronic-acid-deep-cleanser-250ml,draft,7672015913025,42891826397249
GARN004_1,Makeup Removers,Health & Beauty > Personal Care > Cosmetics > Skin Care > Makeup Removers,Liquid,Garnier Skin Active Micellar Cleansing Water Vitamin C 400ml,Default Title,Garnier,3600542444064,garnier-skin-active-micellar-cleansing-water-vitamin-c-400ml,draft,7671884120129,42890687021121
GARN005_1,Shampoo,Health & Beauty > Personal Care > Hair Care > Shampoo & Conditioner > Shampoo,LiquidGel,Garnier Ultimate Blends Repairing Papaya Hair Food Shampoo 350ml,Default Title,Garnier,3600542342698,garnier-ultimate-blends-repairing-papaya-hair-food-shampoo-350ml,draft,7673505022017,42903440654401
GARN006_1,Conditioners,Health & Beauty > Personal Care > Hair Care > Shampoo & Conditioner > Conditioners,LiquidGel,Garnier Ultimate Blends Nourishing Banana Hair Food Conditioner 350ml,Default Title,Garnier,3600542342896,garnier-ultimate-blends-nourishing-banana-hair-food-conditioner-350ml,active,7673541427265,42903721476161
GARN007_1,Conditioners,Health & Beauty > Personal Care > Hair Care > Shampoo & Conditioner > Conditioners,LiquidGel,Garnier Ultimate Blends Repairing Papaya Hair Food Conditioner 350ml,Default Title,Garnier,3600542342650,garnier-ultimate-blends-repairing-papaya-hair-food-conditioner-350ml,draft,7673577570369,42903982932033
GARN008_1,Shampoo,Health & Beauty > Personal Care > Hair Care > Shampoo & Conditioner > Shampoo,LiquidGel,Garnier Ultimate Blends Nourishing Banana Hair Food Shampoo 350ml,Default Title,Garnier,3600542342933,garnier-ultimate-blends-nourishing-banana-hair-food-shampoo-350ml,active,7673596051521,42904121442369
GARN009_1,Facial Cleansers,Health & Beauty > Personal Care > Cosmetics > Skin Care > Facial Cleansers,Cream,Garnier Hyaluron Cream Cleanser 250ml,Default Title,Garnier,3600542586016,garnier-hyaluron-cream-cleanser-250ml,draft,7675627831361,42916795514945
GAS08_1,Sunscreen,Health & Beauty > Personal Care > Cosmetics > Skin Care > Sunscreen,Cream,Garnier Ambre Solaire Sunscreen SPF50 40ml,Default Title,Garnier,3600542297813,garnier-ambre-solaire-sunscreen-spf50-40ml,draft,7489623556161,41918059184193
GBC02_1,Facial Cleansers,Health & Beauty > Personal Care > Cosmetics > Skin Care > Facial Cleansers,Serum,Garnier Bright Anti-Acne 3-in-1 Cleanser 100ml,Default Title,Garnier,8994993018222,garnier-bright-anti-acne-3-in-1-cleanser-100ml,draft,7552081133633,42118902513729
GBC03_1,Facial Cleansers,Health & Beauty > Personal Care > Cosmetics > Skin Care > Facial Cleansers,Liquid,Garnier Bright Complete Vitamin C Face Scrub 100ml,Default Title,Garnier,8991380700609,garnier-bright-complete-vitamin-c-face-scrub-100ml,active,7544098750529,42095300214849
GBC04_1,Facial Cleansers,Health & Beauty > Personal Care > Cosmetics > Skin Care > Facial Cleansers,Liquid,Garnier Bright Complete Vitamin C Face Wash 150ml,Default Title,Garnier,8994993007943,garnier-bright-complete-vitamin-c-face-wash-150ml,draft,7544080105537,42095259025473
GBC05_1,Skin Care Masks & Peels,Health & Beauty > Personal Care > Cosmetics > Skin Care > Skin Care Masks & Peels,Liquid,Garnier Bright Complete Vitamin C Serum Mask 28g,Default Title,Garnier,6970175255304,garnier-bright-complete-vitamin-c-serum-mask-28g,draft,7544609243201,42096474554433
GBC06_1,Facial Cleansers,Health & Beauty > Personal Care > Cosmetics > Skin Care > Facial Cleansers,Liquid,Garnier Bright Complete Vitamin C Super Whip Deeply Cleanses & Brightens 100ml,Default Title,Garnier,8994993009015,garnier-bright-complete-vitamin-c-super-whip-deeply-cleanses-brightens-100ml,draft,7544090558529,42095278817345
GBC07_1,Skin Care Masks & Peels,Health & Beauty > Personal Care > Cosmetics > Skin Care > Skin Care Masks & Peels,,Garnier Bright Complete Bright Up Serum Mask 28g,Default Title,Garnier,6923700941586,garnier-bright-complete-bright-up-serum-mask-28g,draft,7544608555073,42096472293441
GBC08_1,Face Moisturizers,Health & Beauty > Personal Care > Cosmetics > Skin Care > Face Moisturizers,Gel,Garnier Bright Complete Vitamin C Water Gel 50ml,Default Title,Garnier,8994993025664,garnier-bright-complete-vitamin-c-water-gel-50ml,draft,7544092590145,42095281569857
GBNG01_1,Uncategorized,Uncategorized,Cream,Garnier Vitamin C Body Superfood 380ml - Germany,Default Title,Garnier,3600542546096,garnier-vitamin-c-body-superfood-380ml,active,7489623588929,41918059216961
GBNG01_2,Lotions & Moisturizers,Health & Beauty > Personal Care > Cosmetics > Skin Care > Lotions & Moisturizers,Cream,Garnier Vitamin C Body Superfood 380ml - France,Default Title,Garnier,3600542546089,garnier-vitamin-c-body-superfood-380ml-2,active,7708464414785,43065557581889
GBNG01_3,Body Oil,Health & Beauty > Personal Care > Cosmetics > Skin Care > Body Oil,Cream,Garnier Vitamin C Body Superfood 380ml,Default Title,Garnier,3600542546102,garnier-vitamin-c-body-superfood-380ml-3,active,7897952321601,43917727957057
GBV01_1,Face Moisturizers,Health & Beauty > Personal Care > Cosmetics > Skin Care > Face Moisturizers,Cream,Garnier Bright Complete Vitamin C Night Cream 50ml,Default Title,Garnier,8992304094774,garnier-bright-complete-vitamin-c-night-cream-50ml,active,7528210137153,42054530236481
GBV01_2,Face Moisturizers,Health & Beauty > Personal Care > Cosmetics > Skin Care > Face Moisturizers,Serum,GARNIER Bright Complete Vitamin C Night Cream 50ml - Indonesia,Default Title,Garnier,8992304005206,garnier-bright-complete-vitamin-c-night-cream-50ml-2,active,7539111067713,42081503117377
GCN01_1,Hair Color,Health & Beauty > Personal Care > Hair Care > Hair Color,Powder,Garnier Hair Color Natural Black 35ml + 30g,Default Title,Garnier,8901526204731,garnier-hair-color-natural-black-35ml-30g,active,7489623654465,41918059249729
GCN02_1,Hair Color,Health & Beauty > Personal Care > Hair Care > Hair Color,Cream,Garnier Color Naturals Darkest Brown 35ml + 30g,Default Title,Garnier,8901526204748,garnier-color-naturals-darkest-brown-35ml-30g,active,7489623687233,41918059282497
GEH01_1,Multivitamin Supplements,Health & Beauty > Health Care > Fitness & Nutrition > Vitamins & Supplements > Multivitamin Supplements,Gel,Genuine Health Omega 3 120 Softgels,Default Title,Genuine Health,624777000904,genuine-health-omega-3-120-softgels,draft,7533596246081,42068204453953
GEH02_1,Multivitamin Supplements,Health & Beauty > Health Care > Fitness & Nutrition > Vitamins & Supplements > Multivitamin Supplements,Gel,Genuine Health Omega3+ Triple Strength + D3 60 Softgels,Default Title,Genuine Health,624777006135,genuine-health-omega3-triple-strength-d3-60-softgels,draft,7528619016257,42055408353345
GEH03_1,Multivitamin Supplements,Health & Beauty > Health Care > Fitness & Nutrition > Vitamins & Supplements > Multivitamin Supplements,Gel,Genuine Health Omega3+ Joy 120 Softgels,Default Title,Genuine Health,624777000966,genuine-health-omega3-joy-120-softgels,draft,7533596442689,42068207829057
GEH04_1,Herbal Supplements,Health & Beauty > Health Care > Fitness & Nutrition > Vitamins & Supplements > Herbal Supplements,Capsules,Genuine Health Deep Sleep with Reishi Mushroom 60 Capsules,Default Title,Genuine Health,624777011238,genuine-health-deep-sleep-with-reishi-mushroom-60-capsules,draft,7533596573761,42068211695681
GEH06_1,Amino Acids,Health & Beauty > Health Care > Fitness & Nutrition > Vitamins & Supplements > Amino Acids,Powder,Genuine Health Marine Clean Collagen Unflavored 210g,Default Title,Genuine Health,624777010484,genuine-health-marine-clean-collagen-unflavored-210g,draft,7534002602049,42068459814977
GEH07_1,Protein Supplements,Health & Beauty > Health Care > Fitness & Nutrition > Vitamins & Supplements > Protein Supplements,Powder,Genuine Health Clean Collagen Unflavored 280g,Default Title,Genuine Health,624777010446,genuine-health-clean-collagen-unflavored-280g,draft,7533596868673,42068215660609
GEH08_1,Protein Supplements,Health & Beauty > Health Care > Fitness & Nutrition > Vitamins & Supplements > Protein Supplements,Powder,Genuine Health Clean Collagen Unflavored 160g,Default Title,Genuine Health,624777010408,genuine-health-clean-collagen-unflavored-160g,draft,7533597655105,42068216545345
GEH09_1,Collagen,Health & Beauty > Health Care > Fitness & Nutrition > Vitamins & Supplements > Collagen,Powder,Genuine Health Clean Collagen Pineapple Berry Flavor 172g,Default Title,Genuine Health,624777010415,genuine-health-clean-collagen-pineapple-berry-flavor-172g,draft,7533636157505,42068295385153
GEH10_1,Herbal Supplements,Health & Beauty > Health Care > Fitness & Nutrition > Vitamins & Supplements > Herbal Supplements,Powder,Genuine Health Daily Detox Greens+ 204g,Default Title,Genuine Health,624777012921,genuine-health-daily-detox-greens-204g,draft,7539176538177,42081594867777
GEH11_1,Herbal Supplements,Health & Beauty > Health Care > Fitness & Nutrition > Vitamins & Supplements > Herbal Supplements,Powder,Genuine Health Greens+ Original Green Superfood 208g 25 Servings,Default Title,Genuine Health,624777012792,genuine-health-greens-original-green-superfood-208g-25-servings,draft,7591793131585,42255944384577
GEN001_1,Herbal Supplements,Health & Beauty > Health Care > Fitness & Nutrition > Vitamins & Supplements > Herbal Supplements,,Genacol Bone & Joint 90 Capsules,Default Title,Genacol,828875190004,genacol-bone-joint-90-capsules,draft,7539802767425,42083642179649
GEN002_1,Herbal Supplements,Health & Beauty > Health Care > Fitness & Nutrition > Vitamins & Supplements > Herbal Supplements,Tablets,Genacol Optimum 90 Tablets,Default Title,Genacol,828875106005,genacol-optimum-90-tablets,draft,7539796508737,42083627139137
GEN003_1,Herbal Supplements,Health & Beauty > Health Care > Fitness & Nutrition > Vitamins & Supplements > Herbal Supplements,Capsules,Genacol Plus 90 Capsules,Default Title,Genacol,828875003007,genacol-plus-90-capsules,draft,7539789594689,42083614163009
GEN004_1,Vitamins & Supplements,Health & Beauty > Health Care > Fitness & Nutrition > Vitamins & Supplements,Capsules,Genacol Original 90 Capsules,Default Title,Genacol,828875002000,genacol-original-90-capsules,draft,7533606043713,42068262748225
GEN005_1,Herbal Supplements,Health & Beauty > Health Care > Fitness & Nutrition > Vitamins & Supplements > Herbal Supplements,Capsules,Genacol Anti-Inflammatory 90 Capsules,Default Title,Genacol,828875103004,genacol-anti-inflammatory-90-capsules,draft,7533598572609,42068219396161
GEN006_1,Vitamins & Supplements,Health & Beauty > Health Care > Fitness & Nutrition > Vitamins & Supplements,Capsules,Genacol Pain Relief 90 Capsules,Default Title,Genacol,828875101000,genacol-pain-relief-90-capsules,draft,7533601030209,42068222607425
GEN007_1,Vitamins & Supplements,Health & Beauty > Health Care > Fitness & Nutrition > Vitamins & Supplements,Capsules,Genacol Pain Relief 150 Capsules,Default Title,Genacol,828875107002,genacol-pain-relief-150-capsules,draft,7533596966977,42068215791681
GEN008_1,Herbal Supplements,Health & Beauty > Health Care > Fitness & Nutrition > Vitamins & Supplements > Herbal Supplements,,Genacol Anti-Inflammatory 150 Capsules,Default Title,Genacol,828875108009,genacol-anti-inflammatory-150-capsules,draft,7539796574273,42083627204673
GFFP01_1,Hair Styling Products,Health & Beauty > Personal Care > Hair Care > Hair Styling Products,Liquid,Garnier Fructis Flatiron Perfector Straightening Mist 177ml,Default Title,Garnier,603084223893,garnier-fructis-flatiron-perfector-straightening-mist-177ml,draft,7574048538689,42203271299137
GFFP02_1,Conditioners,Health & Beauty > Personal Care > Hair Care > Shampoo & Conditioner > Conditioners,LiquidGel,Garnier Fructis Keratin Sleek Conditioner 200ml,Default Title,Garnier,3600542639071,garnier-fructis-keratin-sleek-conditioner-200ml,active,7877767397441,43759696183361
GFFP02_2,Conditioners,Health & Beauty > Personal Care > Hair Care > Shampoo & Conditioner > Conditioners,LiquidGel,Garnier Fructis Keratin Sleek Conditioner 200ml,Default Title,Garnier,3600542639057,garnier-fructis-keratin-sleek-conditioner-200ml-2,active,8005316116545,44309065138241
GFFP03_1,Uncategorized,Uncategorized,,Garnier Fructis Keratin Sleek Hair Mask 370ml,,Garnier,3600542638982,,,erp-GFFP03_1,erp-GFFP03_1
GFFP03_2,Hair Masks,Health & Beauty > Personal Care > Hair Care > Hair Treatments > Hair Masks,Cream,Garnier Fructis Keratin Sleek Hair Mask 370ml,Default Title,Garnier,3600542638951,garnier-fructis-keratin-sleek-hair-mask-370ml-2,active,8080884760641,44591654142017
GFFP04_1,Shampoo,Health & Beauty > Personal Care > Hair Care > Shampoo & Conditioner > Shampoo,,Garnier Fructis Keratin Sleek Shampoo 200ml,Default Title,Garnier,3600542638807,garnier-fructis-keratin-sleek-shampoo-200ml,active,7878993576001,43762959188033
GFFP04_2,Shampoo,Health & Beauty > Personal Care > Hair Care > Shampoo & Conditioner > Shampoo,Cream,Garnier Fructis Keratin Sleek Shampoo 200ml,Default Title,Garnier,3600542638784,garnier-fructis-keratin-sleek-shampoo-200ml-2,active,8005315199041,44309063368769
GFFP04_3,Shampoo,Health & Beauty > Personal Care > Hair Care > Shampoo & Conditioner > Shampoo,Liquid,Garnier Fructis Keratin Sleek Shampoo 200ml,Default Title,Garnier,3600542638777,garnier-fructis-keratin-sleek-shampoo-200ml-3,active,8081052368961,44592353148993
GFS_1,Gift Boxes & Tins,Arts & Entertainment > Party & Celebration > Gift Giving > Gift Wrapping > Gift Boxes & Tins,,Gift BOX,Default Title,Cosmetics.lk,,gift-box,draft,7913427435585,43989221539905
GH001_1,Vitamins & Supplements,Health & Beauty > Health Care > Fitness & Nutrition > Vitamins & Supplements,Capsules,Good Health Omega 3 Fish Oil 1500mg 400 Capsules,Default Title,Good Health,9400569017852,good-health-omega-3-fish-oil-1500mg-400-capsules,draft,7591425605697,42254480638017
GHHS01_1,Self Tanner,Health & Beauty > Personal Care > Cosmetics > Skin Care > Tanning Products > Self Tanner,Serum,Garnier Skinactive Hyaluronic Acid Self-Tan Serum 30ml,Default Title,Garnier,3600542617765,garnier-skinactive-hyaluronic-acid-self-tan-serum-30ml,active,7557933334593,42138464092225
GHT01_1,Multivitamin Supplements,Health & Beauty > Health Care > Fitness & Nutrition > Vitamins & Supplements > Multivitamin Supplements,Gel,GO Healthy Fish Oil 1500mg Odourless 150 Softgel Capsules,Default Title,GO Healthy,9421025561917,go-healthy-fish-oil-1500mg-odourless-150-softgel-capsules,draft,7533599326273,42068220215361
GHT02_1,Vitamins & Supplements,Health & Beauty > Health Care > Fitness & Nutrition > Vitamins & Supplements,Capsules,GO Healthy Fish Oil 1500mg Odourless 210 Softgel Capsules,Default Title,GO Healthy,9421025561405,go-healthy-fish-oil-1500mg-odourless-210-softgel-capsules,draft,7591451885633,42254569898049
GHT03_1,Herbal Supplements,Health & Beauty > Health Care > Fitness & Nutrition > Vitamins & Supplements > Herbal Supplements,Capsules,Go Healthy Go Evening Primrose Oil 1000mg 90 Softgel Capsules,Default Title,GO Healthy,9421025561801,go-healthy-go-evening-primrose-oil-1000mg-90-softgel-capsules,draft,7533599785025,42068221001793
GHT04_1,Vitamins & Supplements,Health & Beauty > Health Care > Fitness & Nutrition > Vitamins & Supplements,Tablets,Go Healthy Go Vita-C 500mg 200 Chewable Tablets,Default Title,GO Healthy,9421025564598,go-healthy-go-vita-c-500mg-200-chewable-tablets,draft,7533660209217,42068300103745
GHT05_1,Herbal Supplements,Health & Beauty > Health Care > Fitness & Nutrition > Vitamins & Supplements > Herbal Supplements,Capsules,GO Healthy GO Zinc Complex 1-A-Day 60 Veg Capsules,Default Title,GO Healthy,9421025565410,go-healthy-go-zinc-complex-1-a-day-60-veg-capsules,draft,7539097534529,42081482342465
GHT06_1,Herbal Supplements,Health & Beauty > Health Care > Fitness & Nutrition > Vitamins & Supplements > Herbal Supplements,Capsules,Go Iron for Women 30 Veg Capsules,Default Title,GO Healthy,9421025560286,go-iron-for-women-30-veg-capsules,draft,7528627765313,42055419461697
Gift Box,Uncategorized,Uncategorized,,Gift Box,,,,,,erp-Gift Box,erp-Gift Box
GLW001_1,Collagen,Health & Beauty > Health Care > Fitness & Nutrition > Vitamins & Supplements > Collagen,Powder,Great Lakes Wellness Pure Marine Collagen Peptides Unflavored 227g,Default Title,Great Lakes Wellness,322654103686,great-lakes-wellness-pure-marine-collagen-peptides-unflavored-227g,draft,7535232680001,42071728914497
GMCV01_1,Facial Cleansers,Health & Beauty > Personal Care > Cosmetics > Skin Care > Facial Cleansers,Liquid,Garnier Micellar Cleansing Water with Vitamin C 125ml,Default Title,Garnier,8994993013852,garnier-micellar-cleansing-water-with-vitamin-c-125ml,active,7552018907201,42118685720641
GMW01_1,Toners & Astringents,Health & Beauty > Personal Care > Cosmetics > Skin Care > Toners & Astringents,Liquid,Garnier Micellar Water 400ml,Default Title,Garnier,3600541358546,garnier-micellar-water-400ml,draft,7551476301889,42117084446785
GMW02_1,Toners,Health & Beauty > Personal Care > Cosmetics > Skin Care > Toners & Astringents > Toners,Liquid,Garnier Skinactive Micellar Hyaluronic Aloe Water All in 1 400ml - Poland,Default Title,Garnier,3600542411615,garnier-skinactive-micellar-hyaluronic-aloe-water-all-in-1-400ml-poland,draft,7630924087361,42375710179393
GMW02_2,Toners,Health & Beauty > Personal Care > Cosmetics > Skin Care > Toners & Astringents > Toners,Liquid,Garnier Skinactive Micellar Hyaluronic Aloe Water All in 1 400ml - France,Default Title,Garnier,3600542415620,garnier-skinactive-micellar-hyaluronic-aloe-water-all-in-1-400ml-2-france,draft,7778383396929,43285751824449
GMW03_1,Makeup Removers,Health & Beauty > Personal Care > Cosmetics > Skin Care > Makeup Removers,Liquid,Garnier Micellar Water All in One 400ml,Default Title,Garnier,3600541358461,garnier-micellar-water-all-in-one-400ml,draft,7630926053441,42375722696769
GMW03_2,Makeup Removers,Health & Beauty > Personal Care > Cosmetics > Skin Care > Makeup Removers,Liquid,Garnier Micellar Water All in One 400ml,Default Title,Garnier,3600541358508,garnier-micellar-water-all-in-one-400ml-2,draft,7708488237121,43065657819201
GMW04_1,Makeup Removers,Health & Beauty > Personal Care > Cosmetics > Skin Care > Makeup Removers,Liquid,Garnier Skinactive Micellar Gentle Peeler Water All in 1 400ml,Default Title,Garnier,3600542522298,garnier-skinactive-micellar-gentle-peeler-water-all-in-1-400ml,draft,7630930214977,42375740915777
GMW04_2,Makeup Removers,Health & Beauty > Personal Care > Cosmetics > Skin Care > Makeup Removers,Liquid,Garnier Skinactive Micellar Gentle Peeler Water All in 1 400ml - France,Default Title,Garnier,3600542522281,garnier-skinactive-micellar-gentle-peeler-water-all-in-1-400ml-2-france,draft,7778382872641,43285749825601
GMW05_1,Makeup Removers,Health & Beauty > Personal Care > Cosmetics > Skin Care > Makeup Removers,Liquid,Garnier Skinactive Micellar Vitamin C Cleansing Water 400ml,Default Title,Garnier,3600542444019,garnier-skinactive-micellar-vitamin-c-cleansing-water-400ml,draft,7630928576577,42375732330561
GMW06_1,Makeup Removers,Health & Beauty > Personal Care > Cosmetics > Skin Care > Makeup Removers,Liquid,Garnier Skinactive Micellar Cleansing Water 400ml,Default Title,Garnier,3600541594852,garnier-skinactive-micellar-cleansing-water-400ml,draft,7634489212993,42395293384769
GMW07_1,Makeup Removers,Health & Beauty > Personal Care > Cosmetics > Skin Care > Makeup Removers,Liquid,Garnier Micellar Cleansing Oil in Water 400ml,Default Title,Garnier,3600541744417,garnier-micellar-cleansing-oil-in-water-400ml,draft,7708464218177,43065555877953
GMW08_1,Makeup Removers,Health & Beauty > Personal Care > Cosmetics > Skin Care > Makeup Removers,Liquid,Garnier Micellar Dry and Sensitive Skin Cleansing Water 400ml,Default Title,Garnier,3600541594906,garnier-micellar-dry-and-sensitive-skin-cleansing-water-400ml,draft,7708493152321,43065683542081
GN001_1,Herbal Supplements,Health & Beauty > Health Care > Fitness & Nutrition > Vitamins & Supplements > Herbal Supplements,Gel,Goli Nutrition Apple Cider Vinegar Flavored 60 Gummies,Default Title,Goli Nutrition,627987249637,goli-nutrition-apple-cider-vinegar-flavored-60-gummies,draft,7528639660097,42055436763201
GN001_2,Herbal Supplements,Health & Beauty > Health Care > Fitness & Nutrition > Vitamins & Supplements > Herbal Supplements,Gel,Goli Nutrition Apple Cider Vinegar Flavored 60 Gummies,Default Title,Goli Nutrition,627987249620,goli-nutrition-apple-cider-vinegar-flavored-60-gummies-2,draft,7745832517697,43177182888001
GN002_1,Vitamins & Supplements,Health & Beauty > Health Care > Fitness & Nutrition > Vitamins & Supplements,Capsules,Goli Nutrition Ashwagandha 60 Gummies,Default Title,Goli Nutrition,055840402392,goli-nutrition-ashwagandha-60-gummies,draft,7533718143041,42068326776897
GNC03_1,Hair Color,Health & Beauty > Personal Care > Hair Care > Hair Color,Powder,Garnier Color Naturals Creme Riche 70ml + 60g,Default Title,Garnier,8901526204472,garnier-color-naturals-creme-riche-70ml-60g,active,7866742997057,43723141513281
GOF001_1,Skin Care Masks & Peels,Health & Beauty > Personal Care > Cosmetics > Skin Care > Skin Care Masks & Peels,Cream,Garnier Ombrelle Face Cream SPF60 75ml,Default Title,Garnier,690577200813,garnier-ombrelle-face-cream-spf60-75ml,draft,7525918933057,42047720489025
GOF002_1,Sunscreen,Health & Beauty > Personal Care > Cosmetics > Skin Care > Sunscreen,,Garnier Ombrelle Sensitive Expert+ Face Sunscreen SPF 60 90ml,Default Title,Garnier,603084068197,garnier-ombrelle-sensitive-expert-face-sunscreen-spf-60-90ml,draft,7526361694273,42049011155009
GOS01_1,Sunscreen,Health & Beauty > Personal Care > Cosmetics > Skin Care > Sunscreen,Cream,Garnier Ombrelle Sport Endurance Sunscreen SPF 30 231ml,Default Title,Garnier,071249317471,garnier-ombrelle-sport-endurance-sunscreen-spf-30-231ml,draft,7489623720001,41918059315265
GOS02_1,Sunscreen,Health & Beauty > Personal Care > Cosmetics > Skin Care > Sunscreen,Cream,Garnier Ombrelle Complete Dry Touch Sunscreen SPF 30 200ml,Default Title,Garnier,603084569441,garnier-ombrelle-complete-dry-touch-sunscreen-spf-30-200ml,draft,7525026005057,42045541253185
GOS02_2,Sunscreen,Health & Beauty > Personal Care > Cosmetics > Skin Care > Sunscreen,Cream,Garnier Ombrelle Complete Dry Touch Sunscreen SPF 30 200ml,Default Title,Garnier,603084558759,garnier-ombrelle-complete-dry-touch-sunscreen-spf-30-200ml-2,draft,7539113295937,42081505738817
GOS05_1,Sunscreen,Health & Beauty > Personal Care > Cosmetics > Skin Care > Sunscreen,Cream,Garnier Ombrelle Sensitive Expert+ Sunscreen Lotion SPF 60 200ml,Default Title,Garnier,603084066742,garnier-ombrelle-sensitive-expert-sunscreen-lotion-spf-60-200ml,draft,7489623785537,41918059348033
GPAF01_1,Acne Treatments & Kits,Health & Beauty > Personal Care > Cosmetics > Skin Care > Acne Treatments & Kits,Cream,Garnier Skin Naturals Pureactive Anti-Acne Acne & Oil Clearing Foam 100ml,Default Title,Garnier,8992304019524,garnier-skin-naturals-pureactive-anti-acne-acne-oil-clearing-foam-100ml,active,7574451748929,42205004890177
GR_EP_101,Eyebrow Enhancers,Health & Beauty > Personal Care > Cosmetics > Makeup > Eye Makeup > Eyebrow Enhancers,,Golden Rose Eyebrow Pencil,Default Title,Golden Rose,8691190371012,golden-rose-eyebrow-pencil,draft,7574055551041,42203286601793
GR_IC_102,Nail Polishes,Health & Beauty > Personal Care > Cosmetics > Nail Care > Nail Polishes,,Golden Rose Ice Color Nail Lacquer,102,Golden Rose,8691190643027,golden-rose-ice-color-nail-lacquer,draft,7571070320705,42191091007553
GR_IC_103,Nail Polishes,Health & Beauty > Personal Care > Cosmetics > Nail Care > Nail Polishes,,Golden Rose Ice Color Nail Lacquer,103,Golden Rose,8691190643034,golden-rose-ice-color-nail-lacquer,draft,7571070320705,43299280715841
GR_IC_104,Nail Polishes,Health & Beauty > Personal Care > Cosmetics > Nail Care > Nail Polishes,,Golden Rose Ice Color Nail Lacquer,104,Golden Rose,8691190643041,golden-rose-ice-color-nail-lacquer,draft,7571070320705,43299836919873
GR_IC_105,Nail Polishes,Health & Beauty > Personal Care > Cosmetics > Nail Care > Nail Polishes,,Golden Rose Ice Color Nail Lacquer,105,Golden Rose,8691190643058,golden-rose-ice-color-nail-lacquer,draft,7571070320705,43300129308737
GR_IC_106,Nail Polishes,Health & Beauty > Personal Care > Cosmetics > Nail Care > Nail Polishes,,Golden Rose Ice Color Nail Lacquer,106,Golden Rose,8691190643065,golden-rose-ice-color-nail-lacquer,draft,7571070320705,43300658675777
GR_IC_107,Nail Polishes,Health & Beauty > Personal Care > Cosmetics > Nail Care > Nail Polishes,,Golden Rose Ice Color Nail Lacquer,107,Golden Rose,8691190643072,golden-rose-ice-color-nail-lacquer,draft,7571070320705,43300979703873
GR_IC_116,Nail Polishes,Health & Beauty > Personal Care > Cosmetics > Nail Care > Nail Polishes,,Golden Rose Ice Color Nail Lacquer,116,Golden Rose,8691190643164,golden-rose-ice-color-nail-lacquer,draft,7571070320705,43301439504449
GR_IC_118,Nail Polishes,Health & Beauty > Personal Care > Cosmetics > Nail Care > Nail Polishes,,Golden Rose Ice Color Nail Lacquer,118,Golden Rose,8691190643188,golden-rose-ice-color-nail-lacquer,draft,7571070320705,43301439537217
GR_IC_120,Uncategorized,Uncategorized,,Golden Rose Ice Color Nail Lacquer,,Golden Rose,8691190643201,,,erp-GR_IC_120,erp-GR_IC_120
GR_IC_124,Nail Polishes,Health & Beauty > Personal Care > Cosmetics > Nail Care > Nail Polishes,,Golden Rose Ice Color Nail Lacquer,124,Golden Rose,8691190643249,golden-rose-ice-color-nail-lacquer,draft,7571070320705,43301439602753
GR_IC_125,Nail Polishes,Health & Beauty > Personal Care > Cosmetics > Nail Care > Nail Polishes,,Golden Rose Ice Color Nail Lacquer,125,Golden Rose,8691190643256,golden-rose-ice-color-nail-lacquer,draft,7571070320705,43301439635521
GR_IC_126,Nail Polishes,Health & Beauty > Personal Care > Cosmetics > Nail Care > Nail Polishes,,Golden Rose Ice Color Nail Lacquer,126,Golden Rose,8691190643263,golden-rose-ice-color-nail-lacquer,draft,7571070320705,43301439668289
GR_IC_128,Nail Polishes,Health & Beauty > Personal Care > Cosmetics > Nail Care > Nail Polishes,,Golden Rose Ice Color Nail Lacquer,128,Golden Rose,8691190643287,golden-rose-ice-color-nail-lacquer,draft,7571070320705,43301439701057
GR_IC_129,Uncategorized,Uncategorized,,Golden Rose Ice Color Nail Lacquer,,Golden Rose,8691190643294,,,erp-GR_IC_129,erp-GR_IC_129
GR_IC_134,Nail Polishes,Health & Beauty > Personal Care > Cosmetics > Nail Care > Nail Polishes,,Golden Rose Ice Color Nail Lacquer,134,Golden Rose,8691190643348,golden-rose-ice-color-nail-lacquer,draft,7571070320705,43301439766593
GR_IC_136,Nail Polishes,Health & Beauty > Personal Care > Cosmetics > Nail Care > Nail Polishes,,Golden Rose Ice Color Nail Lacquer,136,Golden Rose,8691190643362,golden-rose-ice-color-nail-lacquer,draft,7571070320705,43301439799361
GR_IC_145,Uncategorized,Uncategorized,,Golden Rose Ice Color Nail Lacquer,,Golden Rose,8691190643454,,,erp-GR_IC_145,erp-GR_IC_145
GR_IC_149,Nail Polishes,Health & Beauty > Personal Care > Cosmetics > Nail Care > Nail Polishes,,Golden Rose Ice Color Nail Lacquer,149,Golden Rose,8691190643492,golden-rose-ice-color-nail-lacquer,draft,7571070320705,43301439864897
GR_IC_150,Uncategorized,Uncategorized,,Golden Rose Ice Color Nail Lacquer,,Golden Rose,8691190643508,,,erp-GR_IC_150,erp-GR_IC_150
GR_IC_151,Nail Polishes,Health & Beauty > Personal Care > Cosmetics > Nail Care > Nail Polishes,,Golden Rose Ice Color Nail Lacquer,151,Golden Rose,8691190643515,golden-rose-ice-color-nail-lacquer,draft,7571070320705,43301439930433
GR_IC_154,Nail Polishes,Health & Beauty > Personal Care > Cosmetics > Nail Care > Nail Polishes,,Golden Rose Ice Color Nail Lacquer,154,Golden Rose,8691190643546,golden-rose-ice-color-nail-lacquer,draft,7571070320705,43301439963201
GR_IC_155,Nail Polishes,Health & Beauty > Personal Care > Cosmetics > Nail Care > Nail Polishes,,Golden Rose Ice Color Nail Lacquer,155,Golden Rose,8691190643553,golden-rose-ice-color-nail-lacquer,draft,7571070320705,43301439995969
GR_IC_156,Nail Polishes,Health & Beauty > Personal Care > Cosmetics > Nail Care > Nail Polishes,,Golden Rose Ice Color Nail Lacquer,156,Golden Rose,8691190643560,golden-rose-ice-color-nail-lacquer,draft,7571070320705,43301440061505
GR_IC_157,Nail Polishes,Health & Beauty > Personal Care > Cosmetics > Nail Care > Nail Polishes,,Golden Rose Ice Color Nail Lacquer,157,Golden Rose,8691190643577,golden-rose-ice-color-nail-lacquer,draft,7571070320705,43301440028737
GR_IC_158,Nail Polishes,Health & Beauty > Personal Care > Cosmetics > Nail Care > Nail Polishes,,Golden Rose Ice Color Nail Lacquer,158,Golden Rose,8691190643584,golden-rose-ice-color-nail-lacquer,draft,7571070320705,43301440094273
GR_IC_161,Nail Polishes,Health & Beauty > Personal Care > Cosmetics > Nail Care > Nail Polishes,,Golden Rose Ice Color Nail Lacquer,161,Golden Rose,8691190643614,golden-rose-ice-color-nail-lacquer,draft,7571070320705,43303850180673
GR_IC_162,Uncategorized,Uncategorized,,Golden Rose Ice Color Nail Lacquer,,Golden Rose,8691190643621,,,erp-GR_IC_162,erp-GR_IC_162
GR_IC_163,Uncategorized,Uncategorized,,Golden Rose Ice Color Nail Lacquer,,Golden Rose,8691190643638,,,erp-GR_IC_163,erp-GR_IC_163
GR_IC_164,Nail Polishes,Health & Beauty > Personal Care > Cosmetics > Nail Care > Nail Polishes,,Golden Rose Ice Color Nail Lacquer,164,Golden Rose,8691190643645,golden-rose-ice-color-nail-lacquer,draft,7571070320705,43303850246209
GR_IC_166,Nail Polishes,Health & Beauty > Personal Care > Cosmetics > Nail Care > Nail Polishes,,Golden Rose Ice Color Nail Lacquer,166,Golden Rose,8691190643669,golden-rose-ice-color-nail-lacquer,draft,7571070320705,43303850278977
GR_IC_167,Nail Polishes,Health & Beauty > Personal Care > Cosmetics > Nail Care > Nail Polishes,,Golden Rose Ice Color Nail Lacquer,167,Golden Rose,8691190643676,golden-rose-ice-color-nail-lacquer,draft,7571070320705,43303850311745
GR_IC_168,Nail Polishes,Health & Beauty > Personal Care > Cosmetics > Nail Care > Nail Polishes,,Golden Rose Ice Color Nail Lacquer,168,Golden Rose,8691190643683,golden-rose-ice-color-nail-lacquer,draft,7571070320705,43303850344513
GR_IC_175,Nail Polishes,Health & Beauty > Personal Care > Cosmetics > Nail Care > Nail Polishes,,Golden Rose Ice Color Nail Lacquer,175,Golden Rose,8691190643751,golden-rose-ice-color-nail-lacquer,draft,7571070320705,43301440127041
GR_IC_179,Nail Polishes,Health & Beauty > Personal Care > Cosmetics > Nail Care > Nail Polishes,,Golden Rose Ice Color Nail Lacquer,179,Golden Rose,8691190643799,golden-rose-ice-color-nail-lacquer,draft,7571070320705,43301440159809
GR_IC_180,Nail Polishes,Health & Beauty > Personal Care > Cosmetics > Nail Care > Nail Polishes,,Golden Rose Ice Color Nail Lacquer,180,Golden Rose,8691190643805,golden-rose-ice-color-nail-lacquer,draft,7571070320705,43301440192577
GR_KKE_01,Eyeliner,Health & Beauty > Personal Care > Cosmetics > Makeup > Eye Makeup > Eyeliner,,Golden Rose Kohl Kajal Eye Pencil,Default Title,Golden Rose,8691190068516,golden-rose-kohl-kajal-eye-pencil,draft,7574059778113,42203300069441
GR_LLML_01,Lipsticks,Health & Beauty > Personal Care > Cosmetics > Makeup > Lip Makeup > Lipsticks,,Golden Rose Longstay Liquid Matte Lipstick,01 Creamy,Golden Rose,8691190856014,golden-rose-longstay-liquid-matte-lipstick,draft,7570603606081,42189657440321
GR_LLML_03,Lipsticks,Health & Beauty > Personal Care > Cosmetics > Makeup > Lip Makeup > Lipsticks,,Golden Rose Longstay Liquid Matte Lipstick,03 Cashmere Rose,Golden Rose,8691190856038,golden-rose-longstay-liquid-matte-lipstick,draft,7570603606081,42189657473089
GR_LLML_04,Lipsticks,Health & Beauty > Personal Care > Cosmetics > Makeup > Lip Makeup > Lipsticks,,Golden Rose Longstay Liquid Matte Lipstick,04 Candy Pink,Golden Rose,8691190856045,golden-rose-longstay-liquid-matte-lipstick,draft,7570603606081,42189657505857
GR_LLML_05,Lipsticks,Health & Beauty > Personal Care > Cosmetics > Makeup > Lip Makeup > Lipsticks,,Golden Rose Longstay Liquid Matte Lipstick,05 Cranberry,Golden Rose,8691190856052,golden-rose-longstay-liquid-matte-lipstick,draft,7570603606081,42189657538625
GR_LLML_09,Lipsticks,Health & Beauty > Personal Care > Cosmetics > Makeup > Lip Makeup > Lipsticks,,Golden Rose Longstay Liquid Matte Lipstick,09 Flag Red,Golden Rose,8691190856090,golden-rose-longstay-liquid-matte-lipstick,draft,7570603606081,42189657571393
GR_LLML_11,Lipsticks,Health & Beauty > Personal Care > Cosmetics > Makeup > Lip Makeup > Lipsticks,,Golden Rose Longstay Liquid Matte Lipstick,11 Warm Beige,Golden Rose,8691190856113,golden-rose-longstay-liquid-matte-lipstick,draft,7570603606081,42189657604161
GR_LLML_13,Lipsticks,Health & Beauty > Personal Care > Cosmetics > Makeup > Lip Makeup > Lipsticks,,Golden Rose Longstay Liquid Matte Lipstick,13 Apricot Nude,Golden Rose,8691190856137,golden-rose-longstay-liquid-matte-lipstick,draft,7570603606081,42189657636929
GR_LLML_15,Lipsticks,Health & Beauty > Personal Care > Cosmetics > Makeup > Lip Makeup > Lipsticks,,Golden Rose Longstay Liquid Matte Lipstick,15 Maroon,Golden Rose,8691190856151,golden-rose-longstay-liquid-matte-lipstick,draft,7570603606081,42189657669697
GR_LLML_16,Lipsticks,Health & Beauty > Personal Care > Cosmetics > Makeup > Lip Makeup > Lipsticks,,Golden Rose Longstay Liquid Matte Lipstick,16 Warm Brown,Golden Rose,8691190856168,golden-rose-longstay-liquid-matte-lipstick,draft,7570603606081,42189657702465
GR_LLML_17,Lipsticks,Health & Beauty > Personal Care > Cosmetics > Makeup > Lip Makeup > Lipsticks,,Golden Rose Longstay Liquid Matte Lipstick,17 Nude Bordeux,Golden Rose,8691190856175,golden-rose-longstay-liquid-matte-lipstick,draft,7570603606081,42189657735233
GR_LLML_18,Lipsticks,Health & Beauty > Personal Care > Cosmetics > Makeup > Lip Makeup > Lipsticks,,Golden Rose Longstay Liquid Matte Lipstick,18 Dark Red,Golden Rose,8691190856182,golden-rose-longstay-liquid-matte-lipstick,draft,7570603606081,42189657768001
GR_LLML_19,Lipsticks,Health & Beauty > Personal Care > Cosmetics > Makeup > Lip Makeup > Lipsticks,,Golden Rose Longstay Liquid Matte Lipstick,19 Peach,Golden Rose,8691190856199,golden-rose-longstay-liquid-matte-lipstick,draft,7570603606081,42189657800769
GR_LLML_20,Uncategorized,Uncategorized,,Golden Rose Longstay Liquid Matte Lipstick,,Golden Rose,8691190856205,,,erp-GR_LLML_20,erp-GR_LLML_20
GR_LLML_21,Lipsticks,Health & Beauty > Personal Care > Cosmetics > Makeup > Lip Makeup > Lipsticks,,Golden Rose Longstay Liquid Matte Lipstick,21 Pink Damson,Golden Rose,8691190856212,golden-rose-longstay-liquid-matte-lipstick,draft,7570603606081,42189657866305
GR_LLML_22,Lipsticks,Health & Beauty > Personal Care > Cosmetics > Makeup > Lip Makeup > Lipsticks,,Golden Rose Longstay Liquid Matte Lipstick,22 Brown,Golden Rose,8691190856229,golden-rose-longstay-liquid-matte-lipstick,draft,7570603606081,42189657899073
GR_LLML_27,Lipsticks,Health & Beauty > Personal Care > Cosmetics > Makeup > Lip Makeup > Lipsticks,,Golden Rose Longstay Liquid Matte Lipstick,27 Milky Chocolate,Golden Rose,8691190856274,golden-rose-longstay-liquid-matte-lipstick,draft,7570603606081,42189657931841
GR_LLML_28,Lipsticks,Health & Beauty > Personal Care > Cosmetics > Makeup > Lip Makeup > Lipsticks,,Golden Rose Longstay Liquid Matte Lipstick,28 Hot Purple,Golden Rose,8691190856281,golden-rose-longstay-liquid-matte-lipstick,draft,7570603606081,42189657964609
GR_LLML_30,Lipsticks,Health & Beauty > Personal Care > Cosmetics > Makeup > Lip Makeup > Lipsticks,,Golden Rose Longstay Liquid Matte Lipstick,30 Ruby Red,Golden Rose,8691190856304,golden-rose-longstay-liquid-matte-lipstick,draft,7570603606081,42189657997377
GR_LLML_32,Lipsticks,Health & Beauty > Personal Care > Cosmetics > Makeup > Lip Makeup > Lipsticks,,Golden Rose Longstay Liquid Matte Lipstick,32 Pomagrante,Golden Rose,8691190856328,golden-rose-longstay-liquid-matte-lipstick,draft,7570603606081,42189658030145
GR_LLML_34,Lipsticks,Health & Beauty > Personal Care > Cosmetics > Makeup > Lip Makeup > Lipsticks,,Golden Rose Longstay Liquid Matte Lipstick,34,Golden Rose,8691190856342,golden-rose-longstay-liquid-matte-lipstick,draft,7570603606081,42189658062913
GR_LLML_35,Lipsticks,Health & Beauty > Personal Care > Cosmetics > Makeup > Lip Makeup > Lipsticks,,Golden Rose Longstay Liquid Matte Lipstick,35,Golden Rose,8691190856359,golden-rose-longstay-liquid-matte-lipstick,draft,7570603606081,42189658095681
GR_LLML_36,Lipsticks,Health & Beauty > Personal Care > Cosmetics > Makeup > Lip Makeup > Lipsticks,,Golden Rose Longstay Liquid Matte Lipstick,36,Golden Rose,8691190856366,golden-rose-longstay-liquid-matte-lipstick,draft,7570603606081,42189658128449
GR_LLML_38,Uncategorized,Uncategorized,,Golden Rose Longstay Liquid Matte Lipstick,,Golden Rose,8691190856380,,,erp-GR_LLML_38,erp-GR_LLML_38
GR_LLML_39,Lipsticks,Health & Beauty > Personal Care > Cosmetics > Makeup > Lip Makeup > Lipsticks,,Golden Rose Longstay Liquid Matte Lipstick,39,Golden Rose,8691190856397,golden-rose-longstay-liquid-matte-lipstick,draft,7570603606081,42189658193985
GR_LLML_42,Lipsticks,Health & Beauty > Personal Care > Cosmetics > Makeup > Lip Makeup > Lipsticks,,Golden Rose Longstay Liquid Matte Lipstick,42,Golden Rose,8691190856427,golden-rose-longstay-liquid-matte-lipstick,draft,7570603606081,42189658226753
GR_LLML_43,Lipsticks,Health & Beauty > Personal Care > Cosmetics > Makeup > Lip Makeup > Lipsticks,,Golden Rose Longstay Liquid Matte Lipstick,43,Golden Rose,8691190856434,golden-rose-longstay-liquid-matte-lipstick,draft,7570603606081,42189658259521
GR_LLML_46,Lipsticks,Health & Beauty > Personal Care > Cosmetics > Makeup > Lip Makeup > Lipsticks,,Golden Rose Longstay Liquid Matte Lipstick,46,Golden Rose,8691190856465,golden-rose-longstay-liquid-matte-lipstick,draft,7570603606081,42189658292289
GR_LLML_47,Uncategorized,Uncategorized,,Golden Rose Longstay Liquid Matte Lipstick,,Golden Rose,8691190856472,,,erp-GR_LLML_47,erp-GR_LLML_47
GR_MLC_01,Lipsticks,Health & Beauty > Personal Care > Cosmetics > Makeup > Lip Makeup > Lipsticks,,Golden Rose Matte Lipstick Crayon,01 Chocolate Brown,Golden Rose,8691190903015,golden-rose-matte-lipstick-crayon,draft,7569635475521,42184504901697
GR_MLC_02,Lipsticks,Health & Beauty > Personal Care > Cosmetics > Makeup > Lip Makeup > Lipsticks,,Golden Rose Matte Lipstick Crayon,02 Dark Wine,Golden Rose,8691190903022,golden-rose-matte-lipstick-crayon,draft,7569635475521,42184390508609
GR_MLC_03,Lipsticks,Health & Beauty > Personal Care > Cosmetics > Makeup > Lip Makeup > Lipsticks,,Golden Rose Matte Lipstick Crayon,03 Violet,Golden Rose,8691190903039,golden-rose-matte-lipstick-crayon,draft,7569635475521,42184534491201
GR_MLC_04,Lipsticks,Health & Beauty > Personal Care > Cosmetics > Makeup > Lip Makeup > Lipsticks,,Golden Rose Matte Lipstick Crayon,04 Red Rose,Golden Rose,8691190903046,golden-rose-matte-lipstick-crayon,draft,7569635475521,42184390541377
GR_MLC_05,Lipsticks,Health & Beauty > Personal Care > Cosmetics > Makeup > Lip Makeup > Lipsticks,,Golden Rose Matte Lipstick Crayon,05 Dark Red,Golden Rose,8691190903053,golden-rose-matte-lipstick-crayon,draft,7569635475521,42184534523969
GR_MLC_06,Lipsticks,Health & Beauty > Personal Care > Cosmetics > Makeup > Lip Makeup > Lipsticks,,Golden Rose Matte Lipstick Crayon,06 Pomagrenate,Golden Rose,8691190903060,golden-rose-matte-lipstick-crayon,draft,7569635475521,42184534556737
GR_MLC_07,Lipsticks,Health & Beauty > Personal Care > Cosmetics > Makeup > Lip Makeup > Lipsticks,,Golden Rose Matte Lipstick Crayon,07 Crimson,Golden Rose,8691190903077,golden-rose-matte-lipstick-crayon,draft,7569635475521,42184390574145
GR_MLC_08,Lipsticks,Health & Beauty > Personal Care > Cosmetics > Makeup > Lip Makeup > Lipsticks,,Golden Rose Matte Lipstick Crayon,08 Mulberry,Golden Rose,8691190903084,golden-rose-matte-lipstick-crayon,draft,7569635475521,42184390606913
GR_MLC_09,Lipsticks,Health & Beauty > Personal Care > Cosmetics > Makeup > Lip Makeup > Lipsticks,,Golden Rose Matte Lipstick Crayon,09 Brick,Golden Rose,8691190903091,golden-rose-matte-lipstick-crayon,draft,7569635475521,42184534589505
GR_MLC_10,Lipsticks,Health & Beauty > Personal Care > Cosmetics > Makeup > Lip Makeup > Lipsticks,,Golden Rose Matte Lipstick Crayon,10 Lilac,Golden Rose,8691190903107,golden-rose-matte-lipstick-crayon,draft,7569635475521,42184390639681
GR_MLC_11,Lipsticks,Health & Beauty > Personal Care > Cosmetics > Makeup > Lip Makeup > Lipsticks,,Golden Rose Matte Lipstick Crayon,11 Natural Pink,Golden Rose,8691190903114,golden-rose-matte-lipstick-crayon,draft,7569635475521,42184534622273
GR_MLC_12,Lipsticks,Health & Beauty > Personal Care > Cosmetics > Makeup > Lip Makeup > Lipsticks,,Golden Rose Matte Lipstick Crayon,12 Soft Pink,Golden Rose,8691190903121,golden-rose-matte-lipstick-crayon,draft,7569635475521,42184390770753
GR_MLC_13,Lipsticks,Health & Beauty > Personal Care > Cosmetics > Makeup > Lip Makeup > Lipsticks,,Golden Rose Matte Lipstick Crayon,13 Peach Pink,Golden Rose,8691190903138,golden-rose-matte-lipstick-crayon,draft,7569635475521,42184504868929
GR_MLC_14,Lipsticks,Health & Beauty > Personal Care > Cosmetics > Makeup > Lip Makeup > Lipsticks,,Golden Rose Matte Lipstick Crayon,14 Dark Beige,Golden Rose,8691190903145,golden-rose-matte-lipstick-crayon,draft,7569635475521,42184534655041
GR_MLC_15,Lipsticks,Health & Beauty > Personal Care > Cosmetics > Makeup > Lip Makeup > Lipsticks,,Golden Rose Matte Lipstick Crayon,15 Natural Beige,Golden Rose,8691190903152,golden-rose-matte-lipstick-crayon,draft,7569635475521,42184534687809
GR_MLC_16,Lipsticks,Health & Beauty > Personal Care > Cosmetics > Makeup > Lip Makeup > Lipsticks,,Golden Rose Matte Lipstick Crayon,16 Fuchsia,Golden Rose,8691190903169,golden-rose-matte-lipstick-crayon,draft,7569635475521,42184534720577
GR_MLC_17,Lipsticks,Health & Beauty > Personal Care > Cosmetics > Makeup > Lip Makeup > Lipsticks,,Golden Rose Matte Lipstick Crayon,17 Princess Pink,Golden Rose,8691190903176,golden-rose-matte-lipstick-crayon,draft,7569635475521,42184534753345
GR_MLC_18,Lipsticks,Health & Beauty > Personal Care > Cosmetics > Makeup > Lip Makeup > Lipsticks,,Golden Rose Matte Lipstick Crayon,18 Capuccuno,Golden Rose,8691190903183,golden-rose-matte-lipstick-crayon,draft,7569635475521,42184534786113
GR_MLC_19,Lipsticks,Health & Beauty > Personal Care > Cosmetics > Makeup > Lip Makeup > Lipsticks,,Golden Rose Matte Lipstick Crayon,19 Dark Violet,Golden Rose,8691190903190,golden-rose-matte-lipstick-crayon,draft,7569635475521,42184390672449
GR_MLC_20,Lipsticks,Health & Beauty > Personal Care > Cosmetics > Makeup > Lip Makeup > Lipsticks,,Golden Rose Matte Lipstick Crayon,20 Burgundry,Golden Rose,8691190903206,golden-rose-matte-lipstick-crayon,draft,7569635475521,42184390803521
GR_MLC_21,Lipsticks,Health & Beauty > Personal Care > Cosmetics > Makeup > Lip Makeup > Lipsticks,,Golden Rose Matte Lipstick Crayon,21 Toffee,Golden Rose,8691190903213,golden-rose-matte-lipstick-crayon,draft,7569635475521,42184534818881
GR_MLC_22,Lipsticks,Health & Beauty > Personal Care > Cosmetics > Makeup > Lip Makeup > Lipsticks,,Golden Rose Matte Lipstick Crayon,22 Cotton Pink,Golden Rose,8691190903220,golden-rose-matte-lipstick-crayon,draft,7569635475521,42184390737985
GR_MLC_23,Lipsticks,Health & Beauty > Personal Care > Cosmetics > Makeup > Lip Makeup > Lipsticks,,Golden Rose Matte Lipstick Crayon,23 Red Dose,Golden Rose,8691190903237,golden-rose-matte-lipstick-crayon,draft,7569635475521,42184390705217
GR_MLC_24,Lipsticks,Health & Beauty > Personal Care > Cosmetics > Makeup > Lip Makeup > Lipsticks,,Golden Rose Matte Lipstick Crayon,24,Golden Rose,8691190903244,golden-rose-matte-lipstick-crayon,draft,7569635475521,42205121118273
GR_NLNC_01,Nail Polishes,Health & Beauty > Personal Care > Cosmetics > Nail Care > Nail Polishes,,Golden Rose Nude Look Perfect Nail Color,01 Powder Nude,Golden Rose,8691190967369,golden-rose-nude-look-perfect-nail-color,draft,7570707546177,42189991051329
GR_NLNC_02,Nail Polishes,Health & Beauty > Personal Care > Cosmetics > Nail Care > Nail Polishes,,Golden Rose Nude Look Perfect Nail Color,02 Pinky Nude,Golden Rose,8691190967376,golden-rose-nude-look-perfect-nail-color,draft,7570707546177,42189991084097
GR_NLNC_03,Nail Polishes,Health & Beauty > Personal Care > Cosmetics > Nail Care > Nail Polishes,,Golden Rose Nude Look Perfect Nail Color,03 Dusty Nude,Golden Rose,8691190967383,golden-rose-nude-look-perfect-nail-color,draft,7570707546177,42189991116865
GR_NLNC_04,Nail Polishes,Health & Beauty > Personal Care > Cosmetics > Nail Care > Nail Polishes,,Golden Rose Nude Look Perfect Nail Color,04 Coral Nude,Golden Rose,8691190967390,golden-rose-nude-look-perfect-nail-color,draft,7570707546177,42189991149633
GR_PE01_1,Eyeliner,Health & Beauty > Personal Care > Cosmetics > Makeup > Eye Makeup > Eyeliner,,Golden Rose Precision Eyeliner - Intense Black,Default Title,Golden Rose,8691190068523,golden-rose-precision-eyeliner-intense-black,draft,7574053355585,42203282243649
GR_SDL_01,Eyeliner,Health & Beauty > Personal Care > Cosmetics > Makeup > Eye Makeup > Eyeliner,,Golden Rose Stylist Duo Liner ,Default Title,Golden Rose,8691190122577,golden-rose-stylist-duo-liner,draft,7574064365633,42203309965377
GR_TCFC11_1,Foundations & Concealers,Health & Beauty > Personal Care > Cosmetics > Makeup > Face Makeup > Foundations & Concealers,,Golden Rose Total Cover 2 in 1 Foundation and Concealer,11 - NUDE,Golden Rose,8691190963712,golden-rose-total-cover-2-in-1-foundation-and-concealer,draft,7574454075457,42205022584897
GR_TCFC18_1,Foundations & Concealers,Health & Beauty > Personal Care > Cosmetics > Makeup > Face Makeup > Foundations & Concealers,,Golden Rose Total Cover 2 in 1 Foundation and Concealer,18-  CAPPUCCINO,Golden Rose,8691190963781,golden-rose-total-cover-2-in-1-foundation-and-concealer,draft,7574454075457,43316376600641
GR_TCFC19_1,Foundations & Concealers,Health & Beauty > Personal Care > Cosmetics > Makeup > Face Makeup > Foundations & Concealers,,Golden Rose Total Cover 2 in 1 Foundation and Concealer,19 - CARAMEL,Golden Rose,8691190963798,golden-rose-total-cover-2-in-1-foundation-and-concealer,draft,7574454075457,43316393181249
GR_TCFC20_1,Foundations & Concealers,Health & Beauty > Personal Care > Cosmetics > Makeup > Face Makeup > Foundations & Concealers,,Golden Rose Total Cover 2 in 1 Foundation and Concealer,20 - TAN,Golden Rose,8691190963804,golden-rose-total-cover-2-in-1-foundation-and-concealer,draft,7574454075457,43316389249089
GR_TCFC23_1,Foundations & Concealers,Health & Beauty > Personal Care > Cosmetics > Makeup > Face Makeup > Foundations & Concealers,,Golden Rose Total Cover 2 in 1 Foundation and Concealer,23 - MEDIUM YELLOW BEIGE,Golden Rose,8691190963835,golden-rose-total-cover-2-in-1-foundation-and-concealer,draft,7574454075457,43316390363201
GR_TKEB_01,Eyeliner,Health & Beauty > Personal Care > Cosmetics > Makeup > Eye Makeup > Eyeliner,,Golden Rose True Kohl Eyeliner Black,Default Title,Golden Rose,8691190090098,golden-rose-true-kohl-eyeliner-black,draft,7574068527169,42203326939201
GR_TSE_01,Eyeliner,Health & Beauty > Personal Care > Cosmetics > Makeup > Eye Makeup > Eyeliner,,Golden Rose Tattoo Styler Waterproof Eyeliner ,Default Title,Golden Rose,8691190512286,golden-rose-tattoo-styler-waterproof-eyeliner,draft,7574064922689,42203311964225
GR_VML_02,Lipsticks,Health & Beauty > Personal Care > Cosmetics > Makeup > Lip Makeup > Lipsticks,,Golden Rose Velvet Matte Lipstick,02 Antique Rose,Golden Rose,8691190466022,golden-rose-velvet-matte-lipstick,draft,7573319024705,42200469536833
GR_VML_03,Lipsticks,Health & Beauty > Personal Care > Cosmetics > Makeup > Lip Makeup > Lipsticks,,Golden Rose Velvet Matte Lipstick,03 Brown Nude,Golden Rose,8691190466039,golden-rose-velvet-matte-lipstick,draft,7573319024705,42200469569601
GR_VML_04,Lipsticks,Health & Beauty > Personal Care > Cosmetics > Makeup > Lip Makeup > Lipsticks,,Golden Rose Velvet Matte Lipstick,4,Golden Rose,8691190466046,golden-rose-velvet-matte-lipstick,draft,7573319024705,43192641650753
GR_VML_05,Lipsticks,Health & Beauty > Personal Care > Cosmetics > Makeup > Lip Makeup > Lipsticks,,Golden Rose Velvet Matte Lipstick,05 Peach,Golden Rose,8691190466053,golden-rose-velvet-matte-lipstick,draft,7573319024705,42200469635137
GR_VML_08,Lipsticks,Health & Beauty > Personal Care > Cosmetics > Makeup > Lip Makeup > Lipsticks,,Golden Rose Velvet Matte Lipstick,08 Gardenia,Golden Rose,8691190466084,golden-rose-velvet-matte-lipstick,draft,7573319024705,42200469667905
GR_VML_09,Lipsticks,Health & Beauty > Personal Care > Cosmetics > Makeup > Lip Makeup > Lipsticks,,Golden Rose Velvet Matte Lipstick,09 Baby Doll,Golden Rose,8691190466091,golden-rose-velvet-matte-lipstick,draft,7573319024705,42200469700673
GR_VML_10,Lipsticks,Health & Beauty > Personal Care > Cosmetics > Makeup > Lip Makeup > Lipsticks,,Golden Rose Velvet Matte Lipstick,10 Charm Red,Golden Rose,8691190466107,golden-rose-velvet-matte-lipstick,draft,7573319024705,42200469733441
GR_VML_11,Lipsticks,Health & Beauty > Personal Care > Cosmetics > Makeup > Lip Makeup > Lipsticks,,Golden Rose Velvet Matte Lipstick,11 Fuscia,Golden Rose,8691190466114,golden-rose-velvet-matte-lipstick,draft,7573319024705,42200469766209
GR_VML_12,Lipsticks,Health & Beauty > Personal Care > Cosmetics > Makeup > Lip Makeup > Lipsticks,,Golden Rose Velvet Matte Lipstick,12 Rose,Golden Rose,8691190466121,golden-rose-velvet-matte-lipstick,draft,7573319024705,42200469798977
GR_VML_14,Lipsticks,Health & Beauty > Personal Care > Cosmetics > Makeup > Lip Makeup > Lipsticks,,Golden Rose Velvet Matte Lipstick,14 Pink Flambe,Golden Rose,8691190466145,golden-rose-velvet-matte-lipstick,draft,7573319024705,42200469831745
GR_VML_15,Lipsticks,Health & Beauty > Personal Care > Cosmetics > Makeup > Lip Makeup > Lipsticks,,Golden Rose Velvet Matte Lipstick,15 Carmine,Golden Rose,8691190466152,golden-rose-velvet-matte-lipstick,draft,7573319024705,42200469864513
GR_VML_16,Lipsticks,Health & Beauty > Personal Care > Cosmetics > Makeup > Lip Makeup > Lipsticks,,Golden Rose Velvet Matte Lipstick,16,Golden Rose,8691190466169,golden-rose-velvet-matte-lipstick,draft,7573319024705,42200469897281
GR_VML_19,Lipsticks,Health & Beauty > Personal Care > Cosmetics > Makeup > Lip Makeup > Lipsticks,,Golden Rose Velvet Matte Lipstick,19 Paradise Pink,Golden Rose,8691190466190,golden-rose-velvet-matte-lipstick,draft,7573319024705,42200469930049
GR_VML_20,Lipsticks,Health & Beauty > Personal Care > Cosmetics > Makeup > Lip Makeup > Lipsticks,,Golden Rose Velvet Matte Lipstick,20 Bordeaux,Golden Rose,8691190466206,golden-rose-velvet-matte-lipstick,draft,7573319024705,42200469962817
GR_VML_21,Lipsticks,Health & Beauty > Personal Care > Cosmetics > Makeup > Lip Makeup > Lipsticks,,Golden Rose Velvet Matte Lipstick,21 Soft Peach,Golden Rose,8691190466213,golden-rose-velvet-matte-lipstick,draft,7573319024705,42200469995585
GR_VML_22,Lipsticks,Health & Beauty > Personal Care > Cosmetics > Makeup > Lip Makeup > Lipsticks,,Golden Rose Velvet Matte Lipstick,22 Mid Red,Golden Rose,8691190466220,golden-rose-velvet-matte-lipstick,draft,7573319024705,42200470028353
GR_VML_23,Lipsticks,Health & Beauty > Personal Care > Cosmetics > Makeup > Lip Makeup > Lipsticks,,Golden Rose Velvet Matte Lipstick,23 Turkish Coffee,Golden Rose,8691190466237,golden-rose-velvet-matte-lipstick,draft,7573319024705,42200470061121
GR_VML_25,Lipsticks,Health & Beauty > Personal Care > Cosmetics > Makeup > Lip Makeup > Lipsticks,,Golden Rose Velvet Matte Lipstick,25 Prom Queen,Golden Rose,8691190466251,golden-rose-velvet-matte-lipstick,draft,7573319024705,42200470093889
GR_VML_26,Lipsticks,Health & Beauty > Personal Care > Cosmetics > Makeup > Lip Makeup > Lipsticks,,Golden Rose Velvet Matte Lipstick,26,Golden Rose,8691190466268,golden-rose-velvet-matte-lipstick,draft,7573319024705,42200470126657
GR_VML_35,Lipsticks,Health & Beauty > Personal Care > Cosmetics > Makeup > Lip Makeup > Lipsticks,,Golden Rose Velvet Matte Lipstick,35 Bright Red,Golden Rose,8691190466350,golden-rose-velvet-matte-lipstick,draft,7573319024705,42200472879169
GR_VML_39,Lipsticks,Health & Beauty > Personal Care > Cosmetics > Makeup > Lip Makeup > Lipsticks,,Golden Rose Velvet Matte Lipstick,39 Princess Beige,Golden Rose,8691190466398,golden-rose-velvet-matte-lipstick,draft,7573319024705,42200472911937
GR_VWE_01,Eyeliner,Health & Beauty > Personal Care > Cosmetics > Makeup > Eye Makeup > Eyeliner,,Golden Rose Vinyl Liner Waterproof Eyeliner Glossy Black,Default Title,Golden Rose,8691190965778,golden-rose-vinyl-liner-waterproof-eyeliner-glossy-black,draft,7574071214145,42203347583041
GR_WELS_01,Eyeliner,Health & Beauty > Personal Care > Cosmetics > Makeup > Eye Makeup > Eyeliner,,Golden Rose Waterproof Eyeliner Longwear and Soft Ultra Black,Default Title,Golden Rose,8691190069469,golden-rose-waterproof-eyeliner-longwear-and-soft-ultra-black,draft,7574073475137,42203358363713
GR_WN_04,Nail Polishes,Health & Beauty > Personal Care > Cosmetics > Nail Care > Nail Polishes,,Golden Rose Wow Nail Color,4,Golden Rose,8691190960049,golden-rose-wow-nail-color,draft,7571080839233,42191104999489
GR_WN_05,Nail Polishes,Health & Beauty > Personal Care > Cosmetics > Nail Care > Nail Polishes,,Golden Rose Wow Nail Color,5,Golden Rose,8691190960056,golden-rose-wow-nail-color,draft,7571080839233,43299280224321
GR_WN_08,Nail Polishes,Health & Beauty > Personal Care > Cosmetics > Nail Care > Nail Polishes,,Golden Rose Wow Nail Color,8,Golden Rose,8691190960087,golden-rose-wow-nail-color,draft,7571080839233,43299588079681
GR_WN_10,Nail Polishes,Health & Beauty > Personal Care > Cosmetics > Nail Care > Nail Polishes,,Golden Rose Wow Nail Color,10,Golden Rose,8691190960100,golden-rose-wow-nail-color,draft,7571080839233,43299953999937
GR_WN_11,Nail Polishes,Health & Beauty > Personal Care > Cosmetics > Nail Care > Nail Polishes,,Golden Rose Wow Nail Color,11,Golden Rose,8691190960117,golden-rose-wow-nail-color,draft,7571080839233,43300129243201
GR_WN_13,Nail Polishes,Health & Beauty > Personal Care > Cosmetics > Nail Care > Nail Polishes,,Golden Rose Wow Nail Color,13,Golden Rose,8691190960131,golden-rose-wow-nail-color,draft,7571080839233,43300129701953
GR_WN_14,Nail Polishes,Health & Beauty > Personal Care > Cosmetics > Nail Care > Nail Polishes,,Golden Rose Wow Nail Color,14,Golden Rose,8691190960148,golden-rose-wow-nail-color,draft,7571080839233,43300625350721
GR_WN_15,Nail Polishes,Health & Beauty > Personal Care > Cosmetics > Nail Care > Nail Polishes,,Golden Rose Wow Nail Color,15,Golden Rose,8691190960155,golden-rose-wow-nail-color,draft,7571080839233,43300876091457
GR_WN_16,Nail Polishes,Health & Beauty > Personal Care > Cosmetics > Nail Care > Nail Polishes,,Golden Rose Wow Nail Color,16,Golden Rose,8691190960162,golden-rose-wow-nail-color,draft,7571080839233,43300969185345
GR_WN_19,Nail Polishes,Health & Beauty > Personal Care > Cosmetics > Nail Care > Nail Polishes,,Golden Rose Wow Nail Color,19,Golden Rose,8691190960193,golden-rose-wow-nail-color,draft,7571080839233,43300971741249
GR_WN_201,Nail Polishes,Health & Beauty > Personal Care > Cosmetics > Nail Care > Nail Polishes,,Golden Rose Wow Nail Color,201,Golden Rose,8691190962012,golden-rose-wow-nail-color,draft,7571080839233,43300976394305
GR_WN_202,Nail Polishes,Health & Beauty > Personal Care > Cosmetics > Nail Care > Nail Polishes,,Golden Rose Wow Nail Color,202,Golden Rose,8691190962029,golden-rose-wow-nail-color,draft,7571080839233,43301232443457
GR_WN_23,Nail Polishes,Health & Beauty > Personal Care > Cosmetics > Nail Care > Nail Polishes,,Golden Rose Wow Nail Color,23,Golden Rose,8691190960230,golden-rose-wow-nail-color,draft,7571080839233,43301381537857
GR_WN_24,Nail Polishes,Health & Beauty > Personal Care > Cosmetics > Nail Care > Nail Polishes,,Golden Rose Wow Nail Color,24,Golden Rose,8691190960247,golden-rose-wow-nail-color,draft,7571080839233,43301737988161
GR_WN_26,Nail Polishes,Health & Beauty > Personal Care > Cosmetics > Nail Care > Nail Polishes,,Golden Rose Wow Nail Color,26,Golden Rose,8691190960261,golden-rose-wow-nail-color,draft,7571080839233,43301813059649
GR_WN_27,Nail Polishes,Health & Beauty > Personal Care > Cosmetics > Nail Care > Nail Polishes,,Golden Rose Wow Nail Color,27,Golden Rose,8691190960278,golden-rose-wow-nail-color,draft,7571080839233,43301928992833
GR_WN_28,Nail Polishes,Health & Beauty > Personal Care > Cosmetics > Nail Care > Nail Polishes,,Golden Rose Wow Nail Color,28,Golden Rose,8691190960285,golden-rose-wow-nail-color,draft,7571080839233,43302152241217
GR_WN_31,Nail Polishes,Health & Beauty > Personal Care > Cosmetics > Nail Care > Nail Polishes,,Golden Rose Wow Nail Color,31,Golden Rose,8691190743239,golden-rose-wow-nail-color,draft,7571080839233,43302309888065
GR_WN_33,Nail Polishes,Health & Beauty > Personal Care > Cosmetics > Nail Care > Nail Polishes,,Golden Rose Wow Nail Color,33,Golden Rose,8691190743253,golden-rose-wow-nail-color,draft,7571080839233,43302525272129
GR_WN_37,Nail Polishes,Health & Beauty > Personal Care > Cosmetics > Nail Care > Nail Polishes,,Golden Rose Wow Nail Color,37,Golden Rose,8691190960377,golden-rose-wow-nail-color,draft,7571080839233,43302641401921
GR_WN_39,Uncategorized,Uncategorized,,Golden Rose Wow Nail Color,,Golden Rose,8691190960391,,,erp-GR_WN_39,erp-GR_WN_39
GR_WN_40,Nail Polishes,Health & Beauty > Personal Care > Cosmetics > Nail Care > Nail Polishes,,Golden Rose Wow Nail Color,40,Golden Rose,8691190960407,golden-rose-wow-nail-color,draft,7571080839233,43302642122817
GR_WN_41,Nail Polishes,Health & Beauty > Personal Care > Cosmetics > Nail Care > Nail Polishes,,Golden Rose Wow Nail Color,41,Golden Rose,8691190960414,golden-rose-wow-nail-color,draft,7571080839233,43302642942017
GR_WN_42,Nail Polishes,Health & Beauty > Personal Care > Cosmetics > Nail Care > Nail Polishes,,Golden Rose Wow Nail Color,42,Golden Rose,8691190960421,golden-rose-wow-nail-color,draft,7571080839233,43302645137473
GR_WN_43,Nail Polishes,Health & Beauty > Personal Care > Cosmetics > Nail Care > Nail Polishes,,Golden Rose Wow Nail Color,43,Golden Rose,8691190960438,golden-rose-wow-nail-color,draft,7571080839233,43302654640193
GR_WN_44,Nail Polishes,Health & Beauty > Personal Care > Cosmetics > Nail Care > Nail Polishes,,Golden Rose Wow Nail Color,44,Golden Rose,8691190960445,golden-rose-wow-nail-color,draft,7571080839233,43302722306113
GR_WN_45,Nail Polishes,Health & Beauty > Personal Care > Cosmetics > Nail Care > Nail Polishes,,Golden Rose Wow Nail Color,45,Golden Rose,8691190960452,golden-rose-wow-nail-color,draft,7571080839233,43302872612929
GR_WN_46,Nail Polishes,Health & Beauty > Personal Care > Cosmetics > Nail Care > Nail Polishes,,Golden Rose Wow Nail Color,46,Golden Rose,8691190960469,golden-rose-wow-nail-color,draft,7571080839233,43303014957121
GR_WN_47,Uncategorized,Uncategorized,,Golden Rose Wow Nail Color,,Golden Rose,8691190960476,,,erp-GR_WN_47,erp-GR_WN_47
GR_WN_48,Nail Polishes,Health & Beauty > Personal Care > Cosmetics > Nail Care > Nail Polishes,,Golden Rose Wow Nail Color,48,Golden Rose,8691190960483,golden-rose-wow-nail-color,draft,7571080839233,43303265501249
GR_WN_51,Nail Polishes,Health & Beauty > Personal Care > Cosmetics > Nail Care > Nail Polishes,,Golden Rose Wow Nail Color,51,Golden Rose,8691190960513,golden-rose-wow-nail-color,draft,7571080839233,43303447789633
GR_WN_53,Nail Polishes,Health & Beauty > Personal Care > Cosmetics > Nail Care > Nail Polishes,,Golden Rose Wow Nail Color,53,Golden Rose,8691190960537,golden-rose-wow-nail-color,draft,7571080839233,43303491076161
GR_WN_54,Nail Polishes,Health & Beauty > Personal Care > Cosmetics > Nail Care > Nail Polishes,,Golden Rose Wow Nail Color,54,Golden Rose,8691190960544,golden-rose-wow-nail-color,draft,7571080839233,43303525318721
GR_WN_55,Nail Polishes,Health & Beauty > Personal Care > Cosmetics > Nail Care > Nail Polishes,,Golden Rose Wow Nail Color,55,Golden Rose,8691190960551,golden-rose-wow-nail-color,draft,7571080839233,43303692894273
GR_WN_56,Nail Polishes,Health & Beauty > Personal Care > Cosmetics > Nail Care > Nail Polishes,,Golden Rose Wow Nail Color,56,Golden Rose,8691190960568,golden-rose-wow-nail-color,draft,7571080839233,43303891796033
GR_WN_57,Nail Polishes,Health & Beauty > Personal Care > Cosmetics > Nail Care > Nail Polishes,,Golden Rose Wow Nail Color,57,Golden Rose,8691190960575,golden-rose-wow-nail-color,draft,7571080839233,43304358445121
GR_WN_58,Nail Polishes,Health & Beauty > Personal Care > Cosmetics > Nail Care > Nail Polishes,,Golden Rose Wow Nail Color,58,Golden Rose,8691190960582,golden-rose-wow-nail-color,draft,7571080839233,43304359821377
GR_WN_59,Nail Polishes,Health & Beauty > Personal Care > Cosmetics > Nail Care > Nail Polishes,,Golden Rose Wow Nail Color,59,Golden Rose,8691190960599,golden-rose-wow-nail-color,draft,7571080839233,43304361394241
GR_WN_60,Nail Polishes,Health & Beauty > Personal Care > Cosmetics > Nail Care > Nail Polishes,,Golden Rose Wow Nail Color,60,Golden Rose,8691190960605,golden-rose-wow-nail-color,draft,7571080839233,43304361754689
GR_WN_62,Nail Polishes,Health & Beauty > Personal Care > Cosmetics > Nail Care > Nail Polishes,,Golden Rose Wow Nail Color,62,Golden Rose,8691190960629,golden-rose-wow-nail-color,draft,7571080839233,43304362770497
GR_WN_63,Nail Polishes,Health & Beauty > Personal Care > Cosmetics > Nail Care > Nail Polishes,,Golden Rose Wow Nail Color,63,Golden Rose,8691190960636,golden-rose-wow-nail-color,draft,7571080839233,43304365260865
GR_WN_65,Nail Polishes,Health & Beauty > Personal Care > Cosmetics > Nail Care > Nail Polishes,,Golden Rose Wow Nail Color,65,Golden Rose,8691190960650,golden-rose-wow-nail-color,draft,7571080839233,43304366047297
GR_WN_71,Nail Polishes,Health & Beauty > Personal Care > Cosmetics > Nail Care > Nail Polishes,,Golden Rose Wow Nail Color,71,Golden Rose,8691190960711,golden-rose-wow-nail-color,draft,7571080839233,43304384462913
GR_WN_74,Nail Polishes,Health & Beauty > Personal Care > Cosmetics > Nail Care > Nail Polishes,,Golden Rose Wow Nail Color,74,Golden Rose,8691190960742,golden-rose-wow-nail-color,draft,7571080839233,43304607645761
GR_WN_76,Nail Polishes,Health & Beauty > Personal Care > Cosmetics > Nail Care > Nail Polishes,,Golden Rose Wow Nail Color,76,Golden Rose,8691190960766,golden-rose-wow-nail-color,draft,7571080839233,43304888631361
GR_WN_77,Nail Polishes,Health & Beauty > Personal Care > Cosmetics > Nail Care > Nail Polishes,,Golden Rose Wow Nail Color,77,Golden Rose,8691190960773,golden-rose-wow-nail-color,draft,7571080839233,43305170927681
GR_WN_78,Nail Polishes,Health & Beauty > Personal Care > Cosmetics > Nail Care > Nail Polishes,,Golden Rose Wow Nail Color,78,Golden Rose,8691190960780,golden-rose-wow-nail-color,draft,7571080839233,43305197568065
GR_WN_80,Nail Polishes,Health & Beauty > Personal Care > Cosmetics > Nail Care > Nail Polishes,,Golden Rose Wow Nail Color,80,Golden Rose,8691190960803,golden-rose-wow-nail-color,draft,7571080839233,43305197928513
GR_WN_81,Nail Polishes,Health & Beauty > Personal Care > Cosmetics > Nail Care > Nail Polishes,,Golden Rose Wow Nail Color,81,Golden Rose,8691190960810,golden-rose-wow-nail-color,draft,7571080839233,43305200386113
GR_WN_82,Nail Polishes,Health & Beauty > Personal Care > Cosmetics > Nail Care > Nail Polishes,,Golden Rose Wow Nail Color,82,Golden Rose,8691190960827,golden-rose-wow-nail-color,draft,7571080839233,43311912452161
GR_WN_83,Nail Polishes,Health & Beauty > Personal Care > Cosmetics > Nail Care > Nail Polishes,,Golden Rose Wow Nail Color,83,Golden Rose,8691190960834,golden-rose-wow-nail-color,draft,7571080839233,43311912681537
GR_WN_84,Nail Polishes,Health & Beauty > Personal Care > Cosmetics > Nail Care > Nail Polishes,,Golden Rose Wow Nail Color,84,Golden Rose,8691190960841,golden-rose-wow-nail-color,draft,7571080839233,43311912878145
GR_WN_85,Nail Polishes,Health & Beauty > Personal Care > Cosmetics > Nail Care > Nail Polishes,,Golden Rose Wow Nail Color,85,Golden Rose,8691190960858,golden-rose-wow-nail-color,draft,7571080839233,43311940501569
GR_WN_86,Nail Polishes,Health & Beauty > Personal Care > Cosmetics > Nail Care > Nail Polishes,,Golden Rose Wow Nail Color,86,Golden Rose,8691190960865,golden-rose-wow-nail-color,draft,7571080839233,43311941419073
GR_WN_87,Nail Polishes,Health & Beauty > Personal Care > Cosmetics > Nail Care > Nail Polishes,,Golden Rose Wow Nail Color,87,Golden Rose,8691190960872,golden-rose-wow-nail-color,draft,7571080839233,43311946596417
GR_WN_89,Nail Polishes,Health & Beauty > Personal Care > Cosmetics > Nail Care > Nail Polishes,,Golden Rose Wow Nail Color,89,Golden Rose,8691190960896,golden-rose-wow-nail-color,draft,7571080839233,43312811081793
GR_WN_91,Nail Polishes,Health & Beauty > Personal Care > Cosmetics > Nail Care > Nail Polishes,,Golden Rose Wow Nail Color,91,Golden Rose,8691190960919,golden-rose-wow-nail-color,draft,7571080839233,43312828284993
GR_WN_92,Nail Polishes,Health & Beauty > Personal Care > Cosmetics > Nail Care > Nail Polishes,,Golden Rose Wow Nail Color,92,Golden Rose,8691190960926,golden-rose-wow-nail-color,draft,7571080839233,43312830906433
GR_WN_95,Nail Polishes,Health & Beauty > Personal Care > Cosmetics > Nail Care > Nail Polishes,,Golden Rose Wow Nail Color,95,Golden Rose,8691190960957,golden-rose-wow-nail-color,draft,7571080839233,43312996876353
GR_WN_96,Nail Polishes,Health & Beauty > Personal Care > Cosmetics > Nail Care > Nail Polishes,,Golden Rose Wow Nail Color,96,Golden Rose,8691190960964,golden-rose-wow-nail-color,draft,7571080839233,43313195548737
GR_WN_CLEAR,Nail Polishes,Health & Beauty > Personal Care > Cosmetics > Nail Care > Nail Polishes,,Golden Rose Wow Nail Color,CLEAR,Golden Rose,8691190960001,golden-rose-wow-nail-color,draft,7571080839233,43313468571713
GSA07_1,Face Serums,Health & Beauty > Personal Care > Cosmetics > Skin Care > Face Serums,Oil,Garnier SkinActive Vitamin C Serum 30ml,Default Title,Garnier,3600542444149,garnier-skinactive-vitamin-c-serum-30ml,active,7489623818305,41918059380801
GSGC01_1,Face Moisturizers,Health & Beauty > Personal Care > Cosmetics > Skin Care > Face Moisturizers,Serum,Garnier Sakura Glow Ceramide Serum Cream 50ml SPF 30,Default Title,Garnier,8992304033872,garnier-sakura-glow-ceramide-serum-cream-50ml-spf-30,draft,7561196568641,42152857665601
GSGH01_1,Skin Care Masks & Peels,Health & Beauty > Personal Care > Cosmetics > Skin Care > Skin Care Masks & Peels,,Garnier Sakura Glow Hyaluron Night Sleeping Mask 50ml,Default Title,Garnier,8992304046964,garnier-sakura-glow-hyaluron-night-sleeping-mask-50ml,draft,7561199288385,42152867823681
GSH01_1,Face Serums,Health & Beauty > Personal Care > Cosmetics > Skin Care > Face Serums,Cream,Garnier Bright Complete Vitamin C Serum Cream SPF30 50ml,Default Title,Garnier,8991380700050,garnier-bright-complete-vitamin-c-serum-cream-spf30-50ml,active,7524677976129,42044330475585
GSH01_2,Face Serums,Health & Beauty > Personal Care > Cosmetics > Skin Care > Face Serums,Cream,Garnier Bright Complete Vitamin C Serum Cream SPF30 50ml,Default Title,Garnier,8992304054419,garnier-bright-complete-vitamin-c-serum-cream-spf30-50ml-2,active,7632596500545,42386427478081
GSL04_1,Lotions & Moisturizers,Health & Beauty > Personal Care > Cosmetics > Skin Care > Lotions & Moisturizers,Lotion,Garnier Bright Complete Serum Body Lotion 400ml - Indonesia,Default Title,Garnier,8992304012549,garnier-bright-complete-serum-body-lotion-400ml-indonesia,active,7524676829249,42044325560385
GSL04_2,Lotions & Moisturizers,Health & Beauty > Personal Care > Cosmetics > Skin Care > Lotions & Moisturizers,Lotion,Garnier Bright Complete Serum Body Lotion 400ml,Default Title,Garnier,8992304000980,garnier-bright-complete-serum-body-lotion-400ml-2,active,7544099733569,42095301034049
GSM01_1,Skin Care Masks & Peels,Health & Beauty > Personal Care > Cosmetics > Skin Care > Skin Care Masks & Peels,,Garnier Moisture Bomb Sheet Mask for Normal to Combination Skin 28g,Default Title,Garnier,6923700975246,garnier-moisture-bomb-sheet-mask-for-normal-to-combination-skin-28g,draft,7489623916609,41918059413569
GSM02_1,Skin Care Masks & Peels,Health & Beauty > Personal Care > Cosmetics > Skin Care > Skin Care Masks & Peels,,Garnier Moisture Bomb Sheet Mask for Dry and Sensitive Skin 28g,Default Title,Garnier,6923700975239,garnier-moisture-bomb-sheet-mask-for-dry-and-sensitive-skin-28g,draft,7489623949377,41918059446337
GSM03_1,Skin Care Masks & Peels,Health & Beauty > Personal Care > Cosmetics > Skin Care > Skin Care Masks & Peels,,Garnier Moisture Bomb Sheet Mask Tired-Looking Skin 28g,Default Title,Garnier,6923700975253,garnier-moisture-bomb-sheet-mask-tired-looking-skin-28g,draft,7489623982145,41918059479105
GSM04_1,Skin Care,Health & Beauty > Personal Care > Cosmetics > Skin Care,,Garnier Moisture Bomb Sheet Mask for Enlarged Pores 28g,Default Title,Garnier,603084546657,garnier-moisture-bomb-sheet-mask-for-enlarged-pores-28g,draft,7489624014913,41918059511873
GSM05_1,Skin Care Masks & Peels,Health & Beauty > Personal Care > Cosmetics > Skin Care > Skin Care Masks & Peels,,Garnier Moisture Bomb Sheet Mask for Dehydrated Skin 28g,Default Title,Garnier,6923700975260,garnier-moisture-bomb-sheet-mask-for-dehydrated-skin-28g,draft,7489624047681,41918059544641
GSM06_1,Skin Care Masks & Peels,Health & Beauty > Personal Care > Cosmetics > Skin Care > Skin Care Masks & Peels,,Garnier Moisture Bomb Eye Sheet Mask for Dark Circles 6g,Default Title,Garnier,6923700970241,garnier-moisture-bomb-eye-sheet-mask-for-dark-circles-6g,draft,7489624080449,41918059577409
GSM07_1,Uncategorized,Uncategorized,,Garnier Moisture Bomb Eye Sheet Mask for Puffy Eyes 6g,,Garnier,6923700970203,,,erp-GSM07_1,erp-GSM07_1
GSM08_1,Skin Care Masks & Peels,Health & Beauty > Personal Care > Cosmetics > Skin Care > Skin Care Masks & Peels,,Garnier Moisture Bomb Sheet Mask for Dull and Uneven Skin 28g,Default Title,Garnier,6923700990812,garnier-moisture-bomb-sheet-mask-for-dull-and-uneven-skin-28g,draft,7489624145985,41918059642945
GSS07_1,Sunscreen,Health & Beauty > Personal Care > Cosmetics > Skin Care > Sunscreen,Cream,Garnier Ombrelle Sport Endurance Sunscreen SPF 60 231ml,Default Title,Garnier,071249317488,garnier-ombrelle-sport-endurance-sunscreen-spf-60-231ml,draft,7489624178753,41918059675713
GSS08_1,Sunscreen,Health & Beauty > Personal Care > Cosmetics > Skin Care > Sunscreen,Cream,Garnier Ombrelle Complete Soin Complet Sunscreen SPF 60 200ml,Default Title,Garnier,603084569717,garnier-ombrelle-complete-soin-complet-sunscreen-spf-60-200ml,draft,7489624211521,41918059708481
GSS09_1,Sunscreen,Health & Beauty > Personal Care > Cosmetics > Skin Care > Sunscreen,Cream,Garnier Ombrelle Face Mineral Sunscreen Hydrating Lotion SPF 50 75ml,Default Title,Garnier,603084578504,garnier-ombrelle-face-mineral-sunscreen-hydrating-lotion-spf-50-75ml,draft,7489624244289,41918059741249
GSS10_1,Uncategorized,Uncategorized,Cream,Garnier Ombrelle Daily UV Anti-Aging Moisturizer SPF 60 50ml,Default Title,Garnier,603084073962,garnier-ombrelle-daily-uv-anti-aging-moisturizer-spf-60-50ml,active,7489624277057,41918059774017
GSS11_1,Sunscreen,Health & Beauty > Personal Care > Cosmetics > Skin Care > Sunscreen,Cream,Garnier Ombrelle Ultra Light Advanced Lotion SPF 60 50ml,Default Title,Garnier,603084064892,garnier-ombrelle-ultra-light-advanced-lotion-spf-60-50ml,active,7489624309825,41918059806785
GSSK01_1,Skin Care Masks & Peels,Health & Beauty > Personal Care > Cosmetics > Skin Care > Skin Care Masks & Peels,,Garnier Moisture Bomb Pomegranate Hydrating Mask 28g,Default Title,Garnier,3600541943759,garnier-moisture-bomb-pomegranate-hydrating-mask-28g,active,10313124380737,50515030736961
GSSK02_1,Skin Care Masks & Peels,Health & Beauty > Personal Care > Cosmetics > Skin Care > Skin Care Masks & Peels,,Garnier Pro-Retinol Smoothing Serum Mask in Sri Lanka,Default Title,Garnier,3600542545242,garnier-pro-retinol-smoothing-serum-mask-in-sri-lanka,active,10313129459777,50515079790657
GSVB01_1,Face Moisturizers,Health & Beauty > Personal Care > Cosmetics > Skin Care > Face Moisturizers,Cream,Garnier Skinactive Vitamin C UV Brightening Daily Cream SPF30 75ml,Default Title,Garnier,603084091607,garnier-skinactive-vitamin-c-uv-brightening-daily-cream-spf30-75ml,active,7591889764417,42256257581121
GVC02_1,Skin Care,Health & Beauty > Personal Care > Cosmetics > Skin Care,Cream,Garnier Vitamin C Brightening Day Cream 50ml,Default Title,Garnier,3600542523257,garnier-vitamin-c-brightening-day-cream-50ml,draft,7489624342593,41918059839553
GVC02_2,Skin Care,Health & Beauty > Personal Care > Cosmetics > Skin Care,Cream,Garnier Vitamin C Brightening Day Cream 50ml,Default Title,Garnier,3600542453110,garnier-vitamin-c-brightening-day-cream-50ml-2,draft,7544093671489,42095285239873
GVC05_1,Facial Cleansers,Health & Beauty > Personal Care > Cosmetics > Skin Care > Facial Cleansers,,Garnier SkinActive Vitamin C Clarifying Wash 200ml,Default Title,Garnier,3600542468435,garnier-skinactive-vitamin-c-clarifying-wash-200ml,draft,7527258521665,42052601184321
GVC06_1,Eye Creams,Health & Beauty > Personal Care > Cosmetics > Skin Care > Eye Creams,Cream,Garnier Skin Active Vitamin C Brightening Eye Cream 15ml,Default Title,Garnier,3600542534260,garnier-skin-active-vitamin-c-brightening-eye-cream-15ml,active,7489624375361,41918059872321
GVCC01_1,Facial Cleansers,Health & Beauty > Personal Care > Cosmetics > Skin Care > Facial Cleansers,LiquidGel,Garnier Skin Active Vitamin C Brightening Clarifying Face Wash 200ml,Default Title,Garnier,3600542524261,garnier-skin-active-vitamin-c-brightening-clarifying-face-wash-200ml,draft,7569283285057,42182375243841
GW001_1,Lotions & Moisturizers,Health & Beauty > Personal Care > Cosmetics > Skin Care > Lotions & Moisturizers,Lotion,Gluta White Glutathione and Collagen Whitening Lotion 250ml,Default Title,Gluta White,6182000127339,gluta-white-glutathione-and-collagen-whitening-lotion-250ml,active,7489624408129,41918059905089
GW002_1,Skin Care,Health & Beauty > Personal Care > Cosmetics > Skin Care,,Gluta White Glutathione and Collagen Serum 60ml,Default Title,Gluta White,6182000127384,gluta-white-glutathione-and-collagen-serum-60ml,draft,7527390576705,42052847042625
GW004_1,Lotions & Moisturizers,Health & Beauty > Personal Care > Cosmetics > Skin Care > Lotions & Moisturizers,Cream,Gluta White Glutathione and Collagen Whitening Cream 125ml,Default Title,Gluta White,6182000129449,gluta-white-glutathione-and-collagen-whitening-cream-125ml,active,7489624440897,41918059937857
GW005_1,Acne Treatments & Kits,Health & Beauty > Personal Care > Cosmetics > Skin Care > Acne Treatments & Kits,Cream,Gluta White Whitening Cream 125ml,Default Title,Gluta White,6182000136157,gluta-white-whitening-cream-125ml,active,7866723401793,43723078565953
HAD001_1,Sunscreen,Health & Beauty > Personal Care > Cosmetics > Skin Care > Sunscreen,Gel,Hada Labo Gokujyun UV White Gel SPF50+ PA++++ 90g,Default Title,Hada Labo,4987241145676,hada-labo-gokujyun-uv-white-gel-spf50-pa-90g,active,7969364246593,44155376336961
HAD01_1,Facial Cleansers,Health & Beauty > Personal Care > Cosmetics > Skin Care > Facial Cleansers,Solid,Hada Labo Intensive Anti Aging Facial Cleanser 80g,Default Title,Hada Labo,8935006537637,hada-labo-intensive-anti-aging-facial-cleanser-80g,active,8042134798401,44417619361857
HAD02_1,Anti-Aging Skin Care,Health & Beauty > Personal Care > Cosmetics > Skin Care > Anti-Aging Skin Care,Cream,Hada Labo Pro Anti Aging Cream 50g,Default Title,Hada Labo,8935006537668,hada-labo-pro-anti-aging-cream-50g,active,8042145087553,44417638989889
HAD03_1,Anti-Aging Skin Care,Health & Beauty > Personal Care > Cosmetics > Skin Care > Anti-Aging Skin Care,Lotion,Hada Labo Pro Aging Retinol B3 Lotion 170ml,Default Title,Hada Labo,8935006547087,hada-labo-pro-aging-retinol-b3-lotion-170ml,active,8042499637313,44418690023489
HB001_1,Single Vitamins,Health & Beauty > Health Care > Fitness & Nutrition > Vitamins & Supplements > Single Vitamins,Tablets,Holland & Barrett Vitamin C 1000mg 60 Tablets,Default Title,Holland & Barrett,5059604471582,holland-barrett-vitamin-c-1000mg-60-tablets,draft,7591274086465,42254170357825
HC001_1,Uncategorized,Uncategorized,Capsules,"Healthy Care Super Hair, Skin and Nail 100 Capsules",Default Title,Healthy Care,9316254898982,healthy-care-super-hair-skin-and-nail-100-capsules,draft,7533600702529,42068222083137
HC001_2,Multivitamin Supplements,Health & Beauty > Health Care > Fitness & Nutrition > Vitamins & Supplements > Multivitamin Supplements,,"Healthy Care Super Hair, Skin and Nail 100 Capsules",Default Title,Healthy Care,9316254892607,healthy-care-super-hair-skin-and-nail-100-capsules-1,draft,7873943568449,43747149709377
HC002_1,Collagen,Health & Beauty > Health Care > Fitness & Nutrition > Vitamins & Supplements > Collagen,Powder,Healthy Care Beauty Collagen Powder 120g,Default Title,Healthy Care,9316254893727,healthy-care-beauty-collagen-powder-120g,draft,7701725282369,43035548483649
HC003_1,Herbal Supplements,Health & Beauty > Health Care > Fitness & Nutrition > Vitamins & Supplements > Herbal Supplements,Tablets,Healthy Care Beauty Collagen 60 Tablets,Default Title,Healthy Care,9316254893734,healthy-care-beauty-collagen-60-tablets,draft,7533583532097,42068184105025
HC005_1,Multivitamin Supplements,Health & Beauty > Health Care > Fitness & Nutrition > Vitamins & Supplements > Multivitamin Supplements,Capsules,Healthy Care Fish Oil 1000mg 400 Capsules,Default Title,Healthy Care,9316254892065,healthy-care-fish-oil-1000mg-400-capsules,draft,7533584449601,42068185022529
HC0050_1,Hair Care Kits,Health & Beauty > Personal Care > Hair Care > Hair Care Kits,Lotion,Palmers Hair Food Formula 250g,Default Title,Palmers,010181066252,palmers-hair-food-formula-250g,draft,7489624473665,41918059970625
HC006_1,Vitamins & Supplements,Health & Beauty > Health Care > Fitness & Nutrition > Vitamins & Supplements,Capsules,Healthy Care Vitamin D3 1000IU 500 Capsules,Default Title,Healthy Care,9316254898418,healthy-care-vitamin-d3-1000iu-500-capsules,draft,7533601161281,42068222836801
HC007_1,Single Vitamins,Health & Beauty > Health Care > Fitness & Nutrition > Vitamins & Supplements > Single Vitamins,Tablets,Healthy Care Vitamin C 500mg Chewable 500 Tablets,Default Title,Healthy Care,9316254892102,healthy-care-vitamin-c-500mg-chewable-500-tablets,draft,7539099828289,42081486962753
HC008_1,Multivitamin Supplements,Health & Beauty > Health Care > Fitness & Nutrition > Vitamins & Supplements > Multivitamin Supplements,Capsules,Healthy Care Fish Oil + Vitamin D 200 Capsules,Default Title,Healthy Care,9316254898449,healthy-care-fish-oil-vitamin-d-200-capsules,draft,7539799523393,42083633233985
HC008_2,Multivitamin Supplements,Health & Beauty > Health Care > Fitness & Nutrition > Vitamins & Supplements > Multivitamin Supplements,Capsules,Healthy Care Fish Oil + Vitamin D 200 Capsules,Default Title,Healthy Care,9316254893574,healthy-care-fish-oil-vitamin-d-200-capsules-2,draft,7717371904065,43096965972033
HC009_1,Single Vitamins,Health & Beauty > Health Care > Fitness & Nutrition > Vitamins & Supplements > Single Vitamins,Capsules,Healthy Care Vitamin D3 1000IU 250 Capsules,Default Title,Healthy Care,9316254892652,healthy-care-vitamin-d3-1000iu-250-capsules,draft,7591333986369,42254280065089
HC010_1,Vitamins & Supplements,Health & Beauty > Health Care > Fitness & Nutrition > Vitamins & Supplements,Capsules,Healthy Care Double Strength Fish Oil Mini Caps 200 Soft Capsules,Default Title,Healthy Care,9316254894502,healthy-care-double-strength-fish-oil-mini-caps-200-soft-capsules,draft,7632669638721,42386889965633
HC011_1,Collagen,Health & Beauty > Health Care > Fitness & Nutrition > Vitamins & Supplements > Collagen,Tablets,Healthy Care Glucosamine HCL 1500mg 400 Tablets,Default Title,Healthy Care,9316254892508,healthy-care-glucosamine-hcl-1500mg-400-tablets,draft,7654165971009,42717951328321
HC012_1,Herbal Supplements,Health & Beauty > Health Care > Fitness & Nutrition > Vitamins & Supplements > Herbal Supplements,Tablets,Healthy Care High Strength Ashwagandha 60 Tablets,Default Title,Healthy Care,9316254898609,healthy-care-high-strength-ashwagandha-60-tablets,draft,7751213023297,43190245032001
HC013_1,Collagen,Health & Beauty > Health Care > Fitness & Nutrition > Vitamins & Supplements > Collagen,Tablets,Healthy Care Glucosamine HCL 1000mg 200 Tablets,Default Title,Healthy Care,9316254892034,healthy-care-glucosamine-hcl-1000mg-200-tablets,draft,7769601671233,43251823640641
HC014_1,Single Vitamins,Health & Beauty > Health Care > Fitness & Nutrition > Vitamins & Supplements > Single Vitamins,Tablets,Healthy Care High Strength Vitamin B12 1000mcg 60 Tablets,Default Title,Healthy Care,9316254893116,healthy-care-high-strength-vitamin-b12-1000mcg-60-tablets,draft,7769601867841,43251824492609
HC050_1,Hair Loss Treatments,Health & Beauty > Personal Care > Hair Care > Hair Loss Treatments,Oil,Palmers Hair Food Formula 150g,Default Title,Palmers,010181066207,palmers-hair-food-formula-150g,draft,7489624506433,41918060003393
HE10_1,Anti-Perspirant,Health & Beauty > Personal Care > Deodorants & Anti-Perspirant > Anti-Perspirant,,Nivea Men Dry Impact Anti-Perspirant 50ml,Default Title,Nivea,4005900088413,nivea-men-dry-impact-anti-perspirant-50ml,draft,7525974212673,42047898550337
HE10_2,Anti-Perspirant,Health & Beauty > Personal Care > Deodorants & Anti-Perspirant > Anti-Perspirant,,Nivea Men Dry Impact Anti-Perspirant 50ml,Default Title,Nivea,4005808298334,nivea-men-dry-impact-anti-perspirant-50ml-2,draft,7539117129793,42081512521793
HE11_1,Uncategorized,Uncategorized,,Nivea Men Fresh Deo Roll On 50ml,,Nivea,8999777007355,,,erp-HE11_1,erp-HE11_1
HE11_2,Deodorants,Health & Beauty > Personal Care > Deodorants & Anti-Perspirant > Deodorants,,Nivea Men Fresh Deo Roll On 50ml,Default Title,Nivea,42179078,nivea-men-fresh-deo-roll-on-50ml-2,draft,7539118145601,42081513308225
HE14_1,Hair Color,Health & Beauty > Personal Care > Hair Care > Hair Color,Powder,Garnier Natural Black Hair Color 70ml + 60g,Default Title,Garnier,8901526204458,garnier-natural-black-hair-color-70ml-60g,active,7489624604737,41918060036161
HE15_1,Hair Color,Health & Beauty > Personal Care > Hair Care > Hair Color,Powder,Garnier Color Naturals Darkest Brown 70ml + 60g,Default Title,Garnier,8901526204465,garnier-color-naturals-darkest-brown-70ml-60g,active,7489624637505,41918060068929
HEC01_1,Face Moisturizers,Health & Beauty > Personal Care > Cosmetics > Skin Care > Face Moisturizers,Cream,Neutrogena Hydro Boost Gel Cream 50ml,Default Title,Neutrogena,062600633644,neutrogena-hydro-boost-gel-cream-50ml,active,7524961189953,42045335175233
HEC01_2,Face Moisturizers,Health & Beauty > Personal Care > Cosmetics > Skin Care > Face Moisturizers,Cream,Neutrogena Hydro Boost Gel Cream 50ml,Default Title,Neutrogena,3574661287232,neutrogena-hydro-boost-gel-cream-50ml-2,active,7539120832577,42081516486721
HEC01_3,Face Moisturizers,Health & Beauty > Personal Care > Cosmetics > Skin Care > Face Moisturizers,Cream,Neutrogena Hydro Boost Gel Cream 50ml,Default Title,Neutrogena,3574661309743,neutrogena-hydro-boost-gel-cream-50ml-3,active,7539122602049,42081521795137
HERB01_1,Hair Loss Treatments,Health & Beauty > Personal Care > Hair Care > Hair Loss Treatments,Oil,Herb Care Keshawardhani Hair Growth Oil 100ml,Default Title,Herb Care,0061001,herb-care-keshawardhani-hair-growth-oil-100ml,active,7489624703041,41918060101697
HERB02_1,Uncategorized,Uncategorized,Oil,Herb Care Keshawardhani Hair Growth Oil 200ml,Default Title,Herb Care,0061002,herb-care-keshawardhani-hair-growth-oil-200ml,active,7489624735809,41918060134465
HERB08_1,Hair Loss Treatments,Health & Beauty > Personal Care > Hair Care > Hair Loss Treatments,,Herb Care Premium Herbal Hair Growth Oil 100ml,Default Title,Herb Care,0061012,herb-care-premium-herbal-hair-growth-oil-100ml,active,7526381977665,42049101725761
HERB09_1,Hair Loss Treatments,Health & Beauty > Personal Care > Hair Care > Hair Loss Treatments,LiquidGel,Herb Care Premium Herbal Hair Growth Oil 200ml,Default Title,Herb Care,0061014,herb-care-premium-herbal-hair-growth-oil-200ml,active,7526382469185,42049113784385
HERB09_2,Hair Loss Treatments,Health & Beauty > Personal Care > Hair Care > Hair Loss Treatments,LiquidGel,Herb Care Premium Herbal Hair Growth Oil 200ml,Default Title,Herb Care,0061013,herb-care-premium-herbal-hair-growth-oil-200ml-2,active,7585986904129,42239257772097
HJ001_1,Single Vitamins,Health & Beauty > Health Care > Fitness & Nutrition > Vitamins & Supplements > Single Vitamins,Capsules,Howard & James Vitamin C 1200mg Zinc 40mg - 120 Vegan Capsules,Default Title,Howard & James,X001B39QE9,howard-james-vitamin-c-1200mg-zinc-40mg-120-vegan-capsules,draft,7591462830145,42254599553089
HP6341/00_1,Epilators,Health & Beauty > Personal Care > Shaving & Grooming > Hair Removal > Epilators,,Philips Electric Lady Shaver HP6341/00,Default Title,Philips,075020019431,philips-electric-lady-shaver-hp6341-00,draft,7529038282817,42056948154433
HR001_1,Multivitamin Supplements,Health & Beauty > Health Care > Fitness & Nutrition > Vitamins & Supplements > Multivitamin Supplements,Capsules,Healtheries Fish Oil 1500mg 150 Capsules,Default Title,Healtheries,9400097038961,healtheries-fish-oil-1500mg-150-capsules,draft,7524989730881,42045418176577
HXC01_1,Vitamins & Supplements,Health & Beauty > Health Care > Fitness & Nutrition > Vitamins & Supplements,Capsules,Hydroxycut Hardcore 80 Capsules,Default Title,Hydroxycut,631656321333,hydroxycut-hardcore-80-capsules,draft,7534009352257,42068462043201
HYB01_1,Uncategorized,Uncategorized,,Neutrogena Hydro Boost Cleanser Water Gel 200ml - Greece,,Neutrogena,3574661288376,,,erp-HYB01_1,erp-HYB01_1
IA001_1,Vitamins & Supplements,Health & Beauty > Health Care > Fitness & Nutrition > Vitamins & Supplements,Powder,Inner Armour Creatine Monohydrate 300g,Default Title,Inner Armour,183859102498,inner-armour-creatine-monohydrate-300g,draft,7533745242177,42068347289665
IC001_1,Herbal Supplements,Health & Beauty > Health Care > Fitness & Nutrition > Vitamins & Supplements > Herbal Supplements,Capsules,Ivory Caps Maximum Potency 1500 mg Glutathione Skin Whitening Pills Complex 60 Capsules,Default Title,Ivory Caps,030955230702,ivory-caps-maximum-potency-1500-mg-glutathione-skin-whitening-pills-complex-60-capsules,draft,7591277985857,42254177140801
IC002_1,Single Vitamins,Health & Beauty > Health Care > Fitness & Nutrition > Vitamins & Supplements > Single Vitamins,Tablets,Ivory Caps Vitamin C Brightening Plus 60 Capsules,Default Title,Ivory Caps,125002743431,ivory-caps-vitamin-c-brightening-plus-60-capsules,draft,7590919700545,42253017743425
ICE01_1,Massagers,Health & Beauty > Personal Care > Massage & Relaxation > Massagers,,"Ice Roller For Face, Neck and Body",Default Title,Ice Roller,6907662630481,ice-roller-for-face-neck-and-body,active,7489624801345,41918060200001
INC01_1,Protein Supplements,Health & Beauty > Health Care > Fitness & Nutrition > Vitamins & Supplements > Protein Supplements,Powder,INC Plant Protein Chocolate Flavor 1kg,Default Title,INC Sports Nutrition,9400581049909,inc-plant-protein-chocolate-flavor-1kg,draft,7591867482177,42256169467969
INW01_1,Lotions & Moisturizers,Health & Beauty > Personal Care > Cosmetics > Skin Care > Lotions & Moisturizers,,Intimate Maximum Whitening Body Lotion 590ml,Default Title,Intimate,795144060811,intimate-maximum-whitening-body-lotion-590ml,active,7489624834113,41918060232769
JAAF01_1,Acne Treatments & Kits,Health & Beauty > Personal Care > Cosmetics > Skin Care > Acne Treatments & Kits,,Jovees Anti Acne Face Pack 120g,Default Title,Jovees,8906007670449,jovees-anti-acne-face-pack-120g,active,7808760578113,43599014723649
JE001_1,Vitamins & Supplements,Health & Beauty > Health Care > Fitness & Nutrition > Vitamins & Supplements,Tablets,Jointace Vitabiotics Collagen 30 Tablets,Default Title,Jointace,5021265222476,jointace-vitabiotics-collagen-30-tablets,draft,7543703371841,42094576173121
JE002_1,Vitamins & Supplements,Health & Beauty > Health Care > Fitness & Nutrition > Vitamins & Supplements,Capsules,Jointace Vitabiotics Omega-3 30 Capsules,Default Title,Jointace,5021265221806,jointace-vitabiotics-omega-3-30-capsules,draft,7543718477889,42094602354753
JOCM02_1,Facial Cleansers,Health & Beauty > Personal Care > Cosmetics > Skin Care > Facial Cleansers,,Jovees Herbal Citrus Cleansing Milk 100ml,Default Title,Jovees,8906007670487,jovees-herbal-citrus-cleansing-milk-100ml,active,7775107645505,43272786477121
JOEG01_1,Eye Creams,Health & Beauty > Personal Care > Cosmetics > Skin Care > Eye Creams,Gel,Jovees Gold Eye Contour Gel 20g,Default Title,Jovees,8906007670111,jovees-gold-eye-contour-gel-20g,active,7808755826753,43599008890945
JOFC14_1,Lotions & Moisturizers,Health & Beauty > Personal Care > Cosmetics > Skin Care > Lotions & Moisturizers,Lotion,Jovees Herbal Aloe Vera Moisturising Lotion 100ml,Default Title,Jovees,8906007670500,jovees-herbal-aloe-vera-moisturising-lotion-100ml,active,7775107383361,43272785002561
JOTT01_1,Baby Bathing,Baby & Toddler > Baby Bathing,LiquidGel,Johnsons Top To Toe Wash 500ml,Default Title,Johnsons,3574669909945,johnsons-top-to-toe-wash-500ml,draft,7551456182337,42117009637441
JOV01_1,Face Moisturizers,Health & Beauty > Personal Care > Cosmetics > Skin Care > Face Moisturizers,Cream,Jovees Herbal Sandalwood  Protection Day Cream SPF 20 50g,Default Title,Jovees,8906007670357,jovees-herbal-sandalwood-protection-day-cream-spf-20-50g,active,7774263541825,43270011977793
JOV02_1,Anti-Aging Skin Care,Health & Beauty > Personal Care > Cosmetics > Skin Care > Anti-Aging Skin Care,Cream,Jovees Herbal Avocado Revitalising Night Cream 50g,Default Title,Jovees,8906007670395,jovees-herbal-avocado-revitalising-night-cream-50g,active,7774268227649,43270019514433
JOV03_1,Face Moisturizers,Health & Beauty > Personal Care > Cosmetics > Skin Care > Face Moisturizers,Cream,Jovees Herbal Wheat Germ Face Massage Cream 50g,Default Title,Jovees,8906007670418,jovees-herbal-wheat-germ-face-massage-cream-50g,active,7774268457025,43270019776577
JOV04_1,Face Moisturizers,Health & Beauty > Personal Care > Cosmetics > Skin Care > Face Moisturizers,Cream,Jovees Herbal Revita Glow Vitamin C Radiant Face Cream 50g,Default Title,Jovees,8906007677752,jovees-herbal-revita-glow-vitamin-c-radiant-face-cream-50g,active,7774268686401,43270020988993
JOV05_1,Facial Cleansers,Health & Beauty > Personal Care > Cosmetics > Skin Care > Facial Cleansers,,Jovees Herbal Strawberry Face Wash 120ml,Default Title,Jovees,8906007670142,jovees-herbal-strawberry-face-wash-120ml,active,7774273077313,43270025478209
JOV06_1,Facial Cleansers,Health & Beauty > Personal Care > Cosmetics > Skin Care > Facial Cleansers,,Jovees Herbal Papaya Face Wash 120ml,Default Title,Jovees,8906007676144,jovees-herbal-papaya-face-wash-120ml,active,7774273962049,43270027608129
JOV07_1,Facial Cleansers,Health & Beauty > Personal Care > Cosmetics > Skin Care > Facial Cleansers,,Jovees Herbal Clarifying Grape Fairness Face Wash 120ml,Default Title,Jovees,8906007674140,jovees-herbal-clarifying-grape-fairness-face-wash-120ml,active,7774274224193,43270028230721
JOV08_1,Facial Cleansers,Health & Beauty > Personal Care > Cosmetics > Skin Care > Facial Cleansers,,Jovees Herbal Tea Tree Oil Control Face Wash 120ml,Default Title,Jovees,8906007670159,jovees-herbal-tea-tree-oil-control-face-wash-120ml,active,7774278058049,43270044581953
JOV09_1,Facial Cleansers,Health & Beauty > Personal Care > Cosmetics > Skin Care > Facial Cleansers,,Jovees Herbal Neem Face Wash 120ml,Default Title,Jovees,8906007674287,jovees-herbal-neem-face-wash-120ml,active,7774278156353,43270045040705
JOV10_1,Skin Care Masks & Peels,Health & Beauty > Personal Care > Cosmetics > Skin Care > Skin Care Masks & Peels,,Jovees Herbal Instafair Liquorice Glow Pack Face Mask 120g,Default Title,Jovees,8906007670210,jovees-herbal-instafair-liquorice-glow-pack-face-mask-120g,active,7774285398081,43270065586241
JOV11_1,Body Oil,Health & Beauty > Personal Care > Cosmetics > Skin Care > Body Oil,,Jovees Herbal Apple and Grape Fruit Pack 120g,Default Title,Jovees,8906007670203,jovees-herbal-apple-and-grape-fruit-pack-120g,active,7774286708801,43270081970241
JOV12_1,Facial Cleansers,Health & Beauty > Personal Care > Cosmetics > Skin Care > Facial Cleansers,,Jovees Herbal Apricot and Almond Face Scrub 100g,Default Title,Jovees,8906007670029,jovees-herbal-apricot-and-almond-face-scrub-100g,active,7774287396929,43270084493377
JOV13_1,Facial Cleansers,Health & Beauty > Personal Care > Cosmetics > Skin Care > Facial Cleansers,,Jovees Herbal Papaya and Honey Face Scrub 100g,Default Title,Jovees,8906007670050,jovees-herbal-papaya-and-honey-face-scrub-100g,active,7774288183361,43270087966785
JOV14_1,Facial Cleansers,Health & Beauty > Personal Care > Cosmetics > Skin Care > Facial Cleansers,,Jovees Herbal Jojoba and Neem Face Scrub 100g,Default Title,Jovees,8906007670081,jovees-herbal-jojoba-and-neem-face-scrub-100g,active,7774288642113,43270089244737
JOV15_1,Sunscreen,Health & Beauty > Personal Care > Cosmetics > Skin Care > Sunscreen,,Jovees Sandalwood Natural Sun Cover SPF 30 100g,Default Title,Jovees,8906007672047,jovees-sandalwood-natural-sun-cover-spf-30-100g,active,7775065505857,43272573681729
JOV16_1,Sunscreen,Health & Beauty > Personal Care > Cosmetics > Skin Care > Sunscreen,Lotion,Jovees Sun Guard 3-in-1 Matte Lotion SPF 60 PA+++ 50ml,Default Title,Jovees,8906007677066,jovees-sun-guard-3-in-1-matte-lotion-spf-60-pa-50ml,active,7775064096833,43272566800449
JOV17_1,Sunscreen,Health & Beauty > Personal Care > Cosmetics > Skin Care > Sunscreen,Gel,Jovees Herbal Sunscreen Fairness Gel SPF 25 50g,Default Title,Jovees,8906007672054,jovees-herbal-sunscreen-fairness-gel-spf-25-50g,active,7775103483969,43272754921537
JOV18_1,Facial Cleansers,Health & Beauty > Personal Care > Cosmetics > Skin Care > Facial Cleansers,,Jovees Herbal Ultra Radiance Gold Face Wash 100ml,Default Title,Jovees,8906007676038,jovees-herbal-ultra-radiance-gold-face-wash-100ml,active,7775041552449,43272439365697
JOV19_1,Facial Cleansers,Health & Beauty > Personal Care > Cosmetics > Skin Care > Facial Cleansers,,Jovees Mens Essential Advanced 4-in-1 Moisturizing Face Wash 100ml,Default Title,Jovees,8906007677059,jovees-mens-essential-advanced-4-in-1-moisturizing-face-wash-100ml,active,7775104335937,43272768094273
JOV20_1,Lotions & Moisturizers,Health & Beauty > Personal Care > Cosmetics > Skin Care > Lotions & Moisturizers,,Jovees Herbal Shea Butter Moisturiser 100g,Default Title,Jovees,8906007670289,jovees-herbal-shea-butter-moisturiser-100g,active,7775104729153,43272770355265
JOV21_1,Eye Creams,Health & Beauty > Personal Care > Cosmetics > Skin Care > Eye Creams,Cream,Jovees Herbal Eye Contour Cream 20g,Default Title,Jovees,8906007675581,jovees-herbal-eye-contour-cream-20g,active,7775063867457,43272566210625
JOV22_1,Toners,Health & Beauty > Personal Care > Cosmetics > Skin Care > Toners & Astringents > Toners,,Jovees Herbal Cucumber Skin Toner 100ml,Default Title,Jovees,8906007670333,jovees-herbal-cucumber-skin-toner-100ml,active,7775105810497,43272774811713
JOV23_1,Toners,Health & Beauty > Personal Care > Cosmetics > Skin Care > Toners & Astringents > Toners,,Jovees Herbal Rose Skin Toner 100ml,Default Title,Jovees,8906007670340,jovees-herbal-rose-skin-toner-100ml,active,7775106236481,43272777072705
JOV24_1,Facial Cleansers,Health & Beauty > Personal Care > Cosmetics > Skin Care > Facial Cleansers,,Jovees Citrus Cleansing Milk 200ml,Default Title,Jovees,8906007670753,jovees-citrus-cleansing-milk-200ml,active,7775039717441,43272435007553
JOV25_1,Toners,Health & Beauty > Personal Care > Cosmetics > Skin Care > Toners & Astringents > Toners,,Jovees Sun Defense Neem Skin Toner 100ml,Default Title,Jovees,8906007676069,jovees-sun-defense-neem-skin-toner-100ml,active,7775106695233,43272780873793
JOV26_1,Acne Treatments & Kits,Health & Beauty > Personal Care > Cosmetics > Skin Care > Acne Treatments & Kits,Cream,Jovees Herbal Anti Blemish Pigmentation Cream 60g,Default Title,Jovees,8906007670364,jovees-herbal-anti-blemish-pigmentation-cream-60g,active,7775043616833,43272443854913
JOV27_1,Lotions & Moisturizers,Health & Beauty > Personal Care > Cosmetics > Skin Care > Lotions & Moisturizers,Lotion,Jovees Herbal White Water Lily Moisturising Lotion 100ml,Default Title,Jovees,8906007670494,jovees-herbal-white-water-lily-moisturising-lotion-100ml,active,7775107055681,43272784117825
JOV28_1,Facial Cleansers,Health & Beauty > Personal Care > Cosmetics > Skin Care > Facial Cleansers,Serum,Jovees Revita Glow Vitamin C Face Wash 75ml,Default Title,Jovees,8906007677738,jovees-revita-glow-vitamin-c-face-wash-75ml,active,8033865826369,44385972977729
JOV29_1,Face Serums,Health & Beauty > Personal Care > Cosmetics > Skin Care > Face Serums,Serum,Jovees Herbal Revita Glow Vitamin C Face Serum 30ml,Default Title,Jovees,8906007677745,jovees-herbal-revita-glow-vitamin-c-face-serum-30ml,active,8033874608193,44386061385793
JOV30_1,Lip Balms,Health & Beauty > Personal Care > Cosmetics > Skin Care > Lip Balms & Treatments > Lip Balms,,Jovees Herbal Liquorice Lip Lightening Gloss Lip Balm 5g,Default Title,Jovees,8906007678391,jovees-herbal-liquorice-lip-lightening-gloss-lip-balm-5g,active,8033887912001,44386143830081
JOV31_1,Lip Balms,Health & Beauty > Personal Care > Cosmetics > Skin Care > Lip Balms & Treatments > Lip Balms,,Jovees Herbal Vitamin E Lip Balm SPF 15 5g,Default Title,Jovees,8906007678407,jovees-herbal-vitamin-e-lip-balm-spf-15-5g,active,8033888239681,44386148188225
JOV32_1,Eyeliner,Health & Beauty > Personal Care > Cosmetics > Makeup > Eye Makeup > Eyeliner,,Jovees Herbal Eye Liner Black 6.5ml,Default Title,Jovees,8906007676403,jovees-herbal-eye-liner-black-6-5ml,active,8033889288257,44386150023233
JOV33_1,Lip Balms,Health & Beauty > Personal Care > Cosmetics > Skin Care > Lip Balms & Treatments > Lip Balms,,Jovees Strawberry High Gloss Lip Balm 5g,Default Title,Jovees,8906007670692,jovees-strawberry-high-gloss-lip-balm-5g,active,8041802858561,44416808255553
JOV34_1,Sunscreen,Health & Beauty > Personal Care > Cosmetics > Skin Care > Sunscreen,Lotion,Jovees Sun Screen Fairness Lotion SPF 25+ 100ml,Default Title,Jovees,8906007670654,jovees-sun-screen-fairness-lotion-spf-25-100ml,active,8041846341697,44416910360641
JPM01_1,Skin Care Masks & Peels,Health & Beauty > Personal Care > Cosmetics > Skin Care > Skin Care Masks & Peels,,Jovees Apricot and Honey Peel Off Mask 100g,Default Title,Jovees,8906007670227,jovees-apricot-and-honey-peel-off-mask-100g,active,7808743800897,43598996275265
JS001_1,Multivitamin Supplements,Health & Beauty > Health Care > Fitness & Nutrition > Vitamins & Supplements > Multivitamin Supplements,Capsules,Jamieson Omega 3-6-9 200 Softgels,Default Title,Jamieson,064642062314,jamieson-omega-3-6-9-200-softgels,draft,7533784825921,42068386054209
JS002_1,Vitamins & Supplements,Health & Beauty > Health Care > Fitness & Nutrition > Vitamins & Supplements,Powder,Jamieson Collagen Anti Wrinkle 60 Caplets,Default Title,Jamieson,064642078667,jamieson-collagen-anti-wrinkle-60-caplets,draft,7535228387393,42071718395969
JS003_1,Herbal Supplements,Health & Beauty > Health Care > Fitness & Nutrition > Vitamins & Supplements > Herbal Supplements,Gel,Jamieson CoQ10 100mg with Omega-3 450mg 30 Softgels,Default Title,Jamieson,064642058706,jamieson-coq10-100mg-with-omega-3-450mg-30-softgels,draft,7539177979969,42081597784129
JS004_1,Single Vitamins,Health & Beauty > Health Care > Fitness & Nutrition > Vitamins & Supplements > Single Vitamins,Capsules,Jamieson Cod Liver Oil with Vitamins A and D3 100 Softgels,Default Title,Jamieson,064642022363,jamieson-cod-liver-oil-with-vitamins-a-and-d3-100-softgels,draft,7591878361153,42256210919489
JS005_1,Single Vitamins,Health & Beauty > Health Care > Fitness & Nutrition > Vitamins & Supplements > Single Vitamins,Tablets,Jamieson Timed Release Vitamin C 1000mg 100 Caplets,Default Title,Jamieson,064642021250,jamieson-timed-release-vitamin-c-1000mg-100-caplets,draft,7535229370433,42071720296513
JS006_1,Vitamins & Supplements,Health & Beauty > Health Care > Fitness & Nutrition > Vitamins & Supplements,Capsules,Jamieson Salmon & Fish Oil 200 Softgels,Default Title,Jamieson,064642067050,jamieson-salmon-fish-oil-200-softgels,draft,7591826522177,42256069427265
JS007_1,Single Vitamins,Health & Beauty > Health Care > Fitness & Nutrition > Vitamins & Supplements > Single Vitamins,Tablets,Jamieson B12 1000mcg 150 Tablets,Default Title,Jamieson,064642079572,jamieson-b12-1000mcg-150-tablets,draft,7539805323329,42083644440641
JS008_1,Herbal Supplements,Health & Beauty > Health Care > Fitness & Nutrition > Vitamins & Supplements > Herbal Supplements,Tablets,Jamieson Ashwagandha 6000 mcg 60 Tablets,Default Title,Jamieson,064642098481,jamieson-ashwagandha-6000-mcg-60-tablets,draft,7591789854785,42255933276225
JS009_1,Vitamins & Supplements,Health & Beauty > Health Care > Fitness & Nutrition > Vitamins & Supplements,Capsules,Jamieson Omega-3 Ultra Strength 900mg No Fishy Aftertaste 75 Softgels,Default Title,Jamieson,064642078575,jamieson-omega-3-ultra-strength-900mg-no-fishy-aftertaste-75-softgels,draft,7590914129985,42253008601153
JS010_1,Multivitamin Supplements,Health & Beauty > Health Care > Fitness & Nutrition > Vitamins & Supplements > Multivitamin Supplements,Tablets,Jamieson Chewable Vitamin B Complex 90 Tablets,Default Title,Jamieson,064642065995,jamieson-chewable-vitamin-b-complex-90-tablets,draft,7590913966145,42253008142401
JS011_1,Amino Acids,Health & Beauty > Health Care > Fitness & Nutrition > Vitamins & Supplements > Amino Acids,Capsules,Jamieson Omega-3 Extra Strength 700mg No Fishy Aftertaste 100 Softgels,Default Title,Jamieson,064642079206,jamieson-omega-3-extra-strength-700mg-no-fishy-aftertaste-100-softgels,draft,7590912622657,42253003980865
JS012_1,Multivitamin Supplements,Health & Beauty > Health Care > Fitness & Nutrition > Vitamins & Supplements > Multivitamin Supplements,,Jamieson Multivitamin Gummies For Adults 150,Default Title,Jamieson,064642091635,jamieson-multivitamin-gummies-for-adults-150-gummies,draft,7680128581697,42952188723265
JS013_1,Vitamins & Supplements,Health & Beauty > Health Care > Fitness & Nutrition > Vitamins & Supplements,,"Jamieson Extra Strength Omega-3 Mini, 200 softgels",Default Title,Jamieson,064642090287,jamieson-extra-strength-omega-3-mini-200-softgels,draft,7759192850497,43220438319169
JS014_1,Medicine & Drugs,Health & Beauty > Health Care > Medicine & Drugs,Tablets,Jamieson Melatonin 3mg 100 Sublingual Tablets,Default Title,Jamieson,064642059000,jamieson-melatonin-3mg-100-sublingual-tablets,draft,7792156180545,43557582569537
JS015_1,Herbal Supplements,Health & Beauty > Health Care > Fitness & Nutrition > Vitamins & Supplements > Herbal Supplements,Capsules,Jamieson Melatonin Stress & Sleep Support 30 Capsules,Default Title,Jamieson,064642077097,jamieson-melatonin-stress-sleep-support-30-capsules,draft,7793287331905,43561429729345
JUM00_1,Hair Color,Health & Beauty > Personal Care > Hair Care > Hair Color,,Just for Men Mustache and Beard Real Black 14g,Default Title,Just for Men,011509011633,just-for-men-mustache-and-beard-real-black-14g,draft,7489624866881,41918060265537
JUM01_1,Hair Color,Health & Beauty > Personal Care > Hair Care > Hair Color,,Just For Men Beard and Brow Colour Darkest Brown/Black 9ml,Default Title,Just for Men,011509142542,just-for-men-beard-and-brow-colour-darkest-brown-black-9ml,draft,7489624899649,41918060298305
JUM02_1,Shaving & Grooming,Health & Beauty > Personal Care > Shaving & Grooming,,Just For Men Beard and Brow Colour Black 9ml,Default Title,Just for Men,011509142504,just-for-men-beard-and-brow-colour-black-9ml,draft,7489624932417,41918060331073
JUM03_1,Uncategorized,Uncategorized,,Just for Men Mustache and Beard Dark Brown 14g,Default Title,Just for Men,011509011626,just-for-men-mustache-and-beard-dark-brown-14g,draft,7489624965185,41918060363841
JUM04_1,Shaving & Grooming,Health & Beauty > Personal Care > Shaving & Grooming,,Just For Men Mustache and Beard Medium-Dark Brown 14g,Default Title,Just for Men,011509011688,just-for-men-mustache-and-beard-medium-dark-brown-14g,draft,7489624997953,41918060396609
JUM05_1,Shaving & Grooming,Health & Beauty > Personal Care > Shaving & Grooming,,Just For Men Mustache and Beard Light-Medium Brown 14g,Default Title,Just for Men,011509011671,just-for-men-mustache-and-beard-light-medium-brown-14g,draft,7489625030721,41918060429377
JUM09_1,Hair Color,Health & Beauty > Personal Care > Hair Care > Hair Color,,Just For Men Beard and Brow Color Dark Brown 9ml,Default Title,Just for Men,011509142535,just-for-men-beard-and-brow-color-dark-brown-9ml,draft,7526367887425,42049026424897
KEU01_1,Conditioners,Health & Beauty > Personal Care > Hair Care > Shampoo & Conditioner > Conditioners,,Keune Confident Curl Enhancing Conditioner 250ml,Default Title,Keune,8719281128816,keune-confident-curl-enhancing-conditioner-250ml,active,7775122554945,43272935637057
KEU02_1,Shampoo,Health & Beauty > Personal Care > Hair Care > Shampoo & Conditioner > Shampoo,,Keune Color Brillianz Anti-fade Shampoo 300ml,Default Title,Keune,8719281128137,keune-color-brillianz-anti-fade-shampoo-300ml,active,7775127011393,43272959328321
KEU03_1,Conditioners,Health & Beauty > Personal Care > Hair Care > Shampoo & Conditioner > Conditioners,,Keune Color Brillianz Anti-fade Conditioner 250ml,Default Title,Keune,8719281128168,keune-color-brillianz-anti-fade-conditioner-250ml,active,7775263981633,43273116909633
KEU04_1,Shampoo,Health & Beauty > Personal Care > Hair Care > Shampoo & Conditioner > Shampoo,,Keune Vital Nutrition Nourishing Shampoo 300ml,Default Title,Keune,8719281128045,keune-vital-nutrition-nourishing-shampoo-300ml,active,7775128289345,43272966111297
KEU05_1,Shampoo,Health & Beauty > Personal Care > Hair Care > Shampoo & Conditioner > Shampoo,,Keune Care Vital Nutrition Shampoo 300ml,Default Title,Keune,8719281103431,keune-care-vital-nutrition-shampoo-300ml,active,7775245828161,43273094529089
KEU06_1,Shampoo,Health & Beauty > Personal Care > Hair Care > Shampoo & Conditioner > Shampoo,,Keune Care Confident Curl Low-Poo Shampoo 300ml,Default Title,Keune,8719281109778,keune-care-confident-curl-low-poo-shampoo-300ml,active,7775261786177,43273110978625
KEU07_1,Conditioners,Health & Beauty > Personal Care > Hair Care > Shampoo & Conditioner > Conditioners,,Keune Care Keratin Smooth Conditioner 250ml,Default Title,Keune,8719281103547,keune-care-keratin-smooth-conditioner-250ml,active,7775165055041,43273008808001
KEU08_1,Shampoo,Health & Beauty > Personal Care > Hair Care > Shampoo & Conditioner > Shampoo,,Keune Care Keratin Smooth Shampoo 300ml,Default Title,Keune,8719281103479,keune-care-keratin-smooth-shampoo-300ml,active,7775129600065,43272971124801
KEU09_1,Hair Coloring Accessories,Health & Beauty > Personal Care > Hair Care > Hair Coloring Accessories,Cream,Keune Cream Developer 6% - 20 Vol 60ml,Default Title,Keune,8717185380903,keune-cream-developer-6-20-vol-60ml,active,7775263522881,43273115664449
KEU10_1,Hair Color,Health & Beauty > Personal Care > Hair Care > Hair Color,,Keune Tinta Color Permanent Hair Dye 60ml,Tinta Color-1,Keune,8717185381245,keune-tinta-color-permanent-hair-dye-60ml,active,7775643762753,43275164647489
KEU10_2,Hair Color,Health & Beauty > Personal Care > Hair Care > Hair Color,,Keune Tinta Color Permanent Hair Dye 60ml,Tinta Color-1_2,Keune,8719281112204,keune-tinta-color-permanent-hair-dye-60ml,active,7775643762753,43949673250881
KEU10_3,Hair Color,Health & Beauty > Personal Care > Hair Care > Hair Color,,Keune Tinta Color Permanent Hair Dye 60ml,Tinta Color-1_3,Keune,8719281113690,keune-tinta-color-permanent-hair-dye-60ml,active,7775643762753,44058546339905
KEU11_1,Hair Color,Health & Beauty > Personal Care > Hair Care > Hair Color,,Keune Tinta Color Permanent Hair Dye 60ml,Tinta Color-3,Keune,8719281111856,keune-tinta-color-permanent-hair-dye-60ml,active,7775643762753,43275164680257
KEU12_1,Hair Color,Health & Beauty > Personal Care > Hair Care > Hair Color,,Keune Tinta Color Permanent Hair Dye 60ml,Tinta Color-4,Keune,8719281112211,keune-tinta-color-permanent-hair-dye-60ml,active,7775643762753,43275164713025
KEU12_2,Hair Color,Health & Beauty > Personal Care > Hair Care > Hair Color,,Keune Tinta Color Permanent Hair Dye 60ml,Tinta Color-4_2,Keune,8719281112792,keune-tinta-color-permanent-hair-dye-60ml,active,7775643762753,43696402202689
KEU13_1,Shampoo,Health & Beauty > Personal Care > Hair Care > Shampoo & Conditioner > Shampoo,,Keune Confident Curl Enhancing Shampoo 300ml,Default Title,Keune,8719281128786,keune-confident-curl-enhancing-shampoo-300ml,active,7811773268033,43603127402561
KEU14_1,Hair Creams & Lotions,Health & Beauty > Personal Care > Hair Care > Hair Styling Products > Hair Creams & Lotions,,Keune Style Free Styler 75ml,Default Title,Keune,8719281124610,keune-style-free-styler-75ml,active,8047572549697,44448864305217
KEU15_1,Hair Creams & Lotions,Health & Beauty > Personal Care > Hair Care > Hair Styling Products > Hair Creams & Lotions,,Keune Style Velvet Cloud 200ml,Default Title,Keune,8719281124504,keune-style-velvet-cloud-200ml,active,8049054744641,44455659733057
KEU16_1,Hair Sprays,Health & Beauty > Personal Care > Hair Care > Hair Styling Products > Hair Sprays,,Keune Fixer Extra Strong Hold Hairspray 300ml,Default Title,Keune,8719281124542,keune-fixer-extra-strong-hold-hairspray-300ml,active,8049064902721,44455713439809
KEU17_1,Hair Sprays,Health & Beauty > Personal Care > Hair Care > Hair Styling Products > Hair Sprays,,Keune Free Style Spray 300ml,Default Title,Keune,8719281124535,keune-free-style-spray-300ml,active,8049071423553,44455751909441
KEU18_1,Hair Pomades & Waxes,Health & Beauty > Personal Care > Hair Care > Hair Styling Products > Hair Pomades & Waxes,Gel,Keune Style Claytime 100ml in Sri Lanka,Default Title,Keune,8719281124313,keune-style-claytime-100ml,active,8049088462913,44455853588545
KEU19_1,Hair Gels,Health & Beauty > Personal Care > Hair Care > Hair Styling Products > Hair Gels,Gel,Keune Style Head Lock 200ml,Default Title,Keune,8719281124306,keune-style-head-lock-200ml,active,8049102782529,44455927185473
KEU20_1,Hair Pomades & Waxes,Health & Beauty > Personal Care > Hair Care > Hair Styling Products > Hair Pomades & Waxes,Solid,Keune Strong Hold Hair Paste Matte Travel 50ml,Default Title,Keune,8719281124627,keune-strong-hold-hair-paste-matte-travel-50ml,active,8049123098689,44456025686081
KEU21_1,Hair Pomades & Waxes,Health & Beauty > Personal Care > Hair Care > Hair Styling Products > Hair Pomades & Waxes,Solid,Keune Style Power Paste 150ml,Default Title,Keune,8719281124283,keune-style-power-paste-150ml,active,8049141153857,44456116682817
KEU22_1,Hair Styling Products,Health & Beauty > Personal Care > Hair Care > Hair Styling Products,Gel,Keune Style The Rock 200ml,Default Title,Keune,8719281124290,keune-style-the-rock-200ml,active,8049160945729,44456204402753
KEU23_1,Hair Creams & Lotions,Health & Beauty > Personal Care > Hair Care > Hair Styling Products > Hair Creams & Lotions,,Keune Style Cashmere Cloud 200ml,Default Title,Keune,8719281124474,keune-style-cashmere-cloud-200ml,active,8049167368257,44456226586689
KS001_1,Vitamins & Supplements,Health & Beauty > Health Care > Fitness & Nutrition > Vitamins & Supplements,Capsules,Kirkland Natural Omega-3 Fish Oil 1000mg 400 Soft Capsules,Default Title,Kirkland Signature,096619280735,kirkland-natural-omega-3-fish-oil-1000mg-400-soft-capsules,draft,7590869073985,42252843778113
KS002_1,Single Vitamins,Health & Beauty > Health Care > Fitness & Nutrition > Vitamins & Supplements > Single Vitamins,Tablets,Kirkland Signature Vitamin C 1000 mg 500 Tablets,Default Title,Kirkland Signature,096619280667,kirkland-signature-vitamin-c-1000-mg-500-tablets,draft,7654304251969,42724438900801
KS002_2,Single Vitamins,Health & Beauty > Health Care > Fitness & Nutrition > Vitamins & Supplements > Single Vitamins,Tablets,Kirkland Signature Vitamin C 1000 mg 500 Tablets,Default Title,Kirkland Signature,096619982684,kirkland-signature-vitamin-c-1000-mg-500-tablets-2,draft,7755711971393,43206338838593
KS003_1,Single Vitamins,Health & Beauty > Health Care > Fitness & Nutrition > Vitamins & Supplements > Single Vitamins,Cream,Kirkland Extra Strength D3 50 mcg 2000 IU 600 Softgels,Default Title,Kirkland Signature,096619393916,kirkland-extra-strength-d3-50-mcg-2000-iu-600-softgels,draft,7648047169601,42464586596417
KS004_1,Hair Loss Treatments,Health & Beauty > Personal Care > Hair Care > Hair Loss Treatments,,Kirkland Minoxidil 5% Extra Strength Hair Regrowth Treatment for Men,Default Title,Kirkland Signature,096619929214,kirkland-minoxidil-5-extra-strength-hair-regrowth-treatment-for-men,draft,7665254334529,42850851520577
KS005_1,Minerals,Health & Beauty > Health Care > Fitness & Nutrition > Vitamins & Supplements > Minerals,Tablets,Kirkland Calcium 600mg + D3 500 Tablets,Default Title,Kirkland Signature,096619100132,kirkland-calcium-600mg-d3-500-tablets,draft,7769605832769,43252017659969
KS006_1,Vitamins & Supplements,Health & Beauty > Health Care > Fitness & Nutrition > Vitamins & Supplements,,Kirkland Signature Fish oil 1000mg 400 Softgels,Default Title,Kirkland Signature,096619926626,kirkland-signature-fish-oil-1000mg-400-softgels,draft,7862422077505,43710793744449
KS007_1,Single Vitamins,Health & Beauty > Health Care > Fitness & Nutrition > Vitamins & Supplements > Single Vitamins,,Kirkland Signature CoQ10 300mg 100 Softgels,Default Title,Kirkland Signature,096619928118,kirkland-signature-coq10-300mg-100-softgels,draft,7862427484225,43710815600705
KSEC001_1,Face Moisturizers,Health & Beauty > Personal Care > Cosmetics > Skin Care > Face Moisturizers,Cream,K-Secret Seoul 1988 Cream Snail Mucin 93% + Rice 100ml,Default Title,K-Secret,8809695240591,k-secret-seoul-1988-cream-snail-mucin-93-rice-100ml,active,7638377693249,42413003341889
KSEC002_1,Face Serums,Health & Beauty > Personal Care > Cosmetics > Skin Care > Face Serums,Cream,K-Secret Seoul 1988 Sun Pine Tree + Ceramide 50ml,Default Title,K-Secret,8809695240492,k-secret-seoul-1988-sun-pine-tree-ceramide-50ml,active,7638378741825,42413003833409
KSEC003_1,Face Serums,Health & Beauty > Personal Care > Cosmetics > Skin Care > Face Serums,Cream,K-Secret Seoul 1988 Retinal Liposome 2% + Black Ginseng 30ml,Default Title,K-Secret,8809695240508,k-secret-seoul-1988-retinal-liposome-2-black-ginseng-30ml,active,7638379954241,42413014384705
KSEC004_1,Eye Creams,Health & Beauty > Personal Care > Cosmetics > Skin Care > Eye Creams,Cream,K-Secret Seoul 1988 Eye Cream 30ml,Default Title,K-Secret,8809695240577,k-secret-seoul-1988-eye-cream-30ml,active,7665208590401,42850720350273
L103002_1,Personal Care,Health & Beauty > Personal Care,Oil,Lolane Hair Treatment Jojoba Oil Hair Mask 250g,Default Title,Lolane,8850460997417,lolane-hair-treatment-jojoba-oil-hair-mask-250g,draft,7489625063489,41918060462145
L103003_1,Uncategorized,Uncategorized,Oil,Lolane Hair Treatment Jojoba Oil Hair Mask 500g,Default Title,Lolane,8850460997400,lolane-hair-treatment-jojoba-oil-hair-mask-500g,draft,7489625096257,41918060494913
L103033_1,Uncategorized,Uncategorized,Oil,Lolane Smooth and Style Leave-On Lotion 200ml,Default Title,Lolane,8850460998506,lolane-smooth-and-style-leave-on-lotion-200ml,draft,7489625129025,41918060527681
LA01_1,Lotions & Moisturizers,Health & Beauty > Personal Care > Cosmetics > Skin Care > Lotions & Moisturizers,Cream,La Roche Posay Cicaplast Baume B5+ Cream 40ml,Default Title,La Roche-Posay,3337875816809,la-roche-posay-cicaplast-baume-b5-cream-40ml,active,8005314347073,44309061926977
LA02_1,Sunscreen,Health & Beauty > Personal Care > Cosmetics > Skin Care > Sunscreen,Cream,La Roche Posay Cicaplast Baume B5+ Cream Spf50 40ml,Default Title,La Roche-Posay,3337875876940,la-roche-posay-cicaplast-baume-b5-cream-spf50-40ml,active,8004754276417,44306912804929
LAF01_1,Skin Care,Health & Beauty > Personal Care > Cosmetics > Skin Care,Gel,La Fresh Gold Scrub 500ml,Default Title,La Fresh,5060071228357,la-fresh-gold-scrub-500ml,active,7489625161793,41918060560449
LAGG01_1,Anti-Aging Skin Care,Health & Beauty > Personal Care > Cosmetics > Skin Care > Anti-Aging Skin Care,Cream,Loreal Paris Age Perfect Golden Age Glowy Fortifying Rosy SPF 20 50ml,Default Title,Loreal,3600523216468,loreal-paris-age-perfect-golden-age-glowy-fortifying-rosy-spf-20-50ml,draft,7548756983873,42108667494465
LANE01_1,Uncategorized,Uncategorized,Oil,Laneige Lip Sleeping Mask Berry 8g,Default Title,Laneige,No Barcode,laneige-lip-sleeping-mask-berry-8g,active,7489625194561,41918060593217
LANE02_1,Lip Balms,Health & Beauty > Personal Care > Cosmetics > Skin Care > Lip Balms & Treatments > Lip Balms,Oil,Laneige Lip Sleeping Mask Grapefruit 8g,Default Title,Laneige,No Barcode,laneige-lip-sleeping-mask-grapefruit-8g,draft,7489625227329,41918060625985
LANE03_1,Lip Makeup,Health & Beauty > Personal Care > Cosmetics > Makeup > Lip Makeup,Oil,Laneige Lip Sleeping Mask Apple Lime 8g,Default Title,Laneige,No Barcode,laneige-lip-sleeping-mask-apple-lime-8g,draft,7489625260097,41918060658753
LANE04_1,Uncategorized,Uncategorized,Gel,Laneige Lip Sleeping Mask Mint Choco 8g,Default Title,Laneige,No Barcode,laneige-lip-sleeping-mask-mint-choco-8g,active,7489625292865,41918060691521
LAP04_1,Eye Creams,Health & Beauty > Personal Care > Cosmetics > Skin Care > Eye Creams,Cream,Loreal Age Perfect Cell Renewal Eye Cream 15ml,Default Title,Loreal,071249642191,loreal-age-perfect-cell-renewal-eye-cream-15ml,active,7489625325633,41918060724289
LAP09_1,Anti-Aging Skin Care,Health & Beauty > Personal Care > Cosmetics > Skin Care > Anti-Aging Skin Care,Cream,Loreal Age Perfect Collagen Expert Retightening Care Day Cream SPF30 50ml,Default Title,Loreal,3600523997558,loreal-age-perfect-collagen-expert-retightening-care-day-cream-spf30-50ml,draft,7775648514113,43275179130945
LAPE02_1,Eye Creams,Health & Beauty > Personal Care > Cosmetics > Skin Care > Eye Creams,Cream,Loreal Age Perfect Cell Renewal Midnight Eye Cream 14g,Default Title,Loreal,071249679517,loreal-age-perfect-cell-renewal-midnight-eye-cream-14g,draft,7489625358401,41918060757057
LAR015_1,Face Moisturizers,Health & Beauty > Personal Care > Cosmetics > Skin Care > Face Moisturizers,,La Roche-Posay Toleriane Sensitive Le Teint Creme Light 50ml,Default Title,La Roche-Posay,3337875678667,la-roche-posay-toleriane-sensitive-le-teint-creme-light-50ml,active,7527398768705,42052876468289
LAR02_1,Sunscreen,Health & Beauty > Personal Care > Cosmetics > Skin Care > Sunscreen,Cream,La Roche-Posay 50+ Ultimate Protection Ultra Long UVA 50ml,Default Title,La Roche-Posay,3337875797597,la-roche-posay-50-ultimate-protection-ultra-long-uva-50ml,active,7489625391169,41918060789825
LAR02_2,Sunscreen,Health & Beauty > Personal Care > Cosmetics > Skin Care > Sunscreen,Cream,La Roche-Posay 50+ Ultimate Protection Ultra Long UVA 50ml,Default Title,La Roche-Posay,3337875797580,la-roche-posay-50-ultimate-protection-ultra-long-uva-50ml-2,active,7708462612545,43065551028289
LAR03_1,Sunscreen,Health & Beauty > Personal Care > Cosmetics > Skin Care > Sunscreen,Oil,La Roche-Posay Anthelios Pigment Correct SPF 50+ 50ml,Default Title,La Roche-Posay,No Barcode,la-roche-posay-anthelios-pigment-correct-spf-50-50ml,draft,7489625423937,41918060822593
LAR04_1,Sunscreen,Health & Beauty > Personal Care > Cosmetics > Skin Care > Sunscreen,Oil,La Roche-Posay Anthelios Oil Correct SPF50+ 50ml,Default Title,La Roche-Posay,No Barcode,la-roche-posay-anthelios-oil-correct-spf50-50ml,draft,7489625456705,41918060855361
LAR05_1,Sunscreen,Health & Beauty > Personal Care > Cosmetics > Skin Care > Sunscreen,Cream,La Roche-Posay Anthelios Mineral Tinted Ultra Fluid SPF 50 Facial Sunscreen 50ml,Default Title,La Roche-Posay,3605970483050,la-roche-posay-anthelios-mineral-tinted-ultra-fluid-spf-50-facial-sunscreen-50ml,active,7489625489473,41918060888129
LAR06_1,Sunscreen,Health & Beauty > Personal Care > Cosmetics > Skin Care > Sunscreen,Cream,La Roch Posay Anthelios Mineral One SPF 50+ 01 Light Tinted Face Sunscreen 30ml,Default Title,La Roche-Posay,3337875759243,la-roch-posay-anthelios-mineral-one-spf-50-01-light-tinted-face-sunscreen-30ml,draft,7489625555009,41918060986433
LAR07_1,Sunscreen,Health & Beauty > Personal Care > Cosmetics > Skin Care > Sunscreen,Cream,La Roche-Posay Anthelios Ultra Fluid SPF50+ Facial Sunscreen 50ml,Default Title,La Roche-Posay,3337875709361,la-roche-posay-anthelios-ultra-fluid-spf50-facial-sunscreen-50ml,active,7489625620545,41918061051969
LAR08_1,Sunscreen,Health & Beauty > Personal Care > Cosmetics > Skin Care > Sunscreen,Cream,La Roche Posay Anthelios Mineral One SPF 50+ 02 Medium Tinted Face Sunscreen 30ml,Default Title,La Roche-Posay,3337875759236,la-roche-posay-anthelios-mineral-one-spf-50-02-medium-tinted-face-sunscreen-30ml,draft,7489625653313,41918061084737
LAR09_1,Sunscreen,Health & Beauty > Personal Care > Cosmetics > Skin Care > Sunscreen,Cream,La Roche-Posay Anthelios Mineral One SPF 50+ 04 Brown Tinted Face Sunscreen 30ml,Default Title,La Roche-Posay,3337875759212,la-roche-posay-anthelios-mineral-one-spf-50-04-brown-tinted-face-sunscreen-30ml,draft,7489625686081,41918061117505
LAR10_1,Sunscreen,Health & Beauty > Personal Care > Cosmetics > Skin Care > Sunscreen,Cream,La Roche-Posay One SPF 50+ 03 Tan Tinted Face Sunscreen 30ml,Default Title,La Roche-Posay,3337875759229,la-roche-posay-one-spf-50-03-tan-tinted-face-sunscreen-30ml,draft,7489625751617,41918061183041
LAR11_1,Sunscreen,Health & Beauty > Personal Care > Cosmetics > Skin Care > Sunscreen,Cream,La Roche-Posay Dry Touch Gel Cream SPF 60 50ml,Default Title,La Roche-Posay,3337875586115,la-roche-posay-dry-touch-gel-cream-spf-60-50ml,active,7489625784385,41918061215809
LAR12_1,Sunscreen,Health & Beauty > Personal Care > Cosmetics > Skin Care > Sunscreen,Cream,La Roche-Posay Anthelios Ultra Fluid Sunscreen SPF50+ 125ml,Default Title,La Roche-Posay,3337875709378,la-roche-posay-anthelios-ultra-fluid-sunscreen-spf50-125ml,active,7489625817153,41918061248577
LAR13_1,Sunscreen,Health & Beauty > Personal Care > Cosmetics > Skin Care > Sunscreen,Cream,La Roche-Posay Anthelios Mineral Ultra Fluid Sunscreen SPF50 125ml,Default Title,La Roche-Posay,3337875549660,la-roche-posay-anthelios-mineral-ultra-fluid-sunscreen-spf50-125ml,active,7489625849921,41918061281345
LAR14_1,Sunscreen,Health & Beauty > Personal Care > Cosmetics > Skin Care > Sunscreen,Cream,La Roche-Posay Anthelios Mineral One SPF 50+ 05 Dark Brown Tinted Sunscreen 30ml,Default Title,La Roche-Posay,3337875759205,la-roche-posay-anthelios-mineral-one-spf-50-05-dark-brown-tinted-sunscreen-30ml,draft,7489625882689,41918061314113
LAR15_1,Face Moisturizers,Health & Beauty > Personal Care > Cosmetics > Skin Care > Face Moisturizers,Cream,La Roche-Posay Toleriane Sensitive Le Teint Creme Medium 50ml,Default Title,La Roche-Posay,3337875678636,la-roche-posay-toleriane-sensitive-le-teint-creme-medium-50ml,draft,7489625915457,41918061346881
LAR16_1,Face Serums,Health & Beauty > Personal Care > Cosmetics > Skin Care > Face Serums,,La Roche-Posay Toleriane Ultra Dermallergo Serum 20ml,Default Title,La Roche-Posay,3337875693820,la-roche-posay-toleriane-ultra-dermallergo-serum-20ml,draft,7528689598529,42055498268737
LAR17_1,Face Moisturizers,Health & Beauty > Personal Care > Cosmetics > Skin Care > Face Moisturizers,,La Roche-Posay Hydraphase HA Rich Intense Moisture 50ml,Default Title,La Roche-Posay,3337875731409,la-roche-posay-hydraphase-ha-rich-intense-moisture-50ml,active,7527397752897,42052874436673
LAR18_1,Lotions & Moisturizers,Health & Beauty > Personal Care > Cosmetics > Skin Care > Lotions & Moisturizers,Cream,La Roche-Posay Toleriane Sensitive Cream 40ml,Default Title,La Roche-Posay,3337875578486,la-roche-posay-toleriane-sensitive-cream-40ml,active,7524999266369,42045463167041
LAR18_2,Lotions & Moisturizers,Health & Beauty > Personal Care > Cosmetics > Skin Care > Lotions & Moisturizers,Cream,La Roche-Posay Toleriane Sensitive Cream 40ml,Default Title,La Roche-Posay,3337875588348,la-roche-posay-toleriane-sensitive-cream-40ml-2,active,7544605245505,42096458432577
LAR19_1,Sunscreen,Health & Beauty > Personal Care > Cosmetics > Skin Care > Sunscreen,Cream,La Roche-Posay Anthelios Age Correct SPF50+ 50 ml,Default Title,La Roche-Posay,3337875825719,la-roche-posay-anthelios-age-correct-spf50-50-ml,draft,7489625980993,41918061379649
LAR20_1,Face Moisturizers,Health & Beauty > Personal Care > Cosmetics > Skin Care > Face Moisturizers,Cream,La Roche-Posay Hydraphase HA Light 72H Intense Moisture 50ml,Default Title,La Roche-Posay,3337875731638,la-roche-posay-hydraphase-ha-light-72h-intense-moisture-50ml,active,7489626013761,41918061412417
LAR21_1,Face Serums,Health & Beauty > Personal Care > Cosmetics > Skin Care > Face Serums,Serum,La Roche-Posay Pure Vitamin C12 Oil Control Serum 30ml,Default Title,La Roche-Posay,3337875892872,la-roche-posay-pure-vitamin-c12-oil-control-serum-30ml,active,7768827330625,43249985093697
LAR22_1,Face Serums,Health & Beauty > Personal Care > Cosmetics > Skin Care > Face Serums,Serum,La Roche-Posay Pure Vitamin C12 Serum 30ml,Default Title,La Roche-Posay,3337875909235,la-roche-posay-pure-vitamin-c12-serum-30ml,active,7768829132865,43249990172737
LAR23_1,Face Serums,Health & Beauty > Personal Care > Cosmetics > Skin Care > Face Serums,Serum,La Roche-Posay Mela B3 Serum 30ml,Default Title,La Roche-Posay,3337875890021,la-roche-posay-mela-b3-serum-30ml,active,7775264800833,43273122545729
LAR24_1,Face Serums,Health & Beauty > Personal Care > Cosmetics > Skin Care > Face Serums,Serum,La Roche-Posay Retinol B3 Serum 30ml,Default Title,La Roche-Posay,3337875694469,la-roche-posay-retinol-b3-serum-30ml,active,7775630786625,43275095539777
LAR25_1,Sunscreen,Health & Beauty > Personal Care > Cosmetics > Skin Care > Sunscreen,,La Roche-Posay Anthelios Ultra Fluid Sunscreen SPF 50+ 50ml,Default Title,La Roche-Posay,065519323804,la-roche-posay-anthelios-ultra-fluid-sunscreen-spf-50-50ml,draft,7489626046529,41918061445185
LAR26_1,Face Serums,Health & Beauty > Personal Care > Cosmetics > Skin Care > Face Serums,Serum,La Roche-Posay Hyalu B5 Serum 30ml,Default Title,La Roche-Posay,3337875583626,la-roche-posay-hyalu-b5-serum-30ml,active,7775632392257,43275100389441
LAR27_1,Face Serums,Health & Beauty > Personal Care > Cosmetics > Skin Care > Face Serums,Serum,La Roche-Posay Hyalu B5 Serum 50ml,Default Title,La Roche-Posay,3337875683739,la-roche-posay-hyalu-b5-serum-50ml,active,7775633571905,43275104354369
LAR28_1,Face Serums,Health & Beauty > Personal Care > Cosmetics > Skin Care > Face Serums,Serum,La Roche-Posay Toleraine Dermallergo Serum 30ml,Default Title,La Roche-Posay,3337875921336,la-roche-posay-toleraine-dermallergo-serum-30ml,active,7791814049857,43555717251137
LAR29_1,Face Serums,Health & Beauty > Personal Care > Cosmetics > Skin Care > Face Serums,Serum,La Roche-Posay Effaclar Ultra Concentrated Serum,Default Title,La Roche-Posay,3337875722827,la-roche-posay-effaclar-ultra-concentrated-serum,active,7857557995585,43699142164545
LAR30_1,Eye Creams,Health & Beauty > Personal Care > Cosmetics > Skin Care > Eye Creams,Cream,La Roche Posay Pure Vitamin C Eye Cream 15ml,Default Title,La Roche-Posay,3337872413735,la-roche-posay-pure-vitamin-c-eye-cream-15ml,active,7874705653825,43749249974337
LAR31_1,Uncategorized,Uncategorized,Gel,La Roche Posay Effaclar A.Z Gel Cream Moisturiser 40ml,Default Title,La Roche-Posay,3337875920742,la-roche-posay-effaclar-a-z-gel-cream-moisturiser-40ml,active,7874706702401,43749252071489
LAR32_1,Face Moisturizers,Health & Beauty > Personal Care > Cosmetics > Skin Care > Face Moisturizers,Cream,La Roche Posay Toleriane Sensitive Rich 40ml,Default Title,La Roche-Posay,3337875715126,la-roche-posay-toleriane-sensitive-rich-40ml,active,7874712830017,43749328879681
LAR33_1,Face Serums,Health & Beauty > Personal Care > Cosmetics > Skin Care > Face Serums,Serum,La Roche Posay Cicaplast B5 Ultra Repair Serum 30ml,Default Title,La Roche-Posay,3337875794824,la-roche-posay-cicaplast-b5-ultra-repair-serum-30ml,active,7874714042433,43749335105601
LAR34_1,Makeup Removers,Health & Beauty > Personal Care > Cosmetics > Skin Care > Makeup Removers,Liquid,La Roche-Posay Toleriane Cleansing Micellar Water Foam 150ml,Default Title,La Roche-Posay,3337872413148,la-roche-posay-toleriane-cleansing-micellar-water-foam-150ml,active,7874715680833,43749340479553
LAR35_1,Lotions & Moisturizers,Health & Beauty > Personal Care > Cosmetics > Skin Care > Lotions & Moisturizers,Lotion,La Roche Posay Toleriane Soothing Lotion 200ml,Default Title,La Roche-Posay,3337872410321,la-roche-posay-toleriane-soothing-lotion-200ml,active,7874715811905,43749340741697
LAR36_1,Astringents,Health & Beauty > Personal Care > Cosmetics > Skin Care > Toners & Astringents > Astringents,Lotion,La Roche Posay Effaclar Lotion Astringente 200ml,Default Title,La Roche-Posay,3433422408159,la-roche-posay-effaclar-lotion-astringente-200ml,active,7874716336193,43749351161921
LAR37_1,Makeup Removers,Health & Beauty > Personal Care > Cosmetics > Skin Care > Makeup Removers,Gel,La Roche  Posay Toleriane Rosaliac Micellar Make-Up Removal Gel 195ml,Default Title,La Roche-Posay,3337872420269,la-roche-posay-toleriane-rosaliac-micellar-make-up-removal-gel-195ml,active,7874716663873,43749352964161
LAR39_1,Face Moisturizers,Health & Beauty > Personal Care > Cosmetics > Skin Care > Face Moisturizers,Cream,La Roche Posay Nutritic Intense Riche Moisturising Cream 50ml,Default Title,La Roche-Posay,3337872413575,la-roche-posay-nutritic-intense-riche-moisturising-cream-50ml,active,7877735448641,43759561113665
LAR40_1,Face Moisturizers,Health & Beauty > Personal Care > Cosmetics > Skin Care > Face Moisturizers,Cream,La Roche Posay Nutritic Intense Cream 50ml,Default Title,La Roche-Posay,3337872413629,la-roche-posay-nutritic-intense-cream-50ml,active,7877736104001,43759563341889
LAR41_1,Lotions & Moisturizers,Health & Beauty > Personal Care > Cosmetics > Skin Care > Lotions & Moisturizers,Cream,La Roche Posay Cicaplast Baume B5 Therapeutic Cream 40ml,Default Title,La Roche-Posay,3337875844413,la-roche-posay-cicaplast-baume-b5-therapeutic-cream-40ml,active,7877736988737,43759564587073
LAR42_1,Facial Cleansers,Health & Beauty > Personal Care > Cosmetics > Skin Care > Facial Cleansers,Gel,La Roche Posay Effaclar Purifying Foaming Gel 200ml,Default Title,La Roche-Posay,3337875891707,la-roche-posay-effaclar-purifying-foaming-gel-200ml,active,7877751504961,43759635595329
LAR43_1,Acne Treatments & Kits,Health & Beauty > Personal Care > Cosmetics > Skin Care > Acne Treatments & Kits,Gel,La Roche Posay Effaclar Micro Peeling Purifying Gel 200ml,Default Title,La Roche-Posay,3337875771528,la-roche-posay-effaclar-micro-peeling-purifying-gel-200ml,active,7877751996481,43759637233729
LAR44_1,Facial Cleansers,Health & Beauty > Personal Care > Cosmetics > Skin Care > Facial Cleansers,Gel,La Roche Posay Vitamin C Purifying Cleanser 200ml,Default Title,La Roche-Posay,3337875923613,la-roche-posay-vitamin-c-purifying-cleanser-200ml,active,7927359045697,44045280772161
LAR45_1,Uncategorized,Uncategorized,,La Roche Posay Mela B3 Gel Cleanser 200ml,,La Roche-Posay,3337875890069,,,erp-LAR45_1,erp-LAR45_1
LAR46_1,Face Serums,Health & Beauty > Personal Care > Cosmetics > Skin Care > Face Serums,Serum,La Roche-Posay Hyalu B5 Suractive Anti-wrinkle Repairing Serum 30ml,Default Title,La Roche-Posay,3337875920582,la-roche-posay-hyalu-b5-suractive-anti-wrinkle-repairing-serum-30ml,active,7928033443905,44048583098433
LAR47_1,Facial Cleansers,Health & Beauty > Personal Care > Cosmetics > Skin Care > Facial Cleansers,LiquidGel,La Roche Posay Effaclar Deep Cleansing Foaming Facial Cleanser 125ml,Default Title,La Roche-Posay,3433422404366,la-roche-posay-effaclar-deep-cleansing-foaming-facial-cleanser-125ml,active,7931762114625,44058595459137
LAR48_1,Facial Cleansers,Health & Beauty > Personal Care > Cosmetics > Skin Care > Facial Cleansers,Cream,La Roche Posay Toleriane Purifying Foaming Cream Cleanser 125ml,Default Title,La Roche-Posay,3433422405332,la-roche-posay-toleriane-purifying-foaming-cream-cleanser-125ml,active,7931762966593,44058600603713
LAR49_1,Facial Cleansers,Health & Beauty > Personal Care > Cosmetics > Skin Care > Facial Cleansers,Gel,La Roche Posay Lipikar AP+ Fragrance Free Cleansing Oil 400ml,Default Title,La Roche-Posay,3337875656764,la-roche-posay-lipikar-ap-fragrance-free-cleansing-oil-400ml,active,7949148749889,44113249206337
LAR50_1,Facial Cleansers,Health & Beauty > Personal Care > Cosmetics > Skin Care > Facial Cleansers,Gel,La Roche Posay Toleriane Double Cleanser Gel 400ml,Default Title,La Roche-Posay,3337875545822,la-roche-posay-toleriane-double-cleanser-gel-400ml,active,7951398142017,44117515468865
LAR51_1,Facial Cleansers,Health & Beauty > Personal Care > Cosmetics > Skin Care > Facial Cleansers,Gel,La Roche Posay Lipikar Surgras Anti-Dryness Cream Wash 400ml,Default Title,La Roche-Posay,3433422408586,la-roche-posay-lipikar-surgras-anti-dryness-cream-wash-400ml,active,7949771341889,44114861490241
LAR52_1,Makeup Removers,Health & Beauty > Personal Care > Cosmetics > Skin Care > Makeup Removers,Gel,La Roche Posay Micellar Water Ultra Reactive Skin 400ml,Default Title,La Roche-Posay,3337875528108,la-roche-posay-micellar-water-ultra-reactive-skin-400m,active,7951408627777,44117565702209
LAR53_1,Body Wash,Health & Beauty > Personal Care > Cosmetics > Bath & Body > Body Wash,Gel,La Roche Posay Lipikar Lavant Soothing Protecting Shower Gel 400ml,Default Title,La Roche-Posay,3337872418785,la-roche-posay-lipikar-lavant-soothing-protecting-shower-gel-400ml,active,7949708066881,44114785402945
LAR54_1,Facial Cleansers,Health & Beauty > Personal Care > Cosmetics > Skin Care > Facial Cleansers,Gel,La Roche Posay Effaclar Purifying Foaming Gel 400ml,Default Title,La Roche-Posay,3337875891714,la-roche-posay-effaclar-purifying-foaming-gel-400ml,active,7949720125505,44114801033281
LAR55_1,Facial Cleansers,Health & Beauty > Personal Care > Cosmetics > Skin Care > Facial Cleansers,Cream,La Roche Posay Toleriane Caring Wash 200ml,Default Title,La Roche-Posay,3337875570404,la-roche-posay-toleriane-caring-wash-200ml,active,7951373369409,44117469921345
LAR56_1,Skin Care Masks & Peels,Health & Beauty > Personal Care > Cosmetics > Skin Care > Skin Care Masks & Peels,Cream,La Roche Posay Effaclar Purifying Mask 100ml,Default Title,La Roche-Posay,3337875533317,la-roche-posay-effaclar-purifying-mask-100ml,active,7951380578369,44117488795713
LAR57_1,Makeup Removers,Health & Beauty > Personal Care > Cosmetics > Skin Care > Makeup Removers,Gel,La Roche Posay Effaclar Micellar Water Ultra Oily Skin 400ml,Default Title,La Roche-Posay,3337872412516,la-roche-posay-effaclar-micellar-water-ultra-oily-skin-400ml,active,7952055533633,44118907584577
LAR58_1,Acne Treatments & Kits,Health & Beauty > Personal Care > Cosmetics > Skin Care > Acne Treatments & Kits,,La Roche Posay Effaclar Duo+M Patch 22 Patches,Default Title,La Roche-Posay,3337875924887,la-roche-posay-effaclar-duo-m-patch-22-patches,active,8033762443329,44385413300289
LAR59_1,Face Moisturizers,Health & Beauty > Personal Care > Cosmetics > Skin Care > Face Moisturizers,Liquid,La Roche Posay Toleriane Sensitive Fluid Moisturizer 40ml,Default Title,La Roche-Posay,3337875588676,la-roche-posay-toleriane-sensitive-fluid-moisturizer-40ml,active,8049748115521,44458827874369
LAR60_1,Face Moisturizers,Health & Beauty > Personal Care > Cosmetics > Skin Care > Face Moisturizers,Cream,La Roche Posay Toleriane Dermallergo Night Moisturizer 40ml,Default Title,La Roche-Posay,3337875800853,la-roche-posay-toleriane-dermallergo-night-moisturizer-40ml,active,8049731665985,44458801725505
LAR62_1,Lotions & Moisturizers,Health & Beauty > Personal Care > Cosmetics > Skin Care > Lotions & Moisturizers,Gel,La Roche Posay Cicaplast Gel B5 40ml,Default Title,La Roche-Posay,3337875586269,la-roche-posay-cicaplast-gel-b5-40ml,active,8051766296641,44467542032449
LAR63_1,Lip Balms,Health & Beauty > Personal Care > Cosmetics > Skin Care > Lip Balms & Treatments > Lip Balms,,La Roche Posay Lip Balm Levers Cicaplast Balm B5 7ml,Default Title,La Roche-Posay,30106659,la-roche-posay-lip-balm-levers-cicaplast-balm-b5-7ml,active,8051764625473,44467530694721
LAR64_1,Face Moisturizers,Health & Beauty > Personal Care > Cosmetics > Skin Care > Face Moisturizers,Cream,La Roche Posay Hyalu B5 Hyaluronic Acid Anti Aging Moisturizer 40ml,Default Title,La Roche-Posay,3337875583589,la-roche-posay-hyalu-b5-hyaluronic-acid-anti-aging-moisturizer-40ml,active,8049751261249,44458832592961
LAR65_1,Face Moisturizers,Health & Beauty > Personal Care > Cosmetics > Skin Care > Face Moisturizers,Cream,La Roche Posay Nutritic Intense Face Cream 50ml,Default Title,La Roche-Posay,3337872413629,la-roche-posay-nutritic-intense-face-cream-50ml,draft,8049728749633,44458770038849
LAR66_1,Face Moisturizers,Health & Beauty > Personal Care > Cosmetics > Skin Care > Face Moisturizers,Cream,La Roche Posay Toleriane Dermallergo Moisturizer Cream 40ml,Default Title,La Roche-Posay,3337875757614,la-roche-posay-toleriane-dermallergo-moisturizer-cream-40ml,active,8049748803649,44458828988481
LAR67_1,Hand Creams,Health & Beauty > Personal Care > Cosmetics > Skin Care > Hand Creams,Cream,La Roche Posay Cicaplast Mains Repairing Barrier Cream 50ml,Default Title,La Roche-Posay,3337872414145,la-roche-posay-cicaplast-mains-repairing-barrier-cream-50ml,active,8053653831745,44472388485185
LAR68_1,Facial Cleansers,Health & Beauty > Personal Care > Cosmetics > Skin Care > Facial Cleansers,Liquid,La Roche Posay Toleriane Dermo Cleanser 200ml,Default Title,La Roche-Posay,3433422406599,la-roche-posay-toleriane-dermo-cleanser-200ml,draft,8080829972545,44591423291457
LAR69_1,Eye Creams,Health & Beauty > Personal Care > Cosmetics > Skin Care > Eye Creams,Cream,La Roche Posay Toleriane Dermallergo Eye Cream For Sensitive Skin 20ml,Default Title,La Roche-Posay,3337875757515,la-roche-posay-toleriane-dermallergo-eye-cream-for-sensitive-skin-20ml,active,8080841736257,44591459139649
LAR70_1,Facial Cleansers,Health & Beauty > Personal Care > Cosmetics > Skin Care > Facial Cleansers,Gel,La Roche-Posay Toleriane Caring Wash 50ml,Default Title,La Roche-Posay,3337875570428,la-roche-posay-toleriane-caring-wash-50ml,active,8083692847169,44600815190081
LAR71_1,Makeup Removers,Health & Beauty > Personal Care > Cosmetics > Skin Care > Makeup Removers,Liquid,La RochePosay Toleriane Micellar Water 50ml,Default Title,La Roche-Posay,3337872414978,la-roche-posay-toleriane-micellar-water-50ml,active,8083703529537,44600870273089
LAR72_1,Facial Cleansers,Health & Beauty > Personal Care > Cosmetics > Skin Care > Facial Cleansers,Cream,La Roche Posay Toleriane Gentle Cream Dermo-Cleanser 200ml,Default Title,La Roche-Posay,3433422406599,la-roche-posay-toleriane-gentle-cream-dermo-cleanser-200ml,active,8083699761217,44600835375169
LAR73_1,Toners,Health & Beauty > Personal Care > Cosmetics > Skin Care > Toners & Astringents > Toners,Liquid,La Roche-Posay Thermal Spring Water Face Mist 48g,Default Title,La Roche-Posay,3337875665582,la-roche-posay-thermal-spring-water-face-mist-48g,active,8083718242369,44600968872001
LAR74_1,Uncategorized,Uncategorized,,La Roche Posay Hydraphase HA Light Hyaluronic Acid Face Moisturizer 40ml,Default Title,La Roche-Posay,3337875941150,la-roche-posay-hydraphase-ha-light-hyaluronic-acid-face-moisturizer-40ml,active,8083722633281,44601007538241
LAR75_1,Face Moisturizers,Health & Beauty > Personal Care > Cosmetics > Skin Care > Face Moisturizers,Cream,La Roche Posay Hydraphase HA Rich Hyaluronic Acid Face Cream 40ml,Default Title,La Roche-Posay,3337875941143,la-roche-posay-hydraphase-ha-rich-hyaluronic-acid-face-cream-40ml,active,8083732987969,44601087393857
LAR76_1,Face Moisturizers,Health & Beauty > Personal Care > Cosmetics > Skin Care > Face Moisturizers,Gel,La Roche Posay Hyalu B5 Water Gel Moisturizer 40ml,Default Title,La Roche-Posay,3337875920728,la-roche-posay-hyalu-b5-water-gel-moisturizer-40ml,active,8083738001473,44601152012353
LARO001_1,Sunscreen,Health & Beauty > Personal Care > Cosmetics > Skin Care > Sunscreen,Cream,La Roche Posay Innovation Anthelios Uvmune 400 50+ 50ml,Default Title,La Roche-Posay,3337875847292,la-roche-posay-innovation-anthelios-uvmune-400-50-50ml,draft,7641792544833,42425927204929
LBC01_1,Shaving & Grooming,Health & Beauty > Personal Care > Shaving & Grooming,,Loreal Men Expert Barber Club Long Beard and Skin Oil 30ml,Default Title,Loreal,3600523548118,loreal-men-expert-barber-club-long-beard-and-skin-oil-30ml,draft,7489626079297,41918061477953
LBC02_1,Uncategorized,Uncategorized,,Loreal Men Expert Barber Club Beard and Hair Styling Cream 75ml,Default Title,Loreal,3600523548095,loreal-men-expert-barber-club-beard-and-hair-styling-cream-75ml,draft,7489626112065,41918061510721
LBP01_1,Uncategorized,Uncategorized,,Loreal Elvive Full Resist Conditioner 300ml,Default Title,Loreal,No Barcode,loreal-elvive-full-resist-conditioner-300ml,draft,7489626144833,41918061543489
LBRD01_1,Acne Treatments & Kits,Health & Beauty > Personal Care > Cosmetics > Skin Care > Acne Treatments & Kits,Liquid,Loreal Bright Reveal Spot Fading Serum In Cleanser 150ml,Default Title,Loreal,3600524175658,loreal-bright-reveal-spot-fading-serum-in-cleanser-150ml,active,7584618971201,42235003142209
LCH01_1,Hair Color,Health & Beauty > Personal Care > Hair Care > Hair Color,Cream,Loreal Casting Cream Gloss Hair Color - 100,Default Title,Loreal,3600522151241,loreal-casting-cream-gloss-hair-color-100,draft,7489626177601,41918061576257
LCLL01_1,Face Moisturizers,Health & Beauty > Personal Care > Cosmetics > Skin Care > Face Moisturizers,Cream,Loreal Collagen Moisture Filler Daily Fragrance Free Moisturizer 48g,Default Title,Loreal,071249152874,loreal-collagen-moisture-filler-daily-fragrance-free-moisturizer-48g,draft,7525994332225,42047998197825
LCLL01_2,Face Moisturizers,Health & Beauty > Personal Care > Cosmetics > Skin Care > Face Moisturizers,Cream,Loreal Collagen Moisture Filler Daily Fragrance Free Moisturizer 48g,Default Title,Loreal,071249419113,loreal-collagen-moisture-filler-daily-fragrance-free-moisturizer-48g-2,active,7540355792961,42085128896577
LCLL01_3,Face Moisturizers,Health & Beauty > Personal Care > Cosmetics > Skin Care > Face Moisturizers,Cream,Loreal Collagen Moisture Filler Daily Fragrance Free Moisturizer 48g,Default Title,Loreal,071249668443,loreal-collagen-moisture-filler-daily-fragrance-free-moisturizer-48g-3,active,7638924755009,42415458091073
LCLL02_1,Face Moisturizers,Health & Beauty > Personal Care > Cosmetics > Skin Care > Face Moisturizers,Cream,Loreal Collagen Moisture Filler Daily Moisturizer 48g,Default Title,Loreal,071249668276,loreal-collagen-moisture-filler-daily-moisturizer-48g,active,7540793638977,42087037370433
LCLL02_2,Face Moisturizers,Health & Beauty > Personal Care > Cosmetics > Skin Care > Face Moisturizers,Cream,Loreal Collagen Moisture Filler Daily Moisturizer 50g,Default Title,Loreal,,loreal-collagen-moisture-filler-daily-moisturizer-50g-2,draft,7544516182081,42096266936385
LDP05_1,Hair Care,Health & Beauty > Personal Care > Hair Care,,Loreal Color Radiance Deep Purple Hair Mask 250ml,Default Title,Loreal,3600523964147,loreal-color-radiance-deep-purple-hair-mask-250ml,draft,7489626243137,41918061609025
LEAN01_1,Shampoo,Health & Beauty > Personal Care > Hair Care > Shampoo & Conditioner > Shampoo,,Loreal Elvive Anti-Dandruff Nourishing Shampoo 400ml,Default Title,Loreal,No Barcode,loreal-elvive-anti-dandruff-nourishing-shampoo-400ml,draft,7489626275905,41918061641793
LEDL01_1,Conditioners,Health & Beauty > Personal Care > Hair Care > Shampoo & Conditioner > Conditioners,LiquidGel,Loreal Elvive Dream Lengths Anti-split Ends Conditioner 500ml,Default Title,Loreal,3600524142827,loreal-elvive-dream-lengths-anti-split-ends-conditioner-500ml,draft,7630936506433,42375770112065
LEOM_1,Hair Care,Health & Beauty > Personal Care > Hair Care,Cream,Loreal Extraordinary Oil Jojoba Hair Mask 300ml,Default Title,Loreal,3600522451815,loreal-extraordinary-oil-jojoba-hair-mask-300ml,draft,7558879871041,42142969331777
LEP06_1,Uncategorized,Uncategorized,,Loreal Extraordinary Oil Sublime Hair Perfector Leave-in Oil 100ml,,Loreal,3600524111700,,,erp-LEP06_1,erp-LEP06_1
LEP06_2,Hair Oils,Health & Beauty > Personal Care > Hair Care > Hair Treatments > Hair Oils,Oil,Loreal Paris Extraordinary Oil For Coloured Hair 100ml,Default Title,Loreal,3600524234614,loreal-paris-extraordinary-oil-for-coloured-hair-100ml,active,10312798208065,50512893870145
LER01_1,Toners,Health & Beauty > Personal Care > Cosmetics > Skin Care > Toners & Astringents > Toners,,Loreal Revitalift 5% Glycolic Acid Peeling Toner 100ml,Default Title,Loreal,3600524019686,loreal-revitalift-5-glycolic-acid-peeling-toner-100ml,draft,7489626341441,41918061707329
LEX001_1,Shampoo,Health & Beauty > Personal Care > Hair Care > Shampoo & Conditioner > Shampoo,,Loreal Elvive Extraordinary Oil Nourishing Shampoo 400ml,Default Title,Loreal,3600522713203,loreal-elvive-extraordinary-oil-nourishing-shampoo-400ml,draft,7528413462593,42055167377473
LEX001_2,Shampoo,Health & Beauty > Personal Care > Hair Care > Shampoo & Conditioner > Shampoo,LiquidGel,Loreal Elvive Extraordinary Oil Nourishing Shampoo 400ml,Default Title,Loreal,3610340019982,loreal-elvive-extraordinary-oil-nourishing-shampoo-400ml-2,draft,7572253573185,42195421921345
LEX001_3,Shampoo,Health & Beauty > Personal Care > Hair Care > Shampoo & Conditioner > Shampoo,LiquidGel,Loreal Elvive Extraordinary Oil Nourishing Shampoo 400ml,Default Title,Loreal,3600524140960,loreal-elvive-extraordinary-oil-nourishing-shampoo-400ml-3,active,7630938472513,42375780204609
LF001_1,Protein Supplements,Health & Beauty > Health Care > Fitness & Nutrition > Vitamins & Supplements > Protein Supplements,Powder,Leanfit Collagen & Greens Tropical Mango Flavor 257g,Default Title,Leanfit,804642003265,leanfit-collagen-greens-tropical-mango-flavor-257g,draft,7539813023809,42083652894785
LF002_1,Collagen,Health & Beauty > Health Care > Fitness & Nutrition > Vitamins & Supplements > Collagen,Powder,Leanfit Hydrolyzed Collagen Protein 253g,Default Title,Leanfit,804642003203,leanfit-hydrolyzed-collagen-protein-253g,draft,7535227568193,42071717052481
LF003_1,Vitamins & Supplements,Health & Beauty > Health Care > Fitness & Nutrition > Vitamins & Supplements,Powder,Leanfit Electrolyte Mix Lemon Flavor 381g,Default Title,Leanfit,804642003364,leanfit-electrolyte-mix-lemon-flavor-381g,draft,7533804585025,42068392968257
LFR01_1,Shampoo,Health & Beauty > Personal Care > Hair Care > Shampoo & Conditioner > Shampoo,Liquid,Loreal Elvive Full Restore 5 Shampoo 400ml,Default Title,Loreal,3600521705674,loreal-elvive-full-restore-5-shampoo-400ml,draft,7544581881921,42096367403073
LFR01_2,Shampoo,Health & Beauty > Personal Care > Hair Care > Shampoo & Conditioner > Shampoo,Liquid,Loreal Elvive Full Restore 5 Shampoo 400ml,Default Title,Loreal,3600523964611,loreal-elvive-full-restore-5-shampoo-400ml-2,draft,7552084934721,42118930595905
LGB01_1,Uncategorized,Uncategorized,,Loreal Glycolic Bright Glowing Daily Cleanser Foam 100ml,,Loreal,8994993016532,,,erp-LGB01_1,erp-LGB01_1
LGB02_1,Face Moisturizers,Health & Beauty > Personal Care > Cosmetics > Skin Care > Face Moisturizers,Cream,Loreal Glycolic Bright Glowing Day Cream SPF17 50ml,Default Title,Loreal,8994993016525,loreal-glycolic-bright-glowing-day-cream-spf17-50ml,active,7489626472513,41918062690369
LGB04_1,Anti-Aging Skin Care,Health & Beauty > Personal Care > Cosmetics > Skin Care > Anti-Aging Skin Care,Cream,Loreal Paris Glycolic Bright Glowing Night Cream 50ml,Default Title,Loreal,8994993016563,loreal-paris-glycolic-bright-glowing-night-cream-50ml,active,7489626505281,41918062723137
LGB07_1,Uncategorized,Uncategorized,,Loreal Glycolic Bright Glowing Jelly Cream 50ml,Default Title,Loreal,3600524077778,loreal-glycolic-bright-glowing-jelly-cream-50ml,draft,7489626538049,41918062755905
LGB08_1,Eye Creams,Health & Beauty > Personal Care > Cosmetics > Skin Care > Eye Creams,,Loreal Glycolic Bright Dark Circle Eye Serum 20ml,Default Title,Loreal,8994993020362,loreal-glycolic-bright-dark-circle-eye-serum-20ml,draft,7528734916673,42055608565825
LGB10_1,Facial Cleansers,Health & Beauty > Personal Care > Cosmetics > Skin Care > Facial Cleansers,,Loreal Glycolic Bright Glowing Daily Cleanser Foam 50ml,Default Title,Loreal,8994993016549,loreal-glycolic-bright-glowing-daily-cleanser-foam-50ml,draft,7489626570817,41918062788673
LGB12_1,Toners,Health & Beauty > Personal Care > Cosmetics > Skin Care > Toners & Astringents > Toners,Liquid,Loreal Glycolic Bright Glowing Peeling Toner 128ml,Default Title,Loreal,6941594521165,loreal-glycolic-bright-glowing-peeling-toner-128ml,active,7551308562497,42116610359361
LGR05_1,Uncategorized,Uncategorized,Liquid,Loreal Revitalift Derm Intensives 10% Glycolic Acid Resurfacing Serum 30ml,Default Title,Loreal,071249403600,loreal-revitalift-derm-intensives-10-glycolic-acid-resurfacing-serum-30ml,active,7489626603585,41918062821441
LHM05_1,Hair Care,Health & Beauty > Personal Care > Hair Care,,Loreal Total Repair 5 Power Restore Hair Mask 300ml,Default Title,Loreal,071249196663,loreal-total-repair-5-power-restore-hair-mask-300ml,draft,7489626636353,41918062854209
LHMC01_1,Conditioners,Health & Beauty > Personal Care > Hair Care > Shampoo & Conditioner > Conditioners,Liquid,Loreal Hyaluron 72H Moisture Sealing Conditioner 360ml,Default Title,Loreal,3610340667268,loreal-hyaluron-72h-moisture-sealing-conditioner-360ml-1,active,7528711815233,42055546208321
LHMC01_2,Conditioners,Health & Beauty > Personal Care > Hair Care > Shampoo & Conditioner > Conditioners,Liquid,Loreal Hyaluron 72H Moisture Sealing Conditioner 400ml,Default Title,Loreal,3600524142520,loreal-hyaluron-72h-moisture-sealing-conditioner-400ml-2,draft,7705033048129,43047568670785
LHMC02_1,Uncategorized,Uncategorized,,Loreal Hyaluron 72H Moisture Sealing Shampoo 400ml,Default Title,Loreal,3610340655197,loreal-hyaluron-72h-moisture-sealing-shampoo-400ml,active,7489626669121,41918062886977
LHMC02_2,Shampoo,Health & Beauty > Personal Care > Hair Care > Shampoo & Conditioner > Shampoo,LiquidGel,Loreal Hyaluron 72H Moisture Sealing Shampoo 400ml,Default Title,Loreal,3600524029951,loreal-hyaluron-72h-moisture-sealing-shampoo-400ml-2,draft,7550218076225,42113830355009
LHMC02_3,Shampoo,Health & Beauty > Personal Care > Hair Care > Shampoo & Conditioner > Shampoo,Liquid,Loreal Hyaluron 72H Moisture Sealing Shampoo 400ml,Default Title,Loreal,3600524137403,loreal-hyaluron-72h-moisture-sealing-shampoo-400ml-3,draft,7705118638145,43047671562305
LHMC03_1,Shampoo,Health & Beauty > Personal Care > Hair Care > Shampoo & Conditioner > Shampoo,Liquid,Loreal Elvive Hydra Pure 72H Purifying Shampoo 400ml,Default Title,Loreal,3610340670978,loreal-elvive-hydra-pure-72h-purifying-shampoo-400ml,draft,7489626701889,41918062919745
LHMC03_2,Shampoo,Health & Beauty > Personal Care > Hair Care > Shampoo & Conditioner > Shampoo,Liquid,Loreal Elvive Hydra Pure 72H Purifying Shampoo 400ml,Default Title,Loreal,3600524140076,loreal-elvive-hydra-pure-72h-purifying-shampoo-400ml-1,active,7897953042497,43917730316353
LHMC04_1,Conditioners,Health & Beauty > Personal Care > Hair Care > Shampoo & Conditioner > Conditioners,Liquid,Loreal Elvive Hydra Pure 72H Conditioner 300ml,Default Title,Loreal,3600524163105,loreal-elvive-hydra-pure-72h-conditioner-300ml,active,7897953271873,43917730873409
LIC01_1,Lip Balms,Health & Beauty > Personal Care > Cosmetics > Skin Care > Lip Balms & Treatments > Lip Balms,,LipIce Sheer Color Strawberry Lip Balm 2.4g,Default Title,lipIce,8935006533110,lipice-sheer-color-strawberry-lip-balm-2-4g,active,7874702475329,43749236342849
LIC02_1,Lip Balms,Health & Beauty > Personal Care > Cosmetics > Skin Care > Lip Balms & Treatments > Lip Balms,,LipIce Sheer Color Natural Lip Balm 2.4g,Default Title,lipIce,8935006533134,lipice-sheer-color-natural-lip-balm-2-4g,active,7874703261761,43749238505537
LIFE01_1,Skin Care Masks & Peels,Health & Beauty > Personal Care > Cosmetics > Skin Care > Skin Care Masks & Peels,,Life Brand Soothing Serum 1% Provitamin B5 Sheet Mask,Default Title,Life Brand,057800282761,life-brand-soothing-serum-1-provitamin-b5-sheet-mask,active,10313208135745,50515502497857
LIFE010_1,Foot Masks & Peels,Health & Beauty > Personal Care > Foot Care > Foot Masks & Peels,,Life Brand Moisturizing Foot Masks Shea Butter Coconut Oil,Default Title,Life Brand,057800940180,life-brand-moisturizing-foot-masks-shea-butter-coconut-oil,active,10313256304705,50516628537409
LIFE011_1,Skin Care Masks & Peels,Health & Beauty > Personal Care > Cosmetics > Skin Care > Skin Care Masks & Peels,,Life Brand Purifying Serum  Niacinamide Sheet Mask,Default Title,Life Brand,057800282778,life-brand-purifying-serum-niacinamide-sheet-mask,active,10313256632385,50516628996161
LIFE012_1,Foot Masks & Peels,Health & Beauty > Personal Care > Foot Care > Foot Masks & Peels,,Life Brand Exfoliating Lime Caviar Citrus Foot Mask S-M,Default Title,Life Brand,057800940197,life-brand-exfoliating-lime-caviar-citrus-foot-mask-s-m,draft,10314608541761,50525684858945
LIFE013_1,Skin Care Masks & Peels,Health & Beauty > Personal Care > Cosmetics > Skin Care > Skin Care Masks & Peels,,Life Brand Brightening Rosewater Niacinamide Sheet Mask,Default Title,Life Brand,057800985662,life-brand-brightening-rosewater-niacinamide-sheet-mask,draft,10314616569921,50525704421441
LIFE014_1,Skin Care Masks & Peels,Health & Beauty > Personal Care > Cosmetics > Skin Care > Skin Care Masks & Peels,,Life Brand Purifying Charcoal Facial Sheet Mask,Default Title,Life Brand,057800964049,life-brand-purifying-charcoal-facial-sheet-mask,draft,10314625646657,50525727588417
LIFE015_1,Foot Masks & Peels,Health & Beauty > Personal Care > Foot Care > Foot Masks & Peels,,"Life Brand Moisturizing Foot Masks, Shea Butter & Coconut Oil L-XL",Default Title,Life Brand,057800104421,life-brand-moisturizing-foot-masks-shea-butter-coconut-oil-l-xl,draft,10314633019457,50525736173633
LIFE02_1,Skin Care Masks & Peels,Health & Beauty > Personal Care > Cosmetics > Skin Care > Skin Care Masks & Peels,,Life Brand Moisturizing Ceramide Cream Sheet Mask,Default Title,Life Brand,057800940142,life-brand-moisturizing-ceramide-cream-sheet-mask,active,10313250144321,50516589740097
LIFE03_1,Skin Care Masks & Peels,Health & Beauty > Personal Care > Cosmetics > Skin Care > Skin Care Masks & Peels,,Life Brand Hydrating Serum Hyaluronic Acid Sheet Mask,Default Title,Life Brand,057800282785,life-brand-hydrating-serum-hyaluronic-acid-sheet-mask,active,10313252175937,50516608352321
LIFE04_1,Hand Creams,Health & Beauty > Personal Care > Cosmetics > Skin Care > Hand Creams,,Life Brand Nourishing Hand Mask in Sri Lanka,Default Title,Life Brand,057800964575,life-brand-nourishing-hand-mask-in-sri-lanka,active,10313253519425,50516613726273
LIFE05_1,Skin Care Masks & Peels,Health & Beauty > Personal Care > Cosmetics > Skin Care > Skin Care Masks & Peels,,Life Brand Brightening Vitamin C  Sheet Mask,Default Title,Life Brand,057800299660,life-brand-brightening-vitamin-c-sheet-mask,active,10313254076481,50516616216641
LIFE06_1,Skin Care Masks & Peels,Health & Beauty > Personal Care > Cosmetics > Skin Care > Skin Care Masks & Peels,,Life Brand Retinol Hydrogel Sheet Mask,Default Title,Life Brand,057800251873,life-brand-retinol-hydrogel-sheet-mask,active,10313254174785,50516620673089
LIFE07_1,Skin Care Masks & Peels,Health & Beauty > Personal Care > Cosmetics > Skin Care > Skin Care Masks & Peels,,Life Brand Freezing Hydrogel Facial Sheet Mask,Default Title,Life Brand,057800047858,life-brand-freezing-hydrogel-facial-sheet-mask,active,10313254273089,50516621688897
LIFE08_1,Skin Care Masks & Peels,Health & Beauty > Personal Care > Cosmetics > Skin Care > Skin Care Masks & Peels,,Life Brand Clarifying Mud Facial Sheet Mask with Volcanic Ash and Zinc,Default Title,Life Brand,057800985655,life-brand-clarifying-mud-facial-sheet-mask-with-volcanic-ash-and-zinc,active,10313254469697,50516622213185
LIFE09_1,Skin Care Masks & Peels,Health & Beauty > Personal Care > Cosmetics > Skin Care > Skin Care Masks & Peels,,Life Brand Brightening Eclaircissant  Sheet Mask,Default Title,Life Brand,057800964056,life-brand-brightening-eclaircissant-sheet-mask,active,10313256140865,50516627259457
LIP006_1,Lip Balms & Treatments,Health & Beauty > Personal Care > Cosmetics > Skin Care > Lip Balms & Treatments,,Vaseline Lip Therapy 4.8g,Default Title,Vaseline,859581006846,vaseline-lip-therapy-4-8g,draft,7528980250689,42056680505409
LIP007_1,Lip Balms,Health & Beauty > Personal Care > Cosmetics > Skin Care > Lip Balms & Treatments > Lip Balms,,Nivea Lip Balm 4.8g,Default Title,Nivea,No Barcode,nivea-lip-balm-4-8g,draft,7489626734657,41918062952513
LMC01_1,Hair Color,Health & Beauty > Personal Care > Hair Care > Hair Color,,Loreal Majirel Hair Color No.1 50ml,Default Title,Loreal,8901526400478,loreal-majirel-hair-color-no-1-50ml,draft,7489626767425,41918062985281
LMC03_1,Hair Color,Health & Beauty > Personal Care > Hair Care > Hair Color,,Loreal Majirel Color No 4 50ml,Default Title,Loreal,8901526400492,loreal-majirel-color-no-4-50ml,draft,7489626800193,41918063018049
LMH03_1,Facial Cleansers,Health & Beauty > Personal Care > Cosmetics > Skin Care > Facial Cleansers,Cream,Loreal Men Expert Pure Charcoal 5 Actions Face Wash 100ml,Default Title,Loreal,3600523708048,loreal-men-expert-pure-charcoal-5-actions-face-wash-100ml,draft,7528743534657,42055649591361
LMH05_1,Facial Cleansers,Health & Beauty > Personal Care > Cosmetics > Skin Care > Facial Cleansers,,Loreal Men Expert Oil Controller Deep Scrub 100ml,Default Title,Loreal,3600523717460,loreal-men-expert-oil-controller-deep-scrub-100ml,draft,7489626832961,41918063050817
LMN01_1,Face Moisturizers,Health & Beauty > Personal Care > Cosmetics > Skin Care > Face Moisturizers,,Loreal Men Expert Hydra Energetic 24HR Moisturizer 50ml,Default Title,Loreal,071249169513,loreal-men-expert-hydra-energetic-24hr-moisturizer-50ml,draft,7489626865729,41918063083585
LMN02_1,Facial Cleansers,Health & Beauty > Personal Care > Cosmetics > Skin Care > Facial Cleansers,,Loreal Men Expert Pure Charcoal 3 in 1 Face Wash 100ml,Default Title,Loreal,3600523979301,loreal-men-expert-pure-charcoal-3-in-1-face-wash-100ml,draft,7489626898497,41918063116353
LMN04_1,Face Serums,Health & Beauty > Personal Care > Cosmetics > Skin Care > Face Serums,,Loreal Revitalift 12% Pure Vitamin C Serum 30ml,Default Title,Loreal,3600524071035,loreal-revitalift-12-pure-vitamin-c-serum-30ml,active,7489626931265,41918063149121
LMN04_2,Face Serums,Health & Beauty > Personal Care > Cosmetics > Skin Care > Face Serums,Serum,Loreal Revitalift 12% Pure Vitamin C Brightening Serum 30ml,Default Title,Loreal,3600524069827,loreal-revitalift-12-pure-vitamin-c-brightening-serum-30ml,active,7692927041601,43010500067393
LMN05_1,Facial Cleansers,Health & Beauty > Personal Care > Cosmetics > Skin Care > Facial Cleansers,,Loreal Men Expert Pure Charcoal Anti-Blackhead Scrub 100ml,Default Title,Loreal,3600523708123,loreal-men-expert-pure-charcoal-anti-blackhead-scrub-100ml,draft,7489626964033,41918063181889
LO0010_1,Anti-Aging Skin Care,Health & Beauty > Personal Care > Cosmetics > Skin Care > Anti-Aging Skin Care,Cream,Loreal Paris Revitalift Laser Triple Action Day Cream 50ml,Default Title,Loreal,3600522895114,loreal-paris-revitalift-laser-triple-action-day-cream-50ml,active,7879018938433,43763030065217
LO0011_1,Eye Creams,Health & Beauty > Personal Care > Cosmetics > Skin Care > Eye Creams,,Loreal Paris Revitalift Laser Eye Bag Instant Eraser 15ml,Default Title,Loreal,3600524186234,loreal-paris-revitalift-laser-eye-bag-instant-eraser-15ml,active,7879030865985,43763082133569
LO008_1,Uncategorized,Uncategorized,,Loreal Dermo-Expertise Aura Perfect Rosy Night Cream 50ml,,Loreal,8991380221074,,,erp-LO008_1,erp-LO008_1
LO009_1,Anti-Aging Skin Care,Health & Beauty > Personal Care > Cosmetics > Skin Care > Anti-Aging Skin Care,Cream,Loreal Paris Revitalift Laser Triple Action Anti Aging Night Cream 50ml,Default Title,Loreal,3600522895121,loreal-paris-revitalift-laser-triple-action-anti-aging-night-cream-50ml,active,7879016415297,43763026067521
LO07_1,Conditioners,Health & Beauty > Personal Care > Hair Care > Shampoo & Conditioner > Conditioners,,Loreal Total Repair 5 Conditioner 300ml,Default Title,Loreal,3600523972227,loreal-total-repair-5-conditioner-300ml,draft,7489627029569,41918063247425
LO08_1,Shampoo,Health & Beauty > Personal Care > Hair Care > Shampoo & Conditioner > Shampoo,,Loreal Total Repair 5 Shampoo 300ml,Default Title,Loreal,3600523972234,loreal-total-repair-5-shampoo-300ml,draft,7489627062337,41918063280193
LO10_1,Shampoo,Health & Beauty > Personal Care > Hair Care > Shampoo & Conditioner > Shampoo,,Loreal Elvive Colour Protect Shampoo 300ml,Default Title,Loreal,3600523971886,loreal-elvive-colour-protect-shampoo-300ml,draft,7489627095105,41918063312961
LO11_1,Conditioners,Health & Beauty > Personal Care > Hair Care > Shampoo & Conditioner > Conditioners,Liquid,Loreal Elvive Colour Protect Conditioner 300ml,Default Title,Loreal,3600523971879,loreal-elvive-colour-protect-conditioner-300ml,draft,7524957061185,42045323280449
LO11_2,Conditioners,Health & Beauty > Personal Care > Hair Care > Shampoo & Conditioner > Conditioners,Liquid,Loreal Elvive Colour Protect Conditioner 300ml,Default Title,Loreal,3600523609895,loreal-elvive-colour-protect-conditioner-300ml-2,draft,7539147243585,42081557348417
LO12_1,Shampoo,Health & Beauty > Personal Care > Hair Care > Shampoo & Conditioner > Shampoo,,Loreal Elvive Extraordinary Oil Nourishing Shampoo 300ml,Default Title,Loreal,3600523972272,loreal-elvive-extraordinary-oil-nourishing-shampoo-300ml,draft,7489627160641,41918063345729
LO13_1,Conditioners,Health & Beauty > Personal Care > Hair Care > Shampoo & Conditioner > Conditioners,,Loreal Elvive Extraordinary Oil Nourishing Conditioner 300ml,Default Title,Loreal,3600523972289,loreal-elvive-extraordinary-oil-nourishing-conditioner-300ml,draft,7489627193409,41918063378497
LO13_2,Conditioners,Health & Beauty > Personal Care > Hair Care > Shampoo & Conditioner > Conditioners,Cream,Loreal Elvive Extraordinary Oil Nourishing Conditioner 300ml,Default Title,Loreal,3600524162726,loreal-elvive-extraordinary-oil-nourishing-conditioner-300ml-2,active,7630938079297,42375776239681
LO16_1,Shampoo,Health & Beauty > Personal Care > Hair Care > Shampoo & Conditioner > Shampoo,,Loreal Elvive Dream Lengths Shampoo 300ml,Default Title,Loreal,3600523971862,loreal-elvive-dream-lengths-shampoo-300ml,draft,7489627226177,41918063411265
LO17_1,Conditioners,Health & Beauty > Personal Care > Hair Care > Shampoo & Conditioner > Conditioners,,Loreal Elvive Dream Lengths Conditioner 300ml,Default Title,Loreal,3600523972197,loreal-elvive-dream-lengths-conditioner-300ml,draft,7489627258945,41918063444033
LOA001_1,Anti-Aging Skin Care,Health & Beauty > Personal Care > Cosmetics > Skin Care > Anti-Aging Skin Care,,Loreal Age Perfect Cell Renew Night Cream 50ml,Default Title,Loreal,071249642184,loreal-age-perfect-cell-renew-night-cream-50ml,draft,7489627291713,41918063476801
LOA002_1,Uncategorized,Uncategorized,,Loreal Age Perfect Collagen Expert Night Cream 50ml,,Loreal,5011408054415,,,erp-LOA002_1,erp-LOA002_1
LOA003_1,Anti-Aging Skin Care,Health & Beauty > Personal Care > Cosmetics > Skin Care > Anti-Aging Skin Care,Cream,Loreal Age Perfect Collagen Expert Day Cream 50ml,Default Title,Loreal,5011408054392,loreal-age-perfect-collagen-expert-day-cream-50ml,active,7489627357249,41918063542337
LOA003_2,Anti-Aging Skin Care,Health & Beauty > Personal Care > Cosmetics > Skin Care > Anti-Aging Skin Care,Cream,Loreal Age Perfect Collagen Expert Day Cream 50ml,Default Title,Loreal,3600523970827,loreal-age-perfect-collagen-expert-day-cream-50ml-2,draft,7775621775425,43275063394369
LOA09_1,Anti-Aging Skin Care,Health & Beauty > Personal Care > Cosmetics > Skin Care > Anti-Aging Skin Care,Cream,Age Perfect Cell Renewal Anti-Aging Day Moisturizer 48ml,Default Title,Loreal,071249636992,age-perfect-cell-renewal-anti-aging-day-moisturizer-48ml,active,7489627390017,41918063575105
LOB01_1,Uncategorized,Uncategorized,,Loreal Bright Reveal Dark Spot Serum 30ml,,Loreal,3600524113193,,,erp-LOB01_1,erp-LOB01_1
LOC_01_1,Conditioners,Health & Beauty > Personal Care > Hair Care > Shampoo & Conditioner > Conditioners,Liquid,Loreal Elvive Hyaluron Plump Moisture Filling Conditioner 300ml - France,Default Title,Loreal,3600524034788,loreal-elvive-hyaluron-plump-moisture-filling-conditioner-300ml-france,draft,7489627455553,41918063640641
LOC012_1,Conditioners,Health & Beauty > Personal Care > Hair Care > Shampoo & Conditioner > Conditioners,,Loreal Elvive Fall Resist with Aminexil Conditioner 360ml,Default Title,Loreal,3610340667237,loreal-elvive-fall-resist-with-aminexil-conditioner-360ml,active,7846118326337,43658821238849
LOC05_1,Hair Color,Health & Beauty > Personal Care > Hair Care > Hair Color,,Loreal Majirel Hair Color No 3 50ml,Default Title,Loreal,8901526400485,loreal-majirel-hair-color-no-3-50ml,draft,7489627488321,41918063673409
LOC06_1,Hair Coloring Accessories,Health & Beauty > Personal Care > Hair Care > Hair Coloring Accessories,,Loreal Developer V20 6% 495ml,Default Title,Loreal,8901526404698,loreal-developer-v20-6-495ml,draft,7528734228545,42055607582785
LODL01_1,Hair Styling Products,Health & Beauty > Personal Care > Hair Care > Hair Styling Products,,Loreal Paris Dream Lengths Super Curls Cream 150ml,Default Title,Loreal,071249628584,loreal-paris-dream-lengths-super-curls-cream-150ml,draft,7489627521089,41918063706177
LODL02_1,Conditioners,Health & Beauty > Personal Care > Hair Care > Shampoo & Conditioner > Conditioners,LiquidGel,Loreal Elvive Dream Lengths Anti-split Ends Conditioner 300ml,Default Title,Loreal,3600524162733,loreal-elvive-dream-lengths-anti-split-ends-conditioner-300ml,draft,7630936965185,42375772831809
LODL03_1,Shampoo,Health & Beauty > Personal Care > Hair Care > Shampoo & Conditioner > Shampoo,LiquidGel,Loreal Elvive Dream Lengths Shampoo 400ml,Default Title,Loreal,3600524140885,loreal-elvive-dream-lengths-shampoo-400ml,draft,7630936440897,42375769849921
LODL03_2,Shampoo,Health & Beauty > Personal Care > Hair Care > Shampoo & Conditioner > Shampoo,LiquidGel,Loreal Elvive Dream Lengths Shampoo 400ml,Default Title,Loreal,3600524138684,loreal-elvive-dream-lengths-shampoo-400ml-2,draft,7705052774465,43047592820801
LODL04_1,Conditioners,Health & Beauty > Personal Care > Hair Care > Shampoo & Conditioner > Conditioners,Liquid,Loreal Elvive Dream Lengths Anti-split Ends Conditioner 400ml,Default Title,Loreal,3600524142858,loreal-elvive-dream-lengths-anti-split-ends-conditioner-400ml,draft,7705114509377,43047667007553
LOE001_1,Anti-Aging Skin Care,Health & Beauty > Personal Care > Cosmetics > Skin Care > Anti-Aging Skin Care,Cream,Loreal Wrinkle Expert 65+ Night Cream 50 ml,Default Title,Loreal,3600524003029,loreal-wrinkle-expert-65-night-cream-50-ml,active,7489627553857,41918063738945
LOE009_1,Uncategorized,Uncategorized,Cream,Loreal Wrinkle Expert 65+ Day Cream 50ml,Default Title,Loreal,3600524003012,loreal-wrinkle-expert-65-day-cream-50ml,active,7489627586625,41918063771713
LOE02_1,Uncategorized,Uncategorized,,Loreal Ever Pure Volume Shampoo 250ml,,Loreal,071249341261,,,erp-LOE02_1,erp-LOE02_1
LOE03_1,Uncategorized,Uncategorized,,Loreal Ever Pure Sulphate Free Volume Conditioner 250ml,,Loreal,071249341278,,,erp-LOE03_1,erp-LOE03_1
LOE06_1,Uncategorized,Uncategorized,,Loreal Ever Creme Deep Nourish Shampoo 250ml #1,,,071249341384,,,erp-LOE06_1,erp-LOE06_1
LOE08_1,Shampoo,Health & Beauty > Personal Care > Hair Care > Shampoo & Conditioner > Shampoo,,Loreal Ever Pure Moisture Shampoo 250ml,Default Title,Loreal,071249341247,loreal-ever-pure-moisture-shampoo-250ml,active,7544530436161,42096289382465
LOE09_1,Conditioners,Health & Beauty > Personal Care > Hair Care > Shampoo & Conditioner > Conditioners,,Loreal Ever Pure Moisture Conditioner 250ml,Default Title,Loreal,071249341254,loreal-ever-pure-moisture-conditioner-250ml,draft,7489627619393,41918063804481
LOE10_1,Shampoo,Health & Beauty > Personal Care > Hair Care > Shampoo & Conditioner > Shampoo,LiquidGel,Loreal Ever Pure Sulfate-Free Curl Shampoo 250ml,Default Title,Loreal,071249341407,loreal-ever-pure-sulfate-free-curl-shampoo-250ml,active,7630941585473,42375786856513
LOE11_2,Conditioners,Health & Beauty > Personal Care > Hair Care > Shampoo & Conditioner > Conditioners,LiquidGel,Loreal Ever Pure Sulfate-Free Curl Conditioner 250ml,Default Title,Loreal,071249341414,loreal-ever-pure-sulfate-free-curl-conditioner-250ml,active,7630942404673,42375789936705
LOE12_1,Skin Care Masks & Peels,Health & Beauty > Personal Care > Cosmetics > Skin Care > Skin Care Masks & Peels,,Loreal Paris Revitalift Triple Power Anti-Aging Overnight Mask 48g,Default Title,Loreal,071249240731,loreal-paris-revitalift-triple-power-anti-aging-overnight-mask-48g,active,7489627652161,41918063837249
LOE14_1,Face Moisturizers,Health & Beauty > Personal Care > Cosmetics > Skin Care > Face Moisturizers,,Loreal Revitalift Triple Power Anti-Aging Moisturizer 50ml,Default Title,Loreal,071249396339,loreal-revitalift-triple-power-anti-aging-moisturizer-50ml,active,7528746942529,42055655522369
LOE14_2,Face Moisturizers,Health & Beauty > Personal Care > Cosmetics > Skin Care > Face Moisturizers,Cream,Loreal Revitalift Triple Power Anti-Aging Moisturizer 50ml,Default Title,Loreal,071249227916,loreal-revitalift-triple-power-anti-aging-moisturizer-50ml-2,draft,7640621088833,42420904296513
LOEC01_1,Eye Creams,Health & Beauty > Personal Care > Cosmetics > Skin Care > Eye Creams,Cream,Loreal Revitalift Anti-Wrinkle Eye Cream 15ml,Default Title,Loreal,065338095609,loreal-revitalift-anti-wrinkle-eye-cream-15ml,draft,7489627684929,41918063935553
LOEC010_1,Conditioners,Health & Beauty > Personal Care > Hair Care > Shampoo & Conditioner > Conditioners,LiquidGel,Loreal Elvive Colour Protect Conditioner 360ml,Default Title,Loreal,3610340667282,loreal-elvive-colour-protect-conditioner-360ml,active,7572265926721,42195517210689
LOEC05_1,Shampoo,Health & Beauty > Personal Care > Hair Care > Shampoo & Conditioner > Shampoo,,Loreal Elvive Total Repair 5 Shampoo 700ml,Default Title,Loreal,3600523027767,loreal-elvive-total-repair-5-shampoo-700ml,draft,7489627717697,41918063968321
LOEC06_1,Conditioners,Health & Beauty > Personal Care > Hair Care > Shampoo & Conditioner > Conditioners,Liquid,Loreal Elvive Hyaluron Pure 72H Rehydrating Conditioner 360ml,Default Title,Loreal,3610340671036,loreal-elvive-hyaluron-pure-72h-rehydrating-conditioner-360ml,draft,7489627750465,41918064001089
LOEC07_1,Conditioners,Health & Beauty > Personal Care > Hair Care > Shampoo & Conditioner > Conditioners,LiquidGel,Loreal Elvive Dream Long Straight 72H Conditioner 360ml,Default Title,Loreal,3610340667275,loreal-elvive-dream-long-straight-72h-conditioner-360ml,draft,7489627783233,41918064033857
LOEC09_1,Conditioners,Health & Beauty > Personal Care > Hair Care > Shampoo & Conditioner > Conditioners,LiquidGel,Loreal Elvive Extraordinary Oil Nourishing Conditioner 360ml,Default Title,Loreal,3610340667220,loreal-elvive-extraordinary-oil-nourishing-conditioner-360ml,active,7572280737857,42195578650689
LOEE01_1,Shampoo,Health & Beauty > Personal Care > Hair Care > Shampoo & Conditioner > Shampoo,Liquid,Loreal Elvive Extraordinary Oil Nourishing Shampoo 500ml,Default Title,Loreal,3600523209828,loreal-elvive-extraordinary-oil-nourishing-shampoo-500ml,draft,7557928026177,42138453966913
LOEL015_1,Conditioners,Health & Beauty > Personal Care > Hair Care > Shampoo & Conditioner > Conditioners,,Loreal Elvive Total Repair 5 Conditioner 360ml,Default Title,Loreal,3610340667251,loreal-elvive-total-repair-5-conditioner-360ml,active,7489627848769,41918064099393
LOEL09_1,Shampoo,Health & Beauty > Personal Care > Hair Care > Shampoo & Conditioner > Shampoo,Liquid,Loreal Elvive Total Repair 5 Shampoo 400ml,Default Title,Loreal,3600521767818,loreal-elvive-total-repair-5-shampoo-400ml,active,7489627881537,41918064132161
LOEL09_2,Shampoo,Health & Beauty > Personal Care > Hair Care > Shampoo & Conditioner > Shampoo,Liquid,Loreal Elvive Total Repair 5 Shampoo 400ml - France,Default Title,Loreal,3600524140823,loreal-elvive-total-repair-5-shampoo-400ml-france,active,7897950453825,43917724188737
LOEL10_1,Shampoo,Health & Beauty > Personal Care > Hair Care > Shampoo & Conditioner > Shampoo,Liquid,Loreal Elvive Dream Long Straight 72H Shampoo 400ml,Default Title,Loreal,3610340653650,loreal-elvive-dream-long-straight-72h-shampoo-400ml,draft,7489627914305,41918064164929
LOERS03_1,Shampoo,Health & Beauty > Personal Care > Hair Care > Shampoo & Conditioner > Shampoo,Liquid,Loreal Elvive Dream Lengths Restoring Shampoo 400ml,Default Title,Loreal,3610340636691,loreal-elvive-dream-lengths-restoring-shampoo-400ml,draft,7489627947073,41918064197697
LOERS03_2,Shampoo,Health & Beauty > Personal Care > Hair Care > Shampoo & Conditioner > Shampoo,Liquid,Loreal Elvive Dream Lengths Restoring Shampoo 400ml,Default Title,Loreal,3600523586370,loreal-elvive-dream-lengths-restoring-shampoo-400ml-2,draft,7552086114369,42118942261313
LOES01_1,Shampoo,Health & Beauty > Personal Care > Hair Care > Shampoo & Conditioner > Shampoo,Liquid,Loreal Elvive Extraordinary Oil Nourishing Shampoo  250ml,Default Title,Loreal,3600524194369,loreal-elvive-extraordinary-oil-nourishing-shampoo-250ml,active,7587179069505,42242699657281
LOES01_2,Shampoo,Health & Beauty > Personal Care > Hair Care > Shampoo & Conditioner > Shampoo,Liquid,Loreal Elvive Extraordinary Oil Nourishing Shampoo 250ml,Default Title,Loreal,3600524138936,loreal-elvive-extraordinary-oil-nourishing-shampoo-250ml-2,active,7672172642369,42893194625089
LOES010_1,Uncategorized,Uncategorized,,Loreal Paris Total Repair 5 Repairing Shampoo 375ml,,Loreal,071249207307,,,erp-LOES010_1,erp-LOES010_1
LOES011_1,Uncategorized,Uncategorized,,Loreal Paris Total Repair 5 Restoring Conditioner 375ml,,Loreal,071249207291,,,erp-LOES011_1,erp-LOES011_1
LOES012_1,Uncategorized,Uncategorized,,Loreal Paris Elvive Hyaluron Plump Hydrating Shampoo 375ml,,Loreal,071249665671,,,erp-LOES012_1,erp-LOES012_1
LOES013_1,Uncategorized,Uncategorized,,Loreal Paris Hyaluron Plump Moisture Conditioner 375ml,,Loreal,071249666203,,,erp-LOES013_1,erp-LOES013_1
LOES014_1,Uncategorized,Uncategorized,,Loreal Paris Hair Expertise Glycolic Gloss Shine Boosting Shampoo 375ml,,Loreal,071249708019,,,erp-LOES014_1,erp-LOES014_1
LOES015_1,Uncategorized,Uncategorized,,Loreal Paris Hair Expertise Glycolic Gloss Shine Boosting Conditioner 375ml,,Loreal,071249707869,,,erp-LOES015_1,erp-LOES015_1
LOES016_1,Uncategorized,Uncategorized,,Loreal Paris Dream Lengths Sleek Stretching Conditioner 375ml,,Loreal,071249695340,,,erp-LOES016_1,erp-LOES016_1
LOES017_1,Uncategorized,Uncategorized,,Loreal Paris Dream Lengths Sleek Straightening Shampoo 375ml,,Loreal,071249695265,,,erp-LOES017_1,erp-LOES017_1
LOES018_1,Conditioners,Health & Beauty > Personal Care > Hair Care > Shampoo & Conditioner > Conditioners,,Loreal Paris Total Repair Extreme Intense Restoring Conditioner 375ml,Default Title,Loreal,071249698822,loreal-paris-total-repair-extreme-intense-restoring-conditioner-375ml,active,7874693955649,43749184241729
LOES019_1,Shampoo,Health & Beauty > Personal Care > Hair Care > Shampoo & Conditioner > Shampoo,Liquid,Loreal Paris Elseve Hyaluron 72H Pure Shampoo 200ml,Default Title,Loreal,3600524135294,loreal-paris-elseve-hyaluron-72h-pure-shampoo-200ml,active,7877749669953,43759627075649
LOES02_1,Conditioners,Health & Beauty > Personal Care > Hair Care > Shampoo & Conditioner > Conditioners,Liquid,Loreal Elvive Extraordinary Oil Nourishing Conditioner 200ml,Default Title,Loreal,3600524194215,loreal-elvive-extraordinary-oil-nourishing-conditioner-200ml,active,7587185098817,42242710175809
LOES020_1,Uncategorized,Uncategorized,Liquid,Loreal Paris Elvive Multivitaminico Vitalizzante 2 in 1 Shampoo 250ml,Default Title,Loreal,3600524194314,loreal-paris-elvive-multivitaminico-vitalizzante-2-in-1-shampoo-250ml,active,7877750882369,43759631466561
LOES021_1,Conditioners,Health & Beauty > Personal Care > Hair Care > Shampoo & Conditioner > Conditioners,Liquid,Loreal Paris Elvive Glycolic Gloss Ultra Illuminating Conditioner 250ml,Default Title,Loreal,3600524264901,loreal-paris-elvive-glycolic-gloss-ultra-illuminating-conditioner-250ml,active,7877751144513,43759633956929
LOES022_1,Shampoo,Health & Beauty > Personal Care > Hair Care > Shampoo & Conditioner > Shampoo,Liquid,Loreal Paris Elseve Dream Long Shampoo 250ml,Default Title,Loreal,3600523741861,loreal-paris-elseve-dream-long-shampoo-250ml,active,7879006748737,43763004538945
LOES023_1,Conditioners,Health & Beauty > Personal Care > Hair Care > Shampoo & Conditioner > Conditioners,Liquid,Loreal Paris Elseve Dream Long Super Conditioner 200ml,Default Title,Loreal,3600523741878,loreal-paris-elseve-dream-long-super-conditioner-200ml,active,7879014219841,43763015090241
LOES03_1,Shampoo,Health & Beauty > Personal Care > Hair Care > Shampoo & Conditioner > Shampoo,Liquid,Loreal Elvive Colour Protect Shampoo 400ml,Default Title,Loreal,3600520433424,loreal-elvive-colour-protect-shampoo-400ml,draft,7489627979841,41918064230465
LOES04_1,Shampoo,Health & Beauty > Personal Care > Hair Care > Shampoo & Conditioner > Shampoo,LiquidGel,Loreal Elvive Colour Protecting Shampoo 400ml,Default Title,Loreal,3600520837963,loreal-elvive-colour-protecting-shampoo-400ml,active,7572261503041,42195470385217
LOES05_1,Shampoo,Health & Beauty > Personal Care > Hair Care > Shampoo & Conditioner > Shampoo,Liquid,Loreal Elvive Hyaluron Plump Moisture Filling Shampoo 250ml,Default Title,Loreal,3600524194505,loreal-elvive-hyaluron-plump-moisture-filling-shampoo-250ml,active,7587165962305,42242629271617
LOES05_2,Shampoo,Health & Beauty > Personal Care > Hair Care > Shampoo & Conditioner > Shampoo,Liquid,Loreal Elseve Hyaluron Plump Moisture Filling Shampoo 250ml,Default Title,Loreal,3600524144098,loreal-elseve-hyaluron-plump-moisture-filling-shampoo-250ml-2,active,7672117592129,42892661489729
LOES06_1,Conditioners,Health & Beauty > Personal Care > Hair Care > Shampoo & Conditioner > Conditioners,Liquid,Loreal Elvive Hyaluron Plump Moisture Filling Conditioner 200ml,Default Title,Loreal,3600524194291,loreal-elvive-hyaluron-plump-moisture-filling-conditioner-200ml,active,7587171008577,42242673606721
LOES07_1,Shampoo,Health & Beauty > Personal Care > Hair Care > Shampoo & Conditioner > Shampoo,Liquid,Loreal Total Repair 5 Shampoo 250ml,Default Title,Loreal,3600524194383,loreal-total-repair-5-shampoo-250ml,active,7587175858241,42242689433665
LOES07_2,Shampoo,Health & Beauty > Personal Care > Hair Care > Shampoo & Conditioner > Shampoo,Liquid,Loreal Paris Elseve Total Repair 5 Shampoo 250ml,Default Title,Loreal,3600521704622,loreal-paris-elseve-total-repair-5-shampoo-250ml,active,7878985515073,43762947850305
LOES08_1,Conditioners,Health & Beauty > Personal Care > Hair Care > Shampoo & Conditioner > Conditioners,Liquid,Loreal Total Repair 5 Conditioner 200ml,Default Title,Loreal,3600524195496,loreal-total-repair-5-conditioner-200ml,active,7587177234497,42242690318401
LOES08_2,Hair Styling Products,Health & Beauty > Personal Care > Hair Care > Hair Styling Products,Liquid,Loreal Paris Elseve Total Repair 5 Regenerating Balm 200ml,Default Title,Loreal,3600521706428,loreal-paris-elseve-total-repair-5-regenerating-balm-200ml,active,7878977093697,43762937888833
LOES09_1,Conditioners,Health & Beauty > Personal Care > Hair Care > Shampoo & Conditioner > Conditioners,Liquid,Loreal Elvive Colour Protect Conditioner 200ml,Default Title,Loreal,3600524194208,loreal-elvive-colour-protect-conditioner-200ml,active,7587178446913,42242696282177
LOES09_2,Conditioners,Health & Beauty > Personal Care > Hair Care > Shampoo & Conditioner > Conditioners,Liquid,Loreal Paris Elseve Color Vive 200ml,Default Title,Loreal,3600010011361,loreal-paris-elseve-color-vive-200ml,active,7879003439169,43762994741313
LOES09_3,Conditioners,Health & Beauty > Personal Care > Hair Care > Shampoo & Conditioner > Conditioners,Cream,Loreal Elvive Colour Protect Conditioner 200ml,Default Title,Loreal,3600524142117,loreal-elvive-colour-protect-conditioner-200ml-3,active,8082411356225,44596122157121
LOES10_1,Shampoo,Health & Beauty > Personal Care > Hair Care > Shampoo & Conditioner > Shampoo,Liquid,Loreal Elvive Colour Protect Shampoo 250ml,Default Title,Loreal,3600524194550,loreal-elvive-colour-protect-shampoo-250ml,active,7587179855937,42242700968001
LOES10_2,Shampoo,Health & Beauty > Personal Care > Hair Care > Shampoo & Conditioner > Shampoo,Liquid,Loreal Elvive Colour Protect Shampoo 250ml,Default Title,Loreal,3600524194574,loreal-elvive-colour-protect-shampoo-250ml-2,active,7714275491905,43088724852801
LOES10_3,Shampoo,Health & Beauty > Personal Care > Hair Care > Shampoo & Conditioner > Shampoo,Liquid,Loreal Elvive Colour Protect Shampoo 250ml,Default Title,Loreal,3600524140106,loreal-elvive-colour-protect-shampoo-250ml-3,active,8082402312257,44596094763073
LOES11_1,Shampoo,Health & Beauty > Personal Care > Hair Care > Shampoo & Conditioner > Shampoo,Liquid,Loreal Hyaluron Pure 72H Purifying Salicylic and Hyaluronic Acid Shampoo 250ml,Default Title,Loreal,3600524135256,loreal-hyaluron-pure-72h-purifying-salicylic-and-hyaluronic-acid-shampoo-250ml,active,7622166872129,42345087598657
LOES12_1,Conditioners,Health & Beauty > Personal Care > Hair Care > Shampoo & Conditioner > Conditioners,LiquidGel,Loreal Paris Elvive Hyaluron Pure 72h Rehydrating Conditioner 200ml,Default Title,Loreal,3600524134938,loreal-paris-elvive-hyaluron-pure-72h-rehydrating-conditioner-200ml,active,7622173491265,42345099526209
LOES15_1,Shampoo,Health & Beauty > Personal Care > Hair Care > Shampoo & Conditioner > Shampoo,LiquidGel,Loreal Elvive Hyaluronic Pure 72H Shampoo 250ml,Default Title,Loreal,3600524194536,loreal-elvive-hyaluronic-pure-72h-shampoo-250ml,active,7632163340353,42384070606913
LOES15_2,Shampoo,Health & Beauty > Personal Care > Hair Care > Shampoo & Conditioner > Shampoo,LiquidGel,Loreal Elseve Hyaluronic Pure 72H Shampoo 250ml,Default Title,Loreal,3600524137502,loreal-elseve-hyaluronic-pure-72h-shampoo-250ml-2,active,7672162287681,42893083902017
LOES16_1,Conditioners,Health & Beauty > Personal Care > Hair Care > Shampoo & Conditioner > Conditioners,LiquidGel,Loreal Elvive Hyaluronic Pure 72H Conditioner 200ml,Default Title,Loreal,3600524194482,loreal-elvive-hyaluronic-pure-72h-conditioner-200ml,active,7632163897409,42384076079169
LOES17_1,Shampoo,Health & Beauty > Personal Care > Hair Care > Shampoo & Conditioner > Shampoo,LiquidGel,Loreal Elvive Full Resist Shampoo 250ml,Default Title,Loreal,3600524194529,loreal-elvive-full-resist-shampoo-250ml,active,7632164094017,42384076406849
LOES18_1,Conditioners,Health & Beauty > Personal Care > Hair Care > Shampoo & Conditioner > Conditioners,LiquidGel,Loreal Elvive Full Resist Conditioner 200ml - France,Default Title,Loreal,3600524207236,loreal-elvive-full-resist-conditioner-200ml-france,draft,7632164454465,42384080044097
LOFC006_1,Eye Creams,Health & Beauty > Personal Care > Cosmetics > Skin Care > Eye Creams,,Loreal Age Perfect Collagen Expert Re- Hydration Care Anti-Sagging Eye Cream,Default Title,Loreal,3600520070285,loreal-age-perfect-collagen-expert-re-hydration-care-anti-sagging-eye-cream,draft,7528725348417,42055581827137
LOFC01_1,Anti-Aging Skin Care,Health & Beauty > Personal Care > Cosmetics > Skin Care > Anti-Aging Skin Care,Cream,Loreal Wrinkle Expert 35+ Day Cream 50ml,Default Title,Loreal,3600523183494,loreal-wrinkle-expert-35-day-cream-50ml,draft,7489628012609,41918064263233
LOFC01_2,Uncategorized,Uncategorized,,Loreal Wrinkle Expert 35+ Day Cream 50ml #2,,,71249318829,,,erp-LOFC01_2,erp-LOFC01_2
LOFC03_1,Skin Care,Health & Beauty > Personal Care > Cosmetics > Skin Care,Cream,Loreal Paris Aura Perfect Day Cream 50ml,Default Title,Loreal,8994993016846,loreal-paris-aura-perfect-day-cream-50ml,active,7524958273601,42045329276993
LOFC03_2,Skin Care,Health & Beauty > Personal Care > Cosmetics > Skin Care,Cream,Loreal Paris Aura Perfect Day Cream 50ml,Default Title,Loreal,8992304013126,loreal-paris-aura-perfect-day-cream-50ml-2,active,7544472633409,42096148054081
LOFC06_1,Eye Creams,Health & Beauty > Personal Care > Cosmetics > Skin Care > Eye Creams,Cream,Loreal Age Perfect Eye Cream 15ml,Default Title,Loreal,No Barcode,loreal-age-perfect-eye-cream-15ml,draft,7528727117889,42055583531073
LOFC15_1,Anti-Aging Skin Care,Health & Beauty > Personal Care > Cosmetics > Skin Care > Anti-Aging Skin Care,Cream,Loreal Age Perfect Cell Renewal Midnight Cream 50ml,Default Title,Loreal,071249668108,loreal-age-perfect-cell-renewal-midnight-cream-50ml,draft,7528691826753,42055502495809
LOFC16_1,Uncategorized,Uncategorized,,Loreal Age Perfect Hydra-Nutrition Ultra Nourishing Night Moisturizer 50ml,,Loreal,071249319031,,,erp-LOFC16_1,erp-LOFC16_1
LOFC17_1,Face Moisturizers,Health & Beauty > Personal Care > Cosmetics > Skin Care > Face Moisturizers,Cream,Loreal Age Perfect Rosy Tone Moisturizer Fragrance Free 50ml,Default Title,Loreal,071249331262,loreal-age-perfect-rosy-tone-moisturizer-fragrance-free-50ml,active,7525955272769,42047844548673
LOFC17_2,Face Moisturizers,Health & Beauty > Personal Care > Cosmetics > Skin Care > Face Moisturizers,Cream,Loreal Age Perfect Rosy Tone Moisturizer Fragrance Free 50ml,Default Title,Loreal,071249386910,loreal-age-perfect-rosy-tone-moisturizer-fragrance-free-50ml-2,active,7640622465089,42420913733697
LOFC18_1,Face Moisturizers,Health & Beauty > Personal Care > Cosmetics > Skin Care > Face Moisturizers,,Loreal Age Perfect Hydra-Nutrition Ultra Nourishing Moisturizer 50ml,Default Title,Loreal,071249319048,loreal-age-perfect-hydra-nutrition-ultra-nourishing-moisturizer-50ml,active,7528728592449,42055592411201
LOFFC01_1,Facial Cleansers,Health & Beauty > Personal Care > Cosmetics > Skin Care > Facial Cleansers,Liquid,Loreal Paris Fine Flowers Cleansing Wash 150ml,Default Title,Loreal,3600523450435,loreal-paris-fine-flowers-cleansing-wash-150ml,draft,7489628110913,41918064296001
LOFFC03_1,Uncategorized,Uncategorized,Liquid,Loreal Age Perfect Cleansing Milk 200ml,Default Title,Loreal,3600523937189,loreal-age-perfect-cleansing-milk-200ml,draft,7489628143681,41918064328769
LOG01_1,Anti-Aging Skin Care,Health & Beauty > Personal Care > Cosmetics > Skin Care > Anti-Aging Skin Care,Cream,Loreal Age Perfect Collagen Expert Retightening Night Moisturizer 70ml,Default Title,Loreal,071249053201,loreal-age-perfect-collagen-expert-retightening-night-moisturizer-70ml,active,7489628176449,41918064361537
LOG02_1,Uncategorized,Uncategorized,Cream,Loreal Age Perfect Collagen Expert Retightening Moisturizer 70ml,Default Title,Loreal,071249636961,loreal-age-perfect-collagen-expert-retightening-moisturizer-70ml,draft,7489628209217,41918064394305
LOGG01_1,Conditioners,Health & Beauty > Personal Care > Hair Care > Shampoo & Conditioner > Conditioners,Liquid,Loreal Paris Glycolic Gloss Conditioner 150ml,Default Title,Loreal,3600524143244,loreal-paris-glycolic-gloss-conditioner-150ml,draft,7489628241985,41918064427073
LOH01_1,Hair Color,Health & Beauty > Personal Care > Hair Care > Hair Color,Cream,Loreal Casting Creme Gloss 316 Plum,Default Title,Loreal,3600520987705,loreal-casting-creme-gloss-316-plum,draft,7489628274753,41918064459841
LOHA01_1,Face Serums,Health & Beauty > Personal Care > Cosmetics > Skin Care > Face Serums,Serum,Loreal Revitalift 1.5% Pure Hyaluronic Acid Plumping Serum 30ml,Default Title,Loreal,No Barcode,loreal-revitalift-1-5-pure-hyaluronic-acid-plumping-serum-30ml,draft,7489628307521,41918064492609
LOHA02_1,Face Serums,Health & Beauty > Personal Care > Cosmetics > Skin Care > Face Serums,Serum,Loreal Revitalift 1.5% Pure Hyaluronic Acid Serum 30ml,Default Title,Loreal,071249377512,loreal-revitalift-1-5-pure-hyaluronic-acid-serum-30ml,active,7489628340289,41918064525377
LOHC001_1,Hair Color,Health & Beauty > Personal Care > Hair Care > Hair Color,Cream,Loreal Darkest Brown Casting Creme Gloss 300,Default Title,Loreal,3600521078426,loreal-darkest-brown-casting-creme-gloss-300,draft,7524690985025,42044380053569
LOHC001_2,Hair Color,Health & Beauty > Personal Care > Hair Care > Hair Color,Cream,Loreal Darkest Brown Casting Creme Gloss 300,Default Title,Loreal,3600520987699,loreal-darkest-brown-casting-creme-gloss-300-2,draft,7544471257153,42096145367105
LOHC001_3,Hair Color,Health & Beauty > Personal Care > Hair Care > Hair Color,Cream,Loreal Darkest Brown Casting Creme Gloss 300 - France,Default Title,Loreal,3600520982496,loreal-darkest-brown-casting-creme-gloss-300-france,draft,7632235397185,42384681435201
LOHC001_4,Hair Color,Health & Beauty > Personal Care > Hair Care > Hair Color,Cream,Loreal Darkest Brown Casting Creme Gloss 300,Default Title,Loreal,3600523327621,loreal-darkest-brown-casting-creme-gloss-300-4,draft,7634470305857,42395224277057
LOHC001_5,Hair Color,Health & Beauty > Personal Care > Hair Care > Hair Color,Cream,Loreal Darkest Brown Casting Creme Gloss 300,Default Title,Loreal,3600521044865,loreal-darkest-brown-casting-creme-gloss-300-5,draft,7636611661889,42404633608257
LOHC001_6,Hair Color,Health & Beauty > Personal Care > Hair Care > Hair Color,Cream,Loreal Darkest Brown Casting Creme Gloss 300,Default Title,Loreal,3600521249864,loreal-darkest-brown-casting-creme-gloss-300-6,active,7730024546369,43145877553217
LOHC01_1,Hair Color,Health & Beauty > Personal Care > Hair Care > Hair Color,Liquid,Loreal Casting Cream Gloss Hair Color Deep Black 200,Default Title,Loreal,3600520987675,loreal-casting-cream-gloss-hair-color-deep-black-200,draft,7524679843905,42044337946689
LOHC01_2,Hair Color,Health & Beauty > Personal Care > Hair Care > Hair Color,Liquid,Loreal Casting Cream Gloss Hair Color Deep Black 200,Default Title,Loreal,3600520982472,loreal-casting-cream-gloss-hair-color-deep-black-200-2,draft,7544490131521,42096187015233
LOHC01_3,Hair Color,Health & Beauty > Personal Care > Hair Care > Hair Color,Liquid,Loreal Casting Cream Gloss Hair Color - Deep Black 200,Default Title,Loreal,3600521078402,loreal-casting-cream-gloss-hair-color-deep-black-200-3,draft,7539164872769,42081576779841
LOHC01_4,Hair Color,Health & Beauty > Personal Care > Hair Care > Hair Color,Liquid,Loreal Casting Cream Gloss Hair Color Deep Black 200,Default Title,Loreal,3600521372654,loreal-casting-cream-gloss-hair-color-deep-black-200-4,draft,7632233627713,42384678846529
LOHC01_5,Hair Color,Health & Beauty > Personal Care > Hair Care > Hair Color,Liquid,Loreal Casting Cream Gloss Hair Color Deep Black 200,Default Title,Loreal,3600521044841,loreal-casting-cream-gloss-hair-color-deep-black-200-5,active,7636617134145,42404644814913
LOHC01_6,Hair Color,Health & Beauty > Personal Care > Hair Care > Hair Color,Liquid,Loreal Casting Cream Gloss Hair Color Deep Black 200,Default Title,Loreal,3600521334720,loreal-casting-cream-gloss-hair-color-deep-black-200-6,active,7730012651585,43145798320193
LOHC01_7,Hair Color,Health & Beauty > Personal Care > Hair Care > Hair Color,,Loreal Casting Cream Gloss Hair Color Deep Black 200,Default Title,Loreal,3600520983776,loreal-casting-cream-gloss-hair-color-deep-black-200-7,active,7914421583937,43993482920001
LOHC02_1,Hair Color,Health & Beauty > Personal Care > Hair Care > Hair Color,Liquid,Loreal Casting Cream Gloss Hair Color - Braz Brown 400,Default Title,Loreal,3600520982519,loreal-casting-cream-gloss-hair-color-braz-brown-400,active,7489628438593,41918064558145
LOHC02_2,Hair Color,Health & Beauty > Personal Care > Hair Care > Hair Color,Liquid,Loreal Casting Cream Gloss Hair Color - Braz Brown 400,Default Title,Loreal,3600521078440,loreal-casting-cream-gloss-hair-color-braz-brown-400-2,draft,7544489050177,42096185409601
LOHC02_3,Hair Color,Health & Beauty > Personal Care > Hair Care > Hair Color,Liquid,Loreal Casting Cream Gloss Hair Color - Braz Brown 400,Default Title,Loreal,3600521044889,loreal-casting-cream-gloss-hair-color-braz-brown-400-3,draft,7632236052545,42384681533505
LOHC02_4,Hair Color,Health & Beauty > Personal Care > Hair Care > Hair Color,Liquid,Loreal Casting Cream Gloss Hair Color - Braz Brown 400,Default Title,Loreal,3600521334768,loreal-casting-cream-gloss-hair-color-braz-brown-400-4,active,7730014912577,43145814966337
LOHC15_1,Hair Color,Health & Beauty > Personal Care > Hair Care > Hair Color,Powder,Loreal Casting Creme Gloss Hair Colour,Default Title,Loreal,3600520982540,loreal-casting-creme-gloss-hair-colour,draft,7558866960449,42142931648577
LOHDM01_1,Cosmetics,Health & Beauty > Personal Care > Cosmetics,Cream,Loreal Elvive Dream Lengths Saviour Mask 300ml,Default Title,Loreal,3600523614035,loreal-elvive-dream-lengths-saviour-mask-300ml,draft,7489628471361,41918064590913
LOM09_1,Face Moisturizers,Health & Beauty > Personal Care > Cosmetics > Skin Care > Face Moisturizers,,Loreal Revitalift Day Cream Moisturizer SPF25 50ml,Default Title,Loreal,071249689158,loreal-revitalift-day-cream-moisturizer-spf25-50ml,draft,7528745631809,42055651786817
LOP01_1,Anti-Aging Skin Care,Health & Beauty > Personal Care > Cosmetics > Skin Care > Anti-Aging Skin Care,Lotion,Loreal Revitalift Triple Power Anti-Aging Lotion 50ml,Default Title,Loreal,071249396346,loreal-revitalift-triple-power-anti-aging-lotion-50ml,active,7489628504129,41918064623681
LOPG01_1,Face Moisturizers,Health & Beauty > Personal Care > Cosmetics > Skin Care > Face Moisturizers,Cream,Loreal Age Perfect Golden Age Rosy Re-Fortifying Day Cream 50ml,Default Title,Loreal,3600523216086,loreal-age-perfect-golden-age-rosy-re-fortifying-day-cream-50ml,active,7525993775169,42047994036289
LOPG02_1,Anti-Aging Skin Care,Health & Beauty > Personal Care > Cosmetics > Skin Care > Anti-Aging Skin Care,Cream,Loreal Age Perfect Golden Age Night Cream 50ml,Default Title,Loreal,3600523242641,loreal-age-perfect-golden-age-night-cream-50ml,active,7489628569665,41918064656449
LOPG03_1,Anti-Aging Skin Care,Health & Beauty > Personal Care > Cosmetics > Skin Care > Anti-Aging Skin Care,Cream,Loreal Age Perfect Golden Age Day Cream SPF20,Default Title,Loreal,3600523216093,loreal-age-perfect-golden-age-day-cream-spf20,active,7489628602433,41918064689217
LOPG03_2,Anti-Aging Skin Care,Health & Beauty > Personal Care > Cosmetics > Skin Care > Anti-Aging Skin Care,Cream,Loreal Age Perfect SPF 20 Re-Fortifying Day Cream 50ml,Default Title,Loreal,3600523216420,loreal-age-perfect-spf-20-re-fortifying-day-cream-50ml,active,7692930482241,43010506227777
LOPM01_1,Anti-Aging Skin Care,Health & Beauty > Personal Care > Cosmetics > Skin Care > Anti-Aging Skin Care,Cream,Loreal Men Expert Power Age Revitalizing 24HR Moisturizer 50ml,Default Title,Loreal,3600522022336,loreal-men-expert-power-age-revitalizing-24hr-moisturizer-50ml,active,7489628635201,41918064721985
LOPSH004_1,Hair Care,Health & Beauty > Personal Care > Hair Care,Cream,Loreal Hair SPA Hydrating Concentrate 8ml,Default Title,Loreal,6955818250946,loreal-hair-spa-hydrating-concentrate-8ml,draft,7489628667969,41918064754753
LOR01_1,Eye Creams,Health & Beauty > Personal Care > Cosmetics > Skin Care > Eye Creams,Cream,Loreal Golden Age Rosy Radiant Eye Cream 15ml,Default Title,Loreal,3600523718597,loreal-golden-age-rosy-radiant-eye-cream-15ml,draft,7489628700737,41918064787521
LOR010_1,Shampoo,Health & Beauty > Personal Care > Hair Care > Shampoo & Conditioner > Shampoo,Liquid,Loreal Elvive Extraordinary Coconut Oil Shampoo 250ml,Default Title,Loreal,3600524194444,loreal-elvive-extraordinary-coconut-oil-shampoo-250ml,active,7709750984769,43074605252673
LOR011_1,Conditioners,Health & Beauty > Personal Care > Hair Care > Shampoo & Conditioner > Conditioners,Liquid,Loreal Elvive Extraordinary Coconut Oil Conditioner 200ml,Default Title,Loreal,3600524194246,loreal-elvive-extraordinary-coconut-oil-conditioner-200ml,active,7709741744193,43074594111553
LOR011_2,Conditioners,Health & Beauty > Personal Care > Hair Care > Shampoo & Conditioner > Conditioners,Liquid,Loreal Paris Elseve Extraordinary Oil Coco Conditioner 200ml,Default Title,Loreal,3600523524761,loreal-paris-elseve-extraordinary-oil-coco-conditioner-200ml,active,7879002947649,43762993397825
LOR012_1,Shampoo,Health & Beauty > Personal Care > Hair Care > Shampoo & Conditioner > Shampoo,Liquid,Loreal Elvive Dream Long Vegetable Keratin Castor Oil Shampoo 250ml,Default Title,Loreal,3600524194468,loreal-elvive-dream-long-vegetable-keratin-castor-oil-shampoo-250ml,active,7714292203585,43088755359809
LOR013_1,Conditioners,Health & Beauty > Personal Care > Hair Care > Shampoo & Conditioner > Conditioners,Liquid,Loreal Elvive Dream Long Vegetable Keratin Castor Oil Conditioner 200ml,Default Title,Loreal,3600524194260,loreal-elvive-dream-long-vegetable-keratin-castor-oil-conditioner-200ml,draft,7714299772993,43088766468161
LOR014_1,Shampoo,Health & Beauty > Personal Care > Hair Care > Shampoo & Conditioner > Shampoo,Gel,Loreal Hyaluron Pure 72H Purifying Shampoo 375ml,Default Title,Loreal,071249698792,loreal-hyaluron-pure-72h-purifying-shampoo-375ml,active,7750898745409,43189165129793
LOR015_1,Conditioners,Health & Beauty > Personal Care > Hair Care > Shampoo & Conditioner > Conditioners,Cream,Loreal Hyaluron Pure 72H Rehydrating Conditioner 375ml,Default Title,Loreal,071249698808,loreal-hyaluron-pure-72h-rehydrating-conditioner-375ml,active,7750900842561,43189166735425
LOR016_1,Shampoo,Health & Beauty > Personal Care > Hair Care > Shampoo & Conditioner > Shampoo,Liquid,Loreal Color Radiance Protecting Shampoo 375ml,Default Title,Loreal,071249207277,loreal-color-radiance-protecting-shampoo-375ml,active,7750904741953,43189171880001
LOR017_1,Conditioners,Health & Beauty > Personal Care > Hair Care > Shampoo & Conditioner > Conditioners,Liquid,Loreal Color Radiance Protecting Conditioner 375ml,Default Title,Loreal,071249207284,loreal-color-radiance-protecting-conditioner-375ml,active,7750907330625,43189176565825
LOR018_1,Shampoo,Health & Beauty > Personal Care > Hair Care > Shampoo & Conditioner > Shampoo,Liquid,Loreal Smooth Intense Anti Frizz Shampoo 375ml,Default Title,Loreal,071249695272,loreal-smooth-intense-anti-frizz-shampoo-375ml,active,7750908706881,43189177974849
LOR019_1,Conditioners,Health & Beauty > Personal Care > Hair Care > Shampoo & Conditioner > Conditioners,Liquid,Loreal Smooth Intense Anti Frizz Conditioner 375ml,Default Title,Loreal,071249695289,loreal-smooth-intense-anti-frizz-conditioner-375ml,active,7750911197249,43189180366913
LOR02_1,Face Serums,Health & Beauty > Personal Care > Cosmetics > Skin Care > Face Serums,Serum,Loreal Revitalift Hydrating Smoothing Serum 30ml,Default Title,Loreal,No Barcode,loreal-revitalift-hydrating-smoothing-serum-30ml,draft,7489628733505,41918064820289
LOR020_1,Shampoo,Health & Beauty > Personal Care > Hair Care > Shampoo & Conditioner > Shampoo,Liquid,Loreal Volume Collagen Volumising Shampoo 375ml,Default Title,Loreal,071249265888,loreal-volume-collagen-volumising-shampoo-375ml,active,7750912049217,43189181087809
LOR021_1,Conditioners,Health & Beauty > Personal Care > Hair Care > Shampoo & Conditioner > Conditioners,Liquid,Loreal Volume Collagen Volumising Conditioner 375ml,Default Title,Loreal,071249265895,loreal-volume-collagen-volumising-conditioner-375ml,active,7750912409665,43189181677633
LOR022_1,Hair Color,Health & Beauty > Personal Care > Hair Care > Hair Color,,Loreal Excellence Creme Darkest Brown 3 Hair Dye,Default Title,Loreal,3600523749966,loreal-excellence-creme-darkest-brown-3-hair-dye,active,7755104682049,43203184951361
LOR022_2,Uncategorized,Uncategorized,,Loreal Excellence Creme Darkest Brown 3 Hair Dye,,Loreal,5601036205541,,,erp-LOR022_2,erp-LOR022_2
LOR023_1,Uncategorized,Uncategorized,,Loreal Excellence Creme Black 1 Hair Dye,,Loreal,5601036205534,,,erp-LOR023_1,erp-LOR023_1
LOR03_1,Eye Creams,Health & Beauty > Personal Care > Cosmetics > Skin Care > Eye Creams,Serum,Loreal Revitalift De-Puffing Eye Serum 20ml,Default Title,Loreal,6923700972122,loreal-revitalift-de-puffing-eye-serum-20ml,draft,7489628766273,41918064853057
LOR04_1,Anti-Aging Skin Care,Health & Beauty > Personal Care > Cosmetics > Skin Care > Anti-Aging Skin Care,Cream,Loreal Revitalift Derm Intensives Line Plumping Water Cream 50ml,Default Title,Loreal,071249664858,loreal-revitalift-derm-intensives-line-plumping-water-cream-50ml,draft,7489628799041,41918064885825
LOR05_1,Eye Creams,Health & Beauty > Personal Care > Cosmetics > Skin Care > Eye Creams,Cream,Loreal Revitalift Volume Filler Replumping Eye Cream 15ml,Default Title,Loreal,3600523824656,loreal-revitalift-volume-filler-replumping-eye-cream-15ml,draft,7489628831809,41918064918593
LOR06_1,Anti-Aging Skin Care,Health & Beauty > Personal Care > Cosmetics > Skin Care > Anti-Aging Skin Care,Cream,Loreal Revitalift Triple Power LZR Night Cream 47ml,Default Title,Loreal,071249635865,loreal-revitalift-triple-power-lzr-night-cream-47ml,draft,7489628864577,41918064951361
LOR07_1,Face Serums,Health & Beauty > Personal Care > Cosmetics > Skin Care > Face Serums,Serum,Loreal Collagen Moisture Filler Moisture Bounce Serum 30ml,Default Title,Loreal,071249699638,loreal-collagen-moisture-filler-moisture-bounce-serum-30ml,active,7708462153793,43065547063361
LOR09_1,Anti-Aging Skin Care,Health & Beauty > Personal Care > Cosmetics > Skin Care > Anti-Aging Skin Care,Cream,Loreal Revitalift Intensive Restoring Day Cream 50ml,Default Title,Loreal,3600524079581,loreal-revitalift-intensive-restoring-day-cream-50ml,active,7524987994177,42045412081729
LOR09_2,Anti-Aging Skin Care,Health & Beauty > Personal Care > Cosmetics > Skin Care > Anti-Aging Skin Care,,Loreal Revitalift Intensive Restoring Day Cream 50ml,Default Title,Loreal,3600522319481,loreal-revitalift-intensive-restoring-day-cream-50ml-2,draft,7533588676673,42068194623553
LOR10_1,Anti-Aging Skin Care,Health & Beauty > Personal Care > Cosmetics > Skin Care > Anti-Aging Skin Care,,Loreal Revitalift Triple Power LZR Anti-Aging Moisturizer Fragrance Free 50ml,Default Title,Loreal,No Barcode,loreal-revitalift-triple-power-lzr-anti-aging-moisturizer-fragrance-free-50ml,draft,7544605540417,42096462102593
LOR11,Uncategorized,Uncategorized,,Loreal Paris Hair Expertise Density Booster Hair Serum 102ml,,,3600524217419,,,erp-LOR11,erp-LOR11
LOR11_1,Hair Loss Treatments,Health & Beauty > Personal Care > Hair Care > Hair Loss Treatments,Cream,Loreal Paris Hair Expertise Density Booster Hair Serum 102ml,Default Title,Loreal,3600524217419,loreal-paris-hair-expertise-density-booster-hair-serum-102ml,active,8053644460097,44472378556481
LOR12_1,Shampoo,Health & Beauty > Personal Care > Hair Care > Shampoo & Conditioner > Shampoo,Liquid,Loreal Paris Elvive Collagen Lifter Volumizing Shampoo 400ml,Default Title,Loreal,3600524251017,loreal-paris-elvive-collagen-lifter-volumizing-shampoo-400ml-1,active,8082236801089,44595798016065
LOR13_1,Conditioners,Health & Beauty > Personal Care > Hair Care > Shampoo & Conditioner > Conditioners,Cream,Loreal Elvive Collagen Lifter Fibre Densifying Conditioner 300ml,Default Title,Loreal,3600524250980,loreal-elvive-collagen-lifter-fibre-densifying-conditioner-300ml,active,8082272747585,44595867058241
LOR14_1,Hair Oils,Health & Beauty > Personal Care > Hair Care > Hair Treatments > Hair Oils,Oil,Loreal Paris Extraordinary Oil Coco Sublime Hair Perfector For Fine Hair 100ml,Default Title,Loreal,3600524234621,loreal-paris-extraordinary-oil-coco-sublime-hair-perfector-for-fine-hair-100ml,active,9046286630977,48935934263361
LOR15_1,Hair Serums,Health & Beauty > Personal Care > Hair Care > Hair Treatments > Hair Serums,Serum,Loreal Paris Hair Expertise Glycolic Gloss Leave In Hair Serum 130ml,Default Title,Loreal,071249701553,loreal-paris-hair-expertise-glycolic-gloss-leave-in-hair-serum-130ml,active,9046470688833,48936793014337
LOR16_1,Shampoo,Health & Beauty > Personal Care > Hair Care > Shampoo & Conditioner > Shampoo,Liquid,Loreal Paris Hair Expertise Density Booster Shampoo 200ml,Default Title,Loreal,3600524217396,loreal-paris-hair-expertise-density-booster-shampoo-200ml,active,9046496018497,48936927133761
LOR17_1,Conditioners,Health & Beauty > Personal Care > Hair Care > Shampoo & Conditioner > Conditioners,Liquid,Loreal Paris Hair Expertise Density Booster Conditioner 150ml,Default Title,Loreal,3600524217402,loreal-paris-hair-expertise-density-booster-conditioner-150ml,active,9046494871617,48936923103297
LOR22_1,Sunscreen,Health & Beauty > Personal Care > Cosmetics > Skin Care > Sunscreen,Cream,La Roche Posay Anthelions Dermo Kids Sunscreen SPF50 150ml,Default Title,La Roche-Posay,No Barcode,la-roche-posay-anthelions-dermo-kids-sunscreen-spf50-150ml,draft,7489628930113,41918064984129
LOR26_1,Sunscreen,Health & Beauty > Personal Care > Cosmetics > Skin Care > Sunscreen,Cream,La Roche-Posay Anthelios XL Sunscreen Lotion SPF60 150ml,Default Title,La Roche-Posay,3337875521147,la-roche-posay-anthelios-xl-sunscreen-lotion-spf60-150ml,draft,7489628962881,41918065016897
LORCC01_1,Anti-Aging Skin Care,Health & Beauty > Personal Care > Cosmetics > Skin Care > Anti-Aging Skin Care,Cream,Loreal Revitalift Vitamin C Brightening Cream 50ml,Default Title,Loreal,3600524175498,loreal-revitalift-vitamin-c-brightening-cream-50ml,draft,7545348063297,42098194382913
LORE001_1,Conditioners,Health & Beauty > Personal Care > Hair Care > Shampoo & Conditioner > Conditioners,LiquidGel,Loreal Elvive Dream Lengths Anti-split Ends Conditioner 375ml,Default Title,Loreal,071249383742,loreal-elvive-dream-lengths-anti-split-ends-conditioner-375ml,active,7637190115393,42407660617793
LORE0010_1,Conditioners,Health & Beauty > Personal Care > Hair Care > Shampoo & Conditioner > Conditioners,LiquidGel,Loreal Elvive Full Restore 5 Conditioner 300ml,Default Title,Loreal,3600524061449,loreal-elvive-full-restore-5-conditioner-300ml,active,7667366428737,42864555851841
LORE0010_2,Conditioners,Health & Beauty > Personal Care > Hair Care > Shampoo & Conditioner > Conditioners,Liquid,Loreal Elvive Full Restore 5 Conditioner 300ml,Default Title,Loreal,3600524162740,loreal-elvive-full-restore-5-conditioner-300ml-2,active,7897952649281,43917729431617
LORE0011_1,Conditioners,Health & Beauty > Personal Care > Hair Care > Shampoo & Conditioner > Conditioners,LiquidGel,Loreal Ever Pure Sulfate Free Thickening Conditioner 250ml,Default Title,Loreal,071249341339,loreal-ever-pure-sulfate-free-thickening-conditioner-250ml,active,7668483063873,42867906773057
LORE0012_1,Shampoo,Health & Beauty > Personal Care > Hair Care > Shampoo & Conditioner > Shampoo,LiquidGel,Loreal Ever Pure Sulfate Free Thickening Shampoo 250ml,Default Title,Loreal,071249341322,loreal-ever-pure-sulfate-free-thickening-shampoo-250ml,draft,7668484571201,42867927154753
LORE0013_1,Shampoo,Health & Beauty > Personal Care > Hair Care > Shampoo & Conditioner > Shampoo,LiquidGel,Loreal Ever Pure Sulfate Free Frizz Defy Shampoo 250ml,Default Title,Loreal,071249341308,loreal-ever-pure-sulfate-free-frizz-defy-shampoo-250ml,draft,7668482834497,42867906314305
LORE0014_1,Conditioners,Health & Beauty > Personal Care > Hair Care > Shampoo & Conditioner > Conditioners,LiquidGel,Loreal Ever Pure Sulfate Free Frizz Defy Conditioner 250ml,Default Title,Loreal,071249341315,loreal-ever-pure-sulfate-free-frizz-defy-conditioner-250ml,draft,7668474183745,42867878756417
LORE0015_1,Anti-Aging Skin Care,Health & Beauty > Personal Care > Cosmetics > Skin Care > Anti-Aging Skin Care,Cream,Loreal Collagen Expert Cream 50ml,Default Title,Loreal,3600524032609,loreal-collagen-expert-cream-50ml,active,7668484866113,42867927941185
LORE0016_1,Shampoo,Health & Beauty > Personal Care > Hair Care > Shampoo & Conditioner > Shampoo,LiquidGel,Loreal Elseve Total Repair 5 Repairing Shampoo 300ml,Default Title,Loreal,3600524138851,loreal-elseve-total-repair-5-repairing-shampoo-300ml,draft,7672092131393,42892441256001
LORE0017_1,Face Moisturizers,Health & Beauty > Personal Care > Cosmetics > Skin Care > Face Moisturizers,Cream,Loreal Revitalift Clinical Vitamin C UV Fluid Spf 50+ 50ml,Default Title,Loreal,3600524069698,loreal-revitalift-clinical-vitamin-c-uv-fluid-spf-50-50ml,draft,7673599066177,42904136122433
LORE0017_2,Face Moisturizers,Health & Beauty > Personal Care > Cosmetics > Skin Care > Face Moisturizers,Liquid,Loreal Revitalift Clinical Vitamin C UV Fluid Spf 50+ 50ml,Default Title,Loreal,3600524069650,loreal-revitalift-clinical-vitamin-c-uv-fluid-spf-50-50ml-2,active,7682865987649,42966498410561
LORE0018_1,Conditioners,Health & Beauty > Personal Care > Hair Care > Shampoo & Conditioner > Conditioners,Liquid,Loreal Ever Creme Deep Nourish Conditioner 250ml,Default Title,Loreal,071249341391,loreal-ever-creme-deep-nourish-conditioner-250ml,active,7675686453313,42917391368257
LORE0019_1,Anti-Aging Skin Care,Health & Beauty > Personal Care > Cosmetics > Skin Care > Anti-Aging Skin Care,Cream,Loreal Glycolic Bright Glowing Night Cream 50ml,Default Title,Loreal,3600524051037,loreal-glycolic-bright-glowing-night-cream-50ml-1,active,7675776925761,42918028378177
LORE002_1,Shampoo,Health & Beauty > Personal Care > Hair Care > Shampoo & Conditioner > Shampoo,LiquidGel,Loreal Elvive Dream Lengths Anti-split Ends Shampoo 375ml,Default Title,Loreal,071249383612,loreal-elvive-dream-lengths-anti-split-ends-shampoo-375ml,active,7637191327809,42407661862977
LORE0020_1,Shampoo,Health & Beauty > Personal Care > Hair Care > Shampoo & Conditioner > Shampoo,Liquid,Loreal Elvive Hyaluron Pure 72H Purifying Shampoo 385ml,Default Title,Loreal,071249680650,loreal-elvive-hyaluron-pure-72h-purifying-shampoo-385ml,draft,7681085440065,42955342708801
LORE0021_1,Shampoo,Health & Beauty > Personal Care > Hair Care > Shampoo & Conditioner > Shampoo,Liquid,Loreal Elvive Color Vive Protective Shampoo 400ml,Default Title,Loreal,3600524137755,loreal-elvive-color-vive-protective-shampoo-400ml,draft,7681197211713,42955842912321
LORE0022_1,Conditioners,Health & Beauty > Personal Care > Hair Care > Shampoo & Conditioner > Conditioners,Liquid,Loreal Elvive Color Vive Protective Conditioner 400ml,Default Title,Loreal,3600524142025,loreal-elvive-color-vive-protective-conditioner-400ml,draft,7681197768769,42955846418497
LORE0023_1,Conditioners,Health & Beauty > Personal Care > Hair Care > Shampoo & Conditioner > Conditioners,Liquid,Loreal Elvive Total Repair 5 Conditioner 400ml,Default Title,Loreal,3600524142421,loreal-elvive-total-repair-5-conditioner-400ml,draft,7681198096449,42955846746177
LORE0024_1,Shampoo,Health & Beauty > Personal Care > Hair Care > Shampoo & Conditioner > Shampoo,Liquid,Loreal Elvive Total Repair 5 Shampoo 400ml,Default Title,Loreal,3600524138790,loreal-elvive-total-repair-5-shampoo-400ml-1,draft,7681198456897,42955847172161
LORE0025_1,Anti-Aging Skin Care,Health & Beauty > Personal Care > Cosmetics > Skin Care > Anti-Aging Skin Care,Cream,Loreal Revitalift Hydrating SPF 30 Cream 50ml,Default Title,Loreal,3600522417026,loreal-revitalift-hydrating-spf-30-cream-50ml,draft,7682865692737,42966497951809
LORE0026_1,Shampoo,Health & Beauty > Personal Care > Hair Care > Shampoo & Conditioner > Shampoo,Liquid,Loreal Paris Elvive Collagen Lifter Volumizing Shampoo 250ml,Default Title,Loreal,3600524251123,loreal-paris-elvive-collagen-lifter-volumizing-shampoo-250ml,active,7860716175425,43707181301825
LORE0027_1,Uncategorized,Uncategorized,,Loreal Paris Elvive Collagen Lifter Balsamo Volumizzante Ultra-Leggero 200ml,,Loreal,3600524251338,,,erp-LORE0027_1,erp-LORE0027_1
LORE0028_1,Shampoo,Health & Beauty > Personal Care > Hair Care > Shampoo & Conditioner > Shampoo,LiquidGel,Loreal Elvive Fibralogy Volumizza Shampoo 250ml,Default Title,Loreal,3600524207212,loreal-elvive-fibralogy-volumizza-shampoo-250ml,active,7900291465281,43930625310785
LORE0029_1,Shampoo,Health & Beauty > Personal Care > Hair Care > Shampoo & Conditioner > Shampoo,LiquidGel,Loreal Elvive Extraordinary Jojoba Oil Shampoo 250ml,Default Title,Loreal,3600524194376,loreal-elvive-extraordinary-jojoba-oil-shampoo-250-ml,active,7900299460673,43930690093121
LORE003_1,Shampoo,Health & Beauty > Personal Care > Hair Care > Shampoo & Conditioner > Shampoo,Liquid,Loreal Elvive Anti Forfora Riequilibrante Shampoo 250ml,Default Title,Loreal,3600524194345,loreal-elvive-anti-forfora-riequilibrante-shampoo-250ml,active,7645450272833,42434700968001
LORE0030_1,Shampoo,Health & Beauty > Personal Care > Hair Care > Shampoo & Conditioner > Shampoo,LiquidGel,Loreal Paris Total Repair Extreme Intense Restoring Shampoo 375ml,Default Title,Loreal,071249698815,loreal-paris-total-repair-extreme-intense-restoring-shampoo-375ml,active,7985533452353,44219441315905
LORE004_1,Shampoo,Health & Beauty > Personal Care > Hair Care > Shampoo & Conditioner > Shampoo,Liquid,Loreal Elvive Curly Oil Shampoo 250ml,Default Title,Loreal,3600524194420,loreal-elvive-curly-oil-shampoo-250ml,active,7645466067009,42434766340161
LORE005_1,Conditioners,Health & Beauty > Personal Care > Hair Care > Shampoo & Conditioner > Conditioners,Liquid,Loreal Paris Elvive Glycolic Gloss Conditioner 200ml,Default Title,Loreal,3600524230036,loreal-paris-elvive-glycolic-gloss-conditioner-200ml,active,7645473931329,42434790555713
LORE006_1,Shampoo,Health & Beauty > Personal Care > Hair Care > Shampoo & Conditioner > Shampoo,Liquid,Loreal Paris Elvive Glycolic Gloss Shampoo 250ml,Default Title,Loreal,3600524230715,loreal-paris-elvive-glycolic-gloss-shampoo-250ml,active,7645475504193,42434792554561
LORE007_1,Conditioners,Health & Beauty > Personal Care > Hair Care > Shampoo & Conditioner > Conditioners,Liquid,Loreal Elvive Curly Oil Conditioner 200ml,Default Title,Loreal,3600524194222,loreal-elvive-curly-oil-conditioner-200ml,active,7645467836481,42434771288129
LORE008_1,Face Moisturizers,Health & Beauty > Personal Care > Cosmetics > Skin Care > Face Moisturizers,Cream,Loreal Bright Reveal Dark Spot Hydrating Cream 50ml,Default Title,Loreal,071249701492,loreal-bright-reveal-dark-spot-hydrating-cream-50ml,active,7658255614017,42816437321793
LORE009_1,Face Serums,Health & Beauty > Personal Care > Cosmetics > Skin Care > Face Serums,LiquidGel,Loreal Revitalift Triple Power LZR Age Correcting Serum 30ml,Default Title,Loreal,3600524216542,loreal-revitalift-triple-power-lzr-age-correcting-serum-30ml,draft,7658259415105,42816445710401
LORE01_1,Anti-Aging Skin Care,Health & Beauty > Personal Care > Cosmetics > Skin Care > Anti-Aging Skin Care,Cream,Loreal Revitalift SPF 50 Hyaluron Anti Wrinkle Treatment 50ml,Default Title,Loreal,3600524076948,loreal-revitalift-spf-50-hyaluron-anti-wrinkle-treatment-50ml,active,7687825981505,42984454324289
LOS_01_1,Shampoo,Health & Beauty > Personal Care > Hair Care > Shampoo & Conditioner > Shampoo,Liquid,Loreal Elvive Hyaluron Plump Moisture Filling Shampoo 300ml,Default Title,Loreal,3600524034771,loreal-elvive-hyaluron-plump-moisture-filling-shampoo-300ml,draft,7489629028417,41918065049665
LOS006_1,Shampoo,Health & Beauty > Personal Care > Hair Care > Shampoo & Conditioner > Shampoo,Liquid,Loreal Elvive Fall Resist Reinforcing Shampoo 400ml,Default Title,Loreal,3610340649653,loreal-elvive-fall-resist-reinforcing-shampoo-400ml,active,7542281732161,42091213881409
LOS006_2,Shampoo,Health & Beauty > Personal Care > Hair Care > Shampoo & Conditioner > Shampoo,Liquid,Loreal Elvive Fall Resist Reinforcing Shampoo 400ml - France,Default Title,Loreal,3600524082383,loreal-elvive-fall-resist-reinforcing-shampoo-400ml-france,draft,7542281797697,42091213979713
LOST01_1,Hair Styling Products,Health & Beauty > Personal Care > Hair Care > Hair Styling Products,,Loreal Paris Studio Line Remix 24H Fibre Paste 150ml,Default Title,Loreal,065338058802,loreal-paris-studio-line-remix-24h-fibre-paste-150ml,draft,7528745009217,42055651459137
LOST02_1,Hair Styling Products,Health & Beauty > Personal Care > Hair Care > Hair Styling Products,Cream,Loreal Paris Studio Line MineralFX 24H Messy Look Paste 60ml,Default Title,Loreal,071249169582,loreal-paris-studio-line-mineralfx-24h-messy-look-paste-60ml,draft,7489629061185,41918065082433
LOST03_1,Face Moisturizers,Health & Beauty > Personal Care > Cosmetics > Skin Care > Face Moisturizers,Cream,Loreal Age Perfect Rosy Tone Day Cream SPF 30 50ml,Default Title,Loreal,071249395394,loreal-age-perfect-rosy-tone-day-cream-spf-30-50ml,active,7525050253377,42045663838273
LOST04_1,Face Moisturizers,Health & Beauty > Personal Care > Cosmetics > Skin Care > Face Moisturizers,Cream,Loreal Age Perfect Rosy Tone Moisturizer 50ml,Default Title,Loreal,No Barcode,loreal-age-perfect-rosy-tone-moisturizer-50ml,draft,7526381486145,42049098252353
LOST05_1,Hair Styling Products,Health & Beauty > Personal Care > Hair Care > Hair Styling Products,,Loreal Studio Line Indestructible Sculpting Wax 75ml,Default Title,Loreal,3600521822487,loreal-studio-line-indestructible-sculpting-wax-75ml,draft,7526441484353,42049402863681
LOT04_1,Uncategorized,Uncategorized,Cream,Lotus White Glow Whitening Gel Cream 35g,Default Title,Lotus,806360008041,lotus-white-glow-whitening-gel-cream-35g,draft,7489629093953,41918065115201
LOT04_2,Face Moisturizers,Health & Beauty > Personal Care > Cosmetics > Skin Care > Face Moisturizers,Cream,Lotus White Glow Whitening Gel Cream 35g,Default Title,Lotus,8909250004870,lotus-white-glow-whitening-gel-cream-35g-2,draft,7693787922497,43015029456961
LOT09_1,Face Moisturizers,Health & Beauty > Personal Care > Cosmetics > Skin Care > Face Moisturizers,Cream,Lotus White Glow Whitening Gel Cream 60g,Default Title,Lotus,806360320600,lotus-white-glow-whitening-gel-cream-60g,draft,7489629126721,41918065147969
LOT09_2,Face Moisturizers,Health & Beauty > Personal Care > Cosmetics > Skin Care > Face Moisturizers,Cream,Lotus White Glow Whitening Gel Cream 60g,Default Title,Lotus,8909250004368,lotus-white-glow-whitening-gel-cream-60g-2,draft,7687416381505,42983131480129
LOTA01_1,Lotions & Moisturizers,Health & Beauty > Personal Care > Cosmetics > Skin Care > Lotions & Moisturizers,,Loreal Triple Active Multi - Protection Day Moisturizer Dry and Sensitive Skin 50ml,Default Title,Loreal,3600521719640,loreal-triple-active-multi-protection-day-moisturizer-dry-and-sensitive-skin-50ml,draft,7544605966401,42096465707073
LOW05_1,Sunscreen,Health & Beauty > Personal Care > Cosmetics > Skin Care > Sunscreen,Cream,Loreal Wrinkle Expert Age Defense UV Lotion 55+ 50ml,Default Title,Loreal,071249419106,loreal-wrinkle-expert-age-defense-uv-lotion-55-50ml,active,7489629159489,41918065180737
LOWC01_1,Eye Creams,Health & Beauty > Personal Care > Cosmetics > Skin Care > Eye Creams,Cream,Loreal Wrinkle Expert 55+ Anti-Aging Eye Cream With Calcium 15ml,Default Title,Loreal,071249355404,loreal-wrinkle-expert-55-anti-aging-eye-cream-with-calcium-15ml,draft,7557946769473,42138532282433
LOWE002_1,Anti-Aging Skin Care,Health & Beauty > Personal Care > Cosmetics > Skin Care > Anti-Aging Skin Care,Cream,Loreal Wrinkle Expert Anti-Wrinkle Night Cream 55+ 50ml,Default Title,Loreal,3600523350148,loreal-wrinkle-expert-anti-wrinkle-night-cream-55-50ml,draft,7525072011329,42045787799617
LOWE002_2,Anti-Aging Skin Care,Health & Beauty > Personal Care > Cosmetics > Skin Care > Anti-Aging Skin Care,Cream,Loreal Wrinkle Expert Anti-Wrinkle Night Cream 55+ 50ml,Default Title,Loreal,3600523594023,loreal-wrinkle-expert-anti-wrinkle-night-cream-55-50ml-2,active,7533593722945,42068202520641
LOWE02_1,Anti-Aging Skin Care,Health & Beauty > Personal Care > Cosmetics > Skin Care > Anti-Aging Skin Care,Cream,Loreal Wrinkle Expert Anti Wrinkle Cream 55+ 50ml,Default Title,Loreal,071249318843,loreal-wrinkle-expert-anti-wrinkle-cream-55-50ml,active,7489629225025,41918065213505
LOWPF01_1,Facial Cleansers,Health & Beauty > Personal Care > Cosmetics > Skin Care > Facial Cleansers,Liquid,Loreal Aura Perfect Milky Foam Face Wash 100ml,Default Title,Loreal,8991380232148,loreal-aura-perfect-milky-foam-face-wash-100ml,active,7489629257793,41918065246273
LOX002_1,Hair Styling Products,Health & Beauty > Personal Care > Hair Care > Hair Styling Products,Serum,Loreal Dream Lengths Sleek Frizz Eraser Serum 100ml,Default Title,Loreal,3600523970902,loreal-dream-lengths-sleek-frizz-eraser-serum-100ml,active,7489629290561,41918065279041
LOX002_2,Hair Styling Products,Health & Beauty > Personal Care > Hair Care > Hair Styling Products,Serum,Loreal Dream Lengths Sleek Frizz Eraser Serum 100ml - Canada,Default Title,Loreal,3600523802456,loreal-dream-lengths-sleek-frizz-eraser-serum-100ml-canada,active,7544491016257,42096188325953
LOX002_3,Hair Styling Products,Health & Beauty > Personal Care > Hair Care > Hair Styling Products,Serum,Loreal Dream Lengths Sleek Frizz Eraser Serum 100ml - France,Default Title,Loreal,3600523800957,loreal-dream-lengths-sleek-frizz-eraser-serum-100ml-france,active,7587212886081,42242800451649
LR01_1,Conditioners,Health & Beauty > Personal Care > Hair Care > Shampoo & Conditioner > Conditioners,Liquid,Loreal Paris Elseve Dream Long Conditioner 200ml,Default Title,Loreal,3600524194260,loreal-paris-elseve-dream-long-conditioner-200ml,active,7991890673729,44248830771265
LRA05_1,Skin Care,Health & Beauty > Personal Care > Cosmetics > Skin Care,,Loreal Revitalift Triple Power LZR 1.9% Pure Hyaluronic Acid 1.3ml,Default Title,Loreal,3600523824113,loreal-revitalift-triple-power-lzr-1-9-pure-hyaluronic-acid-1-3ml,draft,7489629323329,41918065311809
LRBL01_1,Facial Cleansers,Health & Beauty > Personal Care > Cosmetics > Skin Care > Facial Cleansers,LiquidGel,Loreal Revitalift Exfoliating Exfoliant 3.5% Glycolic Acid 150ml,Default Title,Loreal,3600524175511,loreal-revitalift-exfoliating-exfoliant-3-5-glycolic-acid-150ml,draft,7573961506881,42202825785409
LREE01_1,Facial Cleansers,Health & Beauty > Personal Care > Cosmetics > Skin Care > Facial Cleansers,LiquidGel,Loreal Revitalift Hydrating Hydratant Cleanser 150ml,Default Title,Loreal,3600524175504,loreal-revitalift-hydrating-hydratant-cleanser-150ml,draft,7574031827009,42203223949377
LRF02_1,Facial Cleansers,Health & Beauty > Personal Care > Cosmetics > Skin Care > Facial Cleansers,,Loreal Revitalift Hydrating Gel Cleanser 100ml,Default Title,Loreal,8994993016013,loreal-revitalift-hydrating-gel-cleanser-100ml,draft,7528746385473,42055653687361
LRHH01_1,Facial Cleansers,Health & Beauty > Personal Care > Cosmetics > Skin Care > Facial Cleansers,LiquidGel,Loreal Revitalift Brightening Illuminateur Cleanser with Vitamin C + Salicylic Acid 150ml,Default Title,Loreal,3600524179779,loreal-revitalift-brightening-illuminateur-cleanser-with-vitamin-c-salicylic-acid-150ml,active,7573969272897,42202865500225
LRHN_1,Anti-Aging Skin Care,Health & Beauty > Personal Care > Cosmetics > Skin Care > Anti-Aging Skin Care,Cream,Loreal Revitalift Hydrating Anti Wrinkle Firming Night Cream 50ml,Default Title,Loreal,,loreal-revitalift-hydrating-anti-wrinkle-firming-night-cream-50ml,draft,7559803174977,42146369142849
LRHND_1,Anti-Aging Skin Care,Health & Beauty > Personal Care > Cosmetics > Skin Care > Anti-Aging Skin Care,Cream,Loreal Revitalift Hydrating Anti Wrinkle Firming Day Cream 50ml,Default Title,Loreal,5011408030501,loreal-revitalift-hydrating-anti-wrinkle-firming-day-cream-50ml,draft,7559804256321,42146371043393
LRHND_2,Anti-Aging Skin Care,Health & Beauty > Personal Care > Cosmetics > Skin Care > Anti-Aging Skin Care,Cream,Loreal Revitalift Hydrating Anti Wrinkle Firming Day Cream 50ml,Default Title,Loreal,3600522287339,loreal-revitalift-hydrating-anti-wrinkle-firming-day-cream-50ml-2,draft,7684466540609,42971143405633
LRL02_1,Eye Creams,Health & Beauty > Personal Care > Cosmetics > Skin Care > Eye Creams,Serum,Loreal Revitalift Hyaluronic Acid Eye Serum 20ml,Default Title,Loreal,071249635452,loreal-revitalift-hyaluronic-acid-eye-serum-20ml,active,7489629388865,41918065377345
LRL03_1,Face Serums,Health & Beauty > Personal Care > Cosmetics > Skin Care > Face Serums,Serum,Loreal Age Perfect Cell Renewal Midnight Serum 30ml,Default Title,Loreal,071249630167,loreal-age-perfect-cell-renewal-midnight-serum-30ml,active,7489629421633,41918065410113
LRL04_1,Anti-Aging Skin Care,Health & Beauty > Personal Care > Cosmetics > Skin Care > Anti-Aging Skin Care,Serum,Loreal Revitalift Wrinkle + Firming Serum 30ml,Default Title,Loreal,3600523676385,loreal-revitalift-wrinkle-firming-serum-30ml,active,7489629454401,41918065442881
LRL05_1,Face Serums,Health & Beauty > Personal Care > Cosmetics > Skin Care > Face Serums,Serum,Loreal Revitalift Glycolic Acid Serum 30ml,Default Title,Loreal,No Barcode,loreal-revitalift-glycolic-acid-serum-30ml,draft,7489629487169,41918065475649
LRLC01_1,Anti-Aging Skin Care,Health & Beauty > Personal Care > Cosmetics > Skin Care > Anti-Aging Skin Care,Cream,Loreal Revitalift Laser X3 Triple Action Anti-Aging Night Cream 50ml,Default Title,Loreal,3600522480228,loreal-revitalift-laser-x3-triple-action-anti-aging-night-cream-50ml,draft,7559800586305,42146365767745
LRM01_1,Face Moisturizers,Health & Beauty > Personal Care > Cosmetics > Skin Care > Face Moisturizers,Cream,Loreal Revitalift Anti Wrinkle Firming Moisturizer 48g,Default Title,Loreal,065338095579,loreal-revitalift-anti-wrinkle-firming-moisturizer-48g,active,7525977161793,42047913328705
LRM01_2,Face Moisturizers,Health & Beauty > Personal Care > Cosmetics > Skin Care > Face Moisturizers,Cream,Loreal Revitalift Anti Wrinkle Firming Moisturizer 48g - Indonesia,Default Title,Loreal,071249403907,loreal-revitalift-anti-wrinkle-firming-moisturizer-48g-indonesia,active,7544605081665,42096457121857
LRM02_1,Anti-Aging Skin Care,Health & Beauty > Personal Care > Cosmetics > Skin Care > Anti-Aging Skin Care,Cream,Loreal Revitalift Anti Wrinkle Firming Night Moisturizer 48g,Default Title,Loreal,071249104590,loreal-revitalift-anti-wrinkle-firming-night-moisturizer-48g,draft,7633376739393,42389923004481
LRM02_2,Face Moisturizers,Health & Beauty > Personal Care > Cosmetics > Skin Care > Face Moisturizers,,Loreal Revitalift Anti Wrinkle Firming Night Moisturizer 48g,Default Title,Loreal,065338095593,loreal-revitalift-anti-wrinkle-firming-night-moisturizer-48g-2,draft,7533596475457,42068207861825
LRT02_1,Eye Creams,Health & Beauty > Personal Care > Cosmetics > Skin Care > Eye Creams,Cream,Loreal Paris Dermo Expertise Eye Defense Cream 14g,Default Title,Loreal,065338212815,loreal-paris-dermo-expertise-eye-defense-cream-14g,active,7542251421761,42091113480257
LRT02_2,Eye Creams,Health & Beauty > Personal Care > Cosmetics > Skin Care > Eye Creams,Cream,Loreal Paris Dermo Expertise Eye Defense Cream 14g,Default Title,Loreal,071249721018,loreal-paris-dermo-expertise-eye-defense-cream-14g-2,draft,7544547442753,42096312156225
LRT05_1,Anti-Aging Skin Care,Health & Beauty > Personal Care > Cosmetics > Skin Care > Anti-Aging Skin Care,Serum,Loreal Revitalift Triple Power LZR 0.3% Pure Retinol Night Serum 30ml,Default Title,Loreal,071249419182,loreal-revitalift-triple-power-lzr-0-3-pure-retinol-night-serum-30ml,draft,7489629618241,41918065508417
LRT09_1,Eye Creams,Health & Beauty > Personal Care > Cosmetics > Skin Care > Eye Creams,Cream,Loreal Revitalift Triple Power LZR Anti-Aging Eye Cream 15ml,Default Title,Loreal,071249227923,loreal-revitalift-triple-power-lzr-anti-aging-eye-cream-15ml,draft,7489629651009,41918065541185
LUB01_1,Lotions & Moisturizers,Health & Beauty > Personal Care > Cosmetics > Skin Care > Lotions & Moisturizers,Lotion,Lubriderm Daily Moisture Lotion for Normal to Dry Skin 709ml,Default Title,Lubriderm,052800483286,lubriderm-daily-moisture-lotion-for-normal-to-dry-skin-709ml,draft,7489629683777,41918065573953
LVF01_1,Anti-Aging Skin Care,Health & Beauty > Personal Care > Cosmetics > Skin Care > Anti-Aging Skin Care,Cream,Loreal Revitalift Volume Filler Revolumizing Day Cream Moisturizer 48g,Default Title,Loreal,071249291788,loreal-revitalift-volume-filler-revolumizing-day-cream-moisturizer-48g,draft,7489629716545,41918065606721
LWE05_1,Uncategorized,Uncategorized,,Loreal Wrinkle Expert Anti-Wrinkle Moisturizer 45+ 50ml #1,,,71249318836,,,erp-LWE05_1,erp-LWE05_1
MA001_1,Amino Acids,Health & Beauty > Health Care > Fitness & Nutrition > Vitamins & Supplements > Amino Acids,Powder,Mammoth EAA Muscle Recovery Supplement 390g,Default Title,Mammoth,625486104280,mammoth-eaa-muscle-recovery-supplement-390g,draft,7539179159617,42081603584065
MA002_1,Vitamins & Supplements,Health & Beauty > Health Care > Fitness & Nutrition > Vitamins & Supplements,Powder,Mammoth Burn Accelerated Thermogenic Powder 240g,Default Title,Mammoth,625486104525,mammoth-burn-accelerated-thermogenic-powder-240g,draft,7534093140033,42068500021313
MA003_1,Vitamins & Supplements,Health & Beauty > Health Care > Fitness & Nutrition > Vitamins & Supplements,Powder,Mammoth Pump Pre-Workout Fruit Punch 270g,Default Title,Mammoth,625486103528,mammoth-pump-pre-workout-fruit-punch-270g,draft,7534092353601,42068491206721
MA004_1,Nutrition Drinks & Shakes,Health & Beauty > Health Care > Fitness & Nutrition > Nutrition Drinks & Shakes,Powder,Mammoth Pump Pre-Workout Blue Raspberry 270g,Default Title,Mammoth,625486103535,mammoth-pump-pre-workout-blue-raspberry-270g,draft,7591792705601,42255944253505
MAEP05_1,Uncategorized,Uncategorized,,Maestro Monochrome Pour Homme Eau De Parfum 100ml #1,,,6291106951554,,,erp-MAEP05_1,erp-MAEP05_1
MAMA01_1,Uncategorized,Uncategorized,Liquid,Mamado Rosemary Mint Scalp and Hair Growth Oil 150ml,Default Title,Mamado,5055675648816,mamado-rosemary-mint-scalp-and-hair-growth-oil-150ml,active,7489629749313,41918065639489
MAR01_1,Hair Styling Products,Health & Beauty > Personal Care > Hair Care > Hair Styling Products,Oil,Marc Anthony Argan Oil Dry Styling Oil 120ml,Default Title,Marc Anthony,621732300123,marc-anthony-argan-oil-dry-styling-oil-120ml,active,7791806971969,43555703324737
MBSS0112_1,Uncategorized,Uncategorized,,Maybelline Super Stay 24H Hybrid Powder Foundation - 112 #1,,,041554080940,,,erp-MBSS0112_1,erp-MBSS0112_1
MD001_1,Honey,"Food, Beverages & Tobacco > Food Items > Condiments & Sauces > Honey",Liquid,Manuka Doctor Manuka Honey Multifloral 40+ MGO 250g,Default Title,Manuka Doctor,9421027843660,manuka-doctor-manuka-honey-multifloral-40-mgo-250g,draft,7591867023425,42256167370817
MD002_1,Herbal Supplements,Health & Beauty > Health Care > Fitness & Nutrition > Vitamins & Supplements > Herbal Supplements,Liquid,Manuka Doctor Manuka Honey 500g,Default Title,Manuka Doctor,9421027843677,manuka-doctor-manuka-honey-500g,draft,7533818445889,42068403486785
MD003_1,Herbal Supplements,Health & Beauty > Health Care > Fitness & Nutrition > Vitamins & Supplements > Herbal Supplements,Liquid,Manuka Doctor Manuka Honey Monofloral UMF 6+/ MGO110 250g,Default Title,Manuka Doctor,9421027849426,manuka-doctor-manuka-honey-monofloral-umf-6-mgo110-250g,draft,7534089142337,42068480884801
ME001_1,Minerals,Health & Beauty > Health Care > Fitness & Nutrition > Vitamins & Supplements > Minerals,Tablets,Menopace Calcium 60 Tablets,Default Title,Menopace,5021265221226,menopace-calcium-60-tablets,draft,7591465648193,42254613807169
ME002_1,Multivitamin Supplements,Health & Beauty > Health Care > Fitness & Nutrition > Vitamins & Supplements > Multivitamin Supplements,Tablets,Menopace Original 30 Tablets,Default Title,Menopace,5021265221004,menopace-original-30-tablets,draft,7591465451585,42254613119041
MED0003_1,Face Serums,Health & Beauty > Personal Care > Cosmetics > Skin Care > Face Serums,Liquid,Medicube Hyaluronic Multi Peptide Serum 30ml,Default Title,Medicube,8800256119141,medicube-hyaluronic-multi-peptide-serum-30ml,active,7904838385729,43956583596097
MED006_1,Face Serums,Health & Beauty > Personal Care > Cosmetics > Skin Care > Face Serums,Serum,Medicube Glutathione Glow Serum 30g,Default Title,Medicube,8800256115174,medicube-glutathione-glow-serum-30g,active,7608314986561,42308724097089
MED007_1,Face Serums,Health & Beauty > Personal Care > Cosmetics > Skin Care > Face Serums,Serum,Medicube TXA Niacinamide 15 Serum 30ml,Default Title,Medicube,8800256119134,medicube-txa-niacinamide-15-serum-30ml,active,7608435802177,42308867686465
MED01_1,Face Serums,Health & Beauty > Personal Care > Cosmetics > Skin Care > Face Serums,Liquid,Medicube Collagen Glow Booster Serum 15ml,Default Title,Medicube,8809981339206,medicube-collagen-glow-booster-serum-15ml,active,7580964487233,42221918126145
MED010_1,Anti-Aging Skin Care,Health & Beauty > Personal Care > Cosmetics > Skin Care > Anti-Aging Skin Care,Cream,Medicube AGE-R Glutathione Glow Capsule Cream 50ml,Default Title,Medicube,8800240573188,medicube-age-r-glutathione-glow-capsule-cream-50ml,active,7711643598913,43080396374081
MED011_1,Toners,Health & Beauty > Personal Care > Cosmetics > Skin Care > Toners & Astringents > Toners,Liquid,Medicube AGE-R Glutathione Glow Toner 140ml,Default Title,Medicube,8800256114382,medicube-age-r-glutathione-glow-toner-140ml,active,7711644221505,43080399519809
MED012_1,Facial Cleansers,Health & Beauty > Personal Care > Cosmetics > Skin Care > Facial Cleansers,Liquid,Medicube Zero Foam Cleanser 120g,Default Title,Medicube,8800240575298,medicube-zero-foam-cleanser-120g,active,7711644647489,43080401616961
MED013_1,Skin Care Masks & Peels,Health & Beauty > Personal Care > Cosmetics > Skin Care > Skin Care Masks & Peels,,Medicube PDRN Pink Caffeine Night Wrapping Mask 75ml,Default Title,Medicube,8800289474774,medicube-pdrn-pink-caffeine-night-wrapping-mask-75ml,active,7754159554625,43201090650177
MED014_1,Skin Care Masks & Peels,Health & Beauty > Personal Care > Cosmetics > Skin Care > Skin Care Masks & Peels,,Medicube Zero Pore Blackhead Mud Mask 100g,Default Title,Medicube,8809960356767,medicube-zero-pore-blackhead-mud-mask-100g,active,7754222665793,43201238499393
MED014_2,Uncategorized,Uncategorized,,Medicube Zero Pore Blackhead Mud Mask 100g,,Medicube,8800289474880,,,erp-MED014_2,erp-MED014_2
MED015_1,Face Serums,Health & Beauty > Personal Care > Cosmetics > Skin Care > Face Serums,Serum,Medicube Azelaic Acid 16BB Calming Serum 30ml,Default Title,Medicube,8800256119318,medicube-azelaic-acid-16bb-calming-serum-30ml,active,7754225090625,43201270972481
MED016_1,Face Moisturizers,Health & Beauty > Personal Care > Cosmetics > Skin Care > Face Moisturizers,Cream,Medicube Triple Collagen Cream 50ml,Default Title,Medicube,8800256118977,medicube-triple-collagen-cream-50ml,active,7914430496833,43993498681409
MED017_1,Skin Care Masks & Peels,Health & Beauty > Personal Care > Cosmetics > Skin Care > Skin Care Masks & Peels,Liquid,Medicube Deep Vita C Pad 150g,Default Title,Medicube,8800289474972,medicube-deep-vita-c-pad-150g,active,7914429218881,43993495076929
MED018_1,Face Moisturizers,Health & Beauty > Personal Care > Cosmetics > Skin Care > Face Moisturizers,Cream,Medicube Kojic Acid Turmeric Vita Capsule Cream 53g,Default Title,Medicube,8800289479588,medicube-kojic-acid-turmeric-vita-capsule-cream-53g,active,7969310703681,44155119632449
MED019_1,Facial Cleansers,Health & Beauty > Personal Care > Cosmetics > Skin Care > Facial Cleansers,Oil,Medicube Zero Pore SA Clear Capsule Cleansing Foam 120g,Default Title,Medicube,8800256119226,medicube-zero-pore-sa-clear-capsule-cleansing-foam-120g,active,7981607747649,44206160773185
MED02_1,Skin Care Masks & Peels,Health & Beauty > Personal Care > Cosmetics > Skin Care > Skin Care Masks & Peels,Cream,Medicube Collagen Night Wrapping Mask 75ml,Default Title,Medicube,8800256113217,medicube-collagen-night-wrapping-mask-75ml,active,7580882862145,42221781319745
MED020_1,Face Serums,Health & Beauty > Personal Care > Cosmetics > Skin Care > Face Serums,Liquid,Medicube Deep Vita C Capsule Serum 30ml,Default Title,Medicube,8800289479977,medicube-deep-vita-c-capsule-serum-30ml,active,8058188038209,44488108179521
MED03_1,Face Serums,Health & Beauty > Personal Care > Cosmetics > Skin Care > Face Serums,Liquid,Medicube Collagen PDRN Pink Peptide Serum 30ml,Default Title,Medicube,8800256108053,medicube-collagen-pdrn-pink-peptide-serum-30ml,active,7580886597697,42221787578433
MED03_2,Face Serums,Health & Beauty > Personal Care > Cosmetics > Skin Care > Face Serums,Liquid,Medicube Collagen PDRN Pink Peptide Serum 30ml,Default Title,Medicube,8800289474989,medicube-collagen-pdrn-pink-peptide-serum-30ml-2,active,7927032053825,44043981291585
MED04_1,Face Moisturizers,Health & Beauty > Personal Care > Cosmetics > Skin Care > Face Moisturizers,Cream,Medicube Collagen Jelly Cream 110ml,Default Title,Medicube,8809982769903,medicube-collagen-jelly-cream-110ml,active,7580825813057,42221579567169
MED04_2,Face Moisturizers,Health & Beauty > Personal Care > Cosmetics > Skin Care > Face Moisturizers,Cream,Medicube Collagen Jelly Cream 110ml,Default Title,Medicube,8800256118991,medicube-collagen-jelly-cream-110ml-2,active,7914433183809,43993502056513
MED05_1,Sunscreen,Health & Beauty > Personal Care > Cosmetics > Skin Care > Sunscreen,Cream,Medicube Collagen Firming Sun Cream 50ml SPF 50 + PA++++ 50ml,Default Title,Medicube,8800240576608,medicube-collagen-firming-sun-cream-50ml-spf-50-pa-50ml,active,7580836298817,42221614923841
MED06_1,Face Serums,Health & Beauty > Personal Care > Cosmetics > Skin Care > Face Serums,Serum,Medicube Retinol NMN Boosting Serum 30ml,Default Title,Medicube,8800256119325,medicube-retinol-nmn-boosting-serum-30ml,active,7711636783169,43080090124353
MED07_1,Face Serums,Health & Beauty > Personal Care > Cosmetics > Skin Care > Face Serums,Serum,Medicube PDRN Pink Glutathione Serum Mist 100ml,Default Title,Medicube,8800256112432,medicube-pdrn-pink-glutathione-serum-mist-100ml,active,7711637176385,43080091140161
MED08_1,Skin Care Masks & Peels,Health & Beauty > Personal Care > Cosmetics > Skin Care > Skin Care Masks & Peels,Liquid,Medicube Kojic Acid Turmeric Night Wrapping Mask 75ml,Default Title,Medicube,8800256114580,medicube-kojic-acid-turmeric-night-wrapping-mask-75ml,active,7711642189889,43080365932609
MED08_2,Skin Care Masks & Peels,Health & Beauty > Personal Care > Cosmetics > Skin Care > Skin Care Masks & Peels,Gel,Medicube Kojic Acid Turmeric Night Wrapping Mask 75ml,Default Title,Medicube,8800289474859,medicube-kojic-acid-turmeric-night-wrapping-mask-75ml-2,active,8041718251585,44416559808577
MED09_1,Face Serums,Health & Beauty > Personal Care > Cosmetics > Skin Care > Face Serums,Serum,Medicube Kojic Acid Turmeric Niacinamide Serum 30ml,Default Title,Medicube,8800289477416,medicube-kojic-acid-turmeric-niacinamide-serum-30ml,active,7711643074625,43080393982017
MED10_1,Sunscreen,Health & Beauty > Personal Care > Cosmetics > Skin Care > Sunscreen,Cream,Medicube No Cast Just Glow Collagen Sunscreen SPF 50+ 50ml,Default Title,Medicube,8800289461552,medicube-no-cast-just-glow-collagen-sunscreen-spf-50-50ml,active,9046286270529,48935932428353
MEDI001_1,Anti-Aging Skin Care,Health & Beauty > Personal Care > Cosmetics > Skin Care > Anti-Aging Skin Care,Cream,Medicube PDRN Pink Collagen Capsule Cream 55g,Default Title,Medicube,8800256118885,medicube-pdrn-pink-collagen-capsule-cream-55g,active,7641793298497,42425927336001
MEDI001_2,Face Moisturizers,Health & Beauty > Personal Care > Cosmetics > Skin Care > Face Moisturizers,Cream,Medicube PDRN Pink Collagen Capsule Cream 55g,Default Title,Medicube,8800289467714,medicube-pdrn-pink-collagen-capsule-cream-55g-2,active,7985526669377,44219413200961
MEDI002_1,Face Moisturizers,Health & Beauty > Personal Care > Cosmetics > Skin Care > Face Moisturizers,Capsules,Medicube TXA Niacinamide Capsule Cream 55g,Default Title,Medicube,8800256119660,medicube-txa-niacinamide-capsule-cream-55g,active,7646339727425,42436757258305
MEDI003_1,Face Moisturizers,Health & Beauty > Personal Care > Cosmetics > Skin Care > Face Moisturizers,Capsules,Medicube Deep Vita C Capsule Cream 55g,Default Title,Medicube,8809982769866,medicube-deep-vita-c-capsule-cream-55g,active,7646345429057,42436767219777
MEDI003_2,Face Moisturizers,Health & Beauty > Personal Care > Cosmetics > Skin Care > Face Moisturizers,Capsules,Medicube Deep Vita C Capsule Cream 55g,Default Title,Medicube,8800256119011,medicube-deep-vita-c-capsule-cream-55g-2,active,7914431938625,43993500647489
MEDI004_1,Face Moisturizers,Health & Beauty > Personal Care > Cosmetics > Skin Care > Face Moisturizers,Cream,Medicube Hyaluronic Moisturizing Capsule Cream 55g,Default Title,Medicube,8800289477478,medicube-hyaluronic-moisturizing-capsule-cream-55g,active,7896771330113,43911446724673
MEL01_1,Skin Care Masks & Peels,Health & Beauty > Personal Care > Cosmetics > Skin Care > Skin Care Masks & Peels,,Melano CC Vitamin C Mask 20ml,Default Title,Melano CC,4987241188635,melano-cc-vitamin-c-mask-20ml,active,7857105436737,43697690509377
MEL02_1,Uncategorized,Uncategorized,Cream,Melano CC Rich Moisturising Cream 100g,Default Title,Melano CC,4987241173952,melano-cc-rich-moisturising-cream-100g,active,7857109401665,43697721606209
MEL03_1,Face Serums,Health & Beauty > Personal Care > Cosmetics > Skin Care > Face Serums,,Melano CC Spot Essence 20ml,Default Title,Melano CC,4987241173921,melano-cc-spot-essence-20ml,active,7857111629889,43697738678337
MFMP122_2,Uncategorized,Uncategorized,,Maybelline Fit Me Matte + Poreless Liquid Oil-Free Foundation 30ml - MFMP122 #2,,,41554553437,,,erp-MFMP122_2,erp-MFMP122_2
MG001_1,Minerals,Health & Beauty > Health Care > Fitness & Nutrition > Vitamins & Supplements > Minerals,Capsules,Microgenics Zinc Complete 120 Capsules,Default Title,Microgenics,9345156171183,microgenics-zinc-complete-120-capsules,draft,7771320483905,43260490154049
MIE02_1,Hair Care,Health & Beauty > Personal Care > Hair Care,Liquid,Mielle Rosemary Mint Scalp and Hair Strengthening Oil 59ml,Default Title,Mielle,850001265461,mielle-rosemary-mint-scalp-and-hair-strengthening-oil-59ml,active,7489629782081,41918065672257
MIE03_1,Shampoo,Health & Beauty > Personal Care > Hair Care > Shampoo & Conditioner > Shampoo,Liquid,Mielle Rosemary Mint Strengthening Shampoo 355ml,Default Title,Mielle,850001265492,mielle-rosemary-mint-strengthening-shampoo-355ml,active,7539180142657,42081604862017
MIE03_2,Shampoo,Health & Beauty > Personal Care > Hair Care > Shampoo & Conditioner > Shampoo,Liquid,Mielle Rosemary Mint Strengthening Shampoo 355ml,Default Title,Mielle,854102006770,mielle-rosemary-mint-strengthening-shampoo-355ml-2,draft,7539180273729,42081604993089
MIE04_1,Conditioners,Health & Beauty > Personal Care > Hair Care > Shampoo & Conditioner > Conditioners,Liquid,Mielle Rosemary Mint Strengthening Leave-In Conditioner 355ml,Default Title,Mielle,810135730082,mielle-rosemary-mint-strengthening-leave-in-conditioner-355ml,active,7489629847617,41918065705025
MIE04_2,Uncategorized,Uncategorized,,Mielle Rosemary Mint Strengthening Conditioner 355ml,,,810135730723,,,erp-MIE04_2,erp-MIE04_2
MIE05_1,Hair Care Kits,Health & Beauty > Personal Care > Hair Care > Hair Care Kits,Cream,Mielle Rosemary Mint Strengthening Hair Masque 340g,Default Title,Mielle,850001265478,mielle-rosemary-mint-strengthening-hair-masque-340g,active,7489629880385,41918065737793
MIE06_1,Uncategorized,Uncategorized,,Mielle Rosemary Mint Light Scalp and Hair Strengthening Oil 59ml,,Mielle,810135731027,,,erp-MIE06_1,erp-MIE06_1
MIE07_1,Hair Care,Health & Beauty > Personal Care > Hair Care,Cream,Mielle Rosemary Mint Strengthening Hair Masque 142g,Default Title,Mielle,810135730754,mielle-rosemary-mint-strengthening-hair-masque-142g,active,7558485180481,42140894789697
MIE08_1,Conditioners,Health & Beauty > Personal Care > Hair Care > Shampoo & Conditioner > Conditioners,Liquid,Mielle Rosemary Mint Strengthening Conditioner 355ml,Default Title,Mielle,810135730723,mielle-rosemary-mint-strengthening-conditioner-355ml,active,7591882948673,42256235331649
MIEL001_1,Hair Styling Products,Health & Beauty > Personal Care > Hair Care > Hair Styling Products,Cream,Mielle Pomegranate and Honey Coil Sculpting Custard 340g,Default Title,Mielle,850001265416,mielle-pomegranate-and-honey-coil-sculpting-custard-340g,active,7668469039169,42867849658433
MIEL002_1,Hair Styling Products,Health & Beauty > Personal Care > Hair Care > Hair Styling Products,LiquidGel,Mielle Pomegranate and Honey Curl Smoothie 355ml,Default Title,Mielle,850001265386,mielle-pomegranate-and-honey-curl-smoothie-355ml,draft,7668476510273,42867880722497
MIEL003_1,Conditioners,Health & Beauty > Personal Care > Hair Care > Shampoo & Conditioner > Conditioners,LiquidGel,Mielle Pomegranate and Honey Leave In Conditioner 355ml,Default Title,Mielle,850001265515,mielle-pomegranate-and-honey-leave-in-conditioner-355ml,draft,7668475396161,42867879837761
MLP001_1,Uncategorized,Uncategorized,,Maybelline New York Lifter Plump Gloss with Chili Pepper 5.4ml Blush Blaze #1,,,041554080704,,,erp-MLP001_1,erp-MLP001_1
MLP005_1,Uncategorized,Uncategorized,,Maybelline New York Lifter Plump Gloss with Chili Pepper 5.4ml Peach Fever #1,,,041554080711,,,erp-MLP005_1,erp-MLP005_1
MM002_1,Amino Acids,Health & Beauty > Health Care > Fitness & Nutrition > Vitamins & Supplements > Amino Acids,Tablets,Muscle Meds Carnivor Beef Aminos 300 Tablets,Default Title,Muscle Meds,891597002757,musclemeds-carnivor-beef-aminos-300-tablets,draft,7591901724737,42256335208513
MOT01_1,Shampoo,Health & Beauty > Personal Care > Hair Care > Shampoo & Conditioner > Shampoo,,Motions Active Moisture Lavish Shampoo 473ml,Default Title,Motions,802535332164,motions-active-moisture-lavish-shampoo-473ml,active,7848136343617,43665372282945
MOT02_1,Shampoo,Health & Beauty > Personal Care > Hair Care > Shampoo & Conditioner > Shampoo,,Motions Active Moisture Neutralizing Shampoo 473ml,Default Title,Motions,802535335165,motions-active-moisture-neutralizing-shampoo-473ml,active,7849597796417,43668244070465
MOT03_1,Conditioners,Health & Beauty > Personal Care > Hair Care > Shampoo & Conditioner > Conditioners,,Motions Active Moisture Plus Conditioner 473ml,Default Title,Motions,802535333161,motions-active-moisture-plus-conditioner-473ml,active,7849600221249,43668250329153
MSSMIL020_1,Uncategorized,Uncategorized,,Maybelline Super Stay Matte Ink Liquid Lipstick 5ml - MSSMIL020 #1,,,041554496925,,,erp-MSSMIL020_1,erp-MSSMIL020_1
MSSMIL118_1,Uncategorized,Uncategorized,,Maybelline Super Stay Matte Ink Liquid Lipstick 5ml - MSSMIL118 #1,,,041554554533,,,erp-MSSMIL118_1,erp-MSSMIL118_1
MSSMIL180_1,Uncategorized,Uncategorized,,Maybelline Super Stay Matte Ink Liquid Lipstick 5ml - MSSMIL180 #1,,,041554577846,,,erp-MSSMIL180_1,erp-MSSMIL180_1
MSSVL135_1,Uncategorized,Uncategorized,,Maybelline New York Super Stay Vinyl Ink Liquid Lipstick 4.2ml Fearless  #1,,,041554080445,,,erp-MSSVL135_1,erp-MSSVL135_1
MSSVL95_1,Uncategorized,Uncategorized,,Maybelline New York Super Stay Vinyl Ink Liquid Lipstick 4.2ml Captivated #1,,,41554080421,,,erp-MSSVL95_1,erp-MSSVL95_1
MT005_1,Herbal Supplements,Health & Beauty > Health Care > Fitness & Nutrition > Vitamins & Supplements > Herbal Supplements,Tablets,MuscleTech Alpha Test Testosterone Support 90 Caplets,Default Title,MuscleTech,631656322453,muscletech-alpha-test-testosterone-support-90-caplets,draft,7591849099329,42256122576961
MUST001_1,Baby Health,Baby & Toddler > Baby Health,Cream,Mustela Vitamin Barrier Skin Discomfort 1-2-3 Cream 100ml,Default Title,Mustela,3504105024932,mustela-vitamin-barrier-skin-discomfort-1-2-3-cream-100ml,draft,7638527672385,42413415202881
MUST002_1,Lotions & Moisturizers,Health & Beauty > Personal Care > Cosmetics > Skin Care > Lotions & Moisturizers,Cream,Mustela Maternite Stretch Marks Cream 3 In 1 250ml,Default Title,Mustela,3504105033798,mustela-maternite-stretch-marks-cream-3-in-1-250ml,draft,7638860988481,42415171174465
MUST003_1,Uncategorized,Uncategorized,Cream,Mustela Baume Allaitement Nursing Comfort Balm 30ml,Default Title,Mustela,3504105034481,mustela-baume-allaitement-nursing-comfort-balm-30ml,draft,7638865674305,42415179857985
MUST004_1,Baby Health,Baby & Toddler > Baby Health,Cream,Mustela Stelatopia+ Lipid Replenishing Cream 150ml,Default Title,Mustela,3504105039851,mustela-stelatopia-lipid-replenishing-cream-150ml,draft,7638866788417,42415182348353
MUST005_1,Baby Bathing,Baby & Toddler > Baby Bathing,Liquid,Mustela Baby Gentle Shampoo 200ml,Default Title,Mustela,3504105036126,mustela-baby-gentle-shampoo-200ml,draft,7638872293441,42415211151425
MUST006_1,Baby Bathing,Baby & Toddler > Baby Bathing,Liquid,Mustela Baby No Rinse Cleansing Water 300ml,Default Title,Mustela,3504105035815,mustela-baby-no-rinse-cleansing-water-300ml,draft,7638872555585,42415211413569
NAF05_1,Toners,Health & Beauty > Personal Care > Cosmetics > Skin Care > Toners & Astringents > Toners,Liquid,Neutrogena Alcohol Free Toner 150ml,Default Title,Neutrogena,8850007540212,neutrogena-alcohol-free-toner-150ml,active,7489629913153,41918065770561
NAN01_1,Face Serums,Health & Beauty > Personal Care > Cosmetics > Skin Care > Face Serums,,The Elf Nano White Dose Premium White Plus Serum 60ml,Default Title,The Elf,8859807900011,the-elf-nano-white-dose-premium-white-plus-serum-60ml,draft,7528149385281,42054268354625
NAS02_1,Acne Treatments & Kits,Health & Beauty > Personal Care > Cosmetics > Skin Care > Acne Treatments & Kits,Liquid,Neutrogena Acne Stress Control Face Wash 177ml,Default Title,Neutrogena,062600301130,neutrogena-acne-stress-control-face-wash-177ml,draft,7489629945921,41918065803329
NB001_1,Vitamins & Supplements,Health & Beauty > Health Care > Fitness & Nutrition > Vitamins & Supplements,Capsules,Natures Bounty Omega 3-6-9 200 Softgels,Default Title,Natures Bounty,029537276832,natures-bounty-omega-3-6-9-200-softgels,draft,7590809468993,42252683247681
NB003_1,Single Vitamins,Health & Beauty > Health Care > Fitness & Nutrition > Vitamins & Supplements > Single Vitamins,Gel,Natures Bounty Biotin 5000mcg 150 Softgels,Default Title,Natures Bounty,074312296192,natures-bounty-biotin-5000mcg-150-softgels,draft,7682453569601,42962742050881
NB004_1,Herbal Supplements,Health & Beauty > Health Care > Fitness & Nutrition > Vitamins & Supplements > Herbal Supplements,Tablets,Natures Bounty Advanced Collagen Formula With Vitamin C & Calcium 90 Tablets,Default Title,Natures Bounty,029537045995,natures-bounty-advanced-collagen-formula-with-vitamin-c-calcium-90-tablets,draft,7533601685569,42068224606273
NB005_1,Multivitamin Supplements,Health & Beauty > Health Care > Fitness & Nutrition > Vitamins & Supplements > Multivitamin Supplements,Tablets,"Natures Bounty Advanced Hair, Skin & Nails 90 Tablets",Default Title,Natures Bounty,029537000437,natures-bounty-advanced-hair-skin-nails-90-tablets,draft,7591859519553,42256151838785
NB006_1,Vitamins & Supplements,Health & Beauty > Health Care > Fitness & Nutrition > Vitamins & Supplements,Gel,Natures Bounty Hair Skin & Nails 180 Gummies,Default Title,Natures Bounty,029537323000,natures-bounty-hair-skin-nails-180-gummies,draft,7534090551361,42068486357057
NB007_1,Single Vitamins,Health & Beauty > Health Care > Fitness & Nutrition > Vitamins & Supplements > Single Vitamins,Capsules,Natures Bounty Co-Q10 100mg 60 Softgels,Default Title,Natures Bounty,029537511353,natures-bounty-co-q10-100mg-60-softgels,draft,7591822295105,42256045998145
NB008_1,Multivitamin Supplements,Health & Beauty > Health Care > Fitness & Nutrition > Vitamins & Supplements > Multivitamin Supplements,Gel,Natures Bounty Co-Q10 200mg 60 Softgels,Default Title,Natures Bounty,029537171397,natures-bounty-co-q10-200mg-60-softgels,draft,7539816071233,42083656237121
NB009_1,Single Vitamins,Health & Beauty > Health Care > Fitness & Nutrition > Vitamins & Supplements > Single Vitamins,Tablets,Natures Bounty Biotin 1000mcg 200 Tablets,Default Title,Natures Bounty,029537534895,natures-bounty-biotin-1000mcg-200-tablets,draft,7591805845569,42255976497217
NB010_1,Vitamins & Supplements,Health & Beauty > Health Care > Fitness & Nutrition > Vitamins & Supplements,,Natures Bounty Biotin 10000mcg 120 Softgels,Default Title,Natures Bounty,029537301602,natures-bounty-biotin-10000mcg-120-softgels,draft,7540583563329,42086360514625
NB011_1,Herbal Supplements,Health & Beauty > Health Care > Fitness & Nutrition > Vitamins & Supplements > Herbal Supplements,Capsules,Natures Bounty Ginkgo Biloba 120mg 100 Capsules,Default Title,Natures Bounty,029537045445,natures-bounty-ginkgo-biloba-120mg-100-capsules,draft,7535567339585,42073904611393
NB012_1,Vitamins & Supplements,Health & Beauty > Health Care > Fitness & Nutrition > Vitamins & Supplements,Tablets,Natures Bounty Time Release B-12 1500mcg 80 Tablets,Default Title,Natures Bounty,029537000239,natures-bounty-time-release-b-12-1500mcg-80-tablets,draft,7535554920513,42073811943489
NB013_1,Amino Acids,Health & Beauty > Health Care > Fitness & Nutrition > Vitamins & Supplements > Amino Acids,Tablets,Natures Bounty Time Release 5 - HTP 200mg 45 Tablets,Default Title,Natures Bounty,029537544269,natures-bounty-time-release-5-htp-200mg-45-tablets,draft,7591796080705,42255946088513
NB014_1,Vitamins & Supplements,Health & Beauty > Health Care > Fitness & Nutrition > Vitamins & Supplements,Capsules,Natures Bounty Biotin 10000mcg 150 Softgels,Default Title,Natures Bounty,029537322065,natures-bounty-biotin-10000mcg-150-softgels,draft,7535244836929,42071782326337
NB015_1,Herbal Supplements,Health & Beauty > Health Care > Fitness & Nutrition > Vitamins & Supplements > Herbal Supplements,Capsules,Natures Bounty Milk Thistle 1000mg 50 softgels,Default Title,Natures Bounty,029537019477,natures-bounty-milk-thistle-1000mg-50-softgels,draft,7591795392577,42255945957441
NB016_1,Vitamins & Supplements,Health & Beauty > Health Care > Fitness & Nutrition > Vitamins & Supplements,Gel,Natures Bounty Biotin 5000mcg 100 softgels,Default Title,Natures Bounty,029537296342,natures-bounty-biotin-5000mcg-100-softgels,draft,7539814137921,42083654664257
NB017_1,Vitamins & Supplements,Health & Beauty > Health Care > Fitness & Nutrition > Vitamins & Supplements,Gel,Natures Bounty Biotine 10000mcg 45 softgels,Default Title,Natures Bounty,029537792011,natures-bounty-biotine-10000mcg-45-softgels,draft,7539786776641,42083609083969
NB018_1,Vitamins & Supplements,Health & Beauty > Health Care > Fitness & Nutrition > Vitamins & Supplements,,Nature’s Bounty Omega-3 + Vitamin D3 Fish Oil 1200mg 90 Softgels,Default Title,Natures Bounty,029537194051,nature-s-bounty-omega-3-vitamin-d3-fish-oil-1200mg-90-softgels,draft,7759191703617,43220437860417
NC001_1,Collagen,Health & Beauty > Health Care > Fitness & Nutrition > Vitamins & Supplements > Collagen,Powder,Neocell Super Collagen Peptides 200g,Default Title,Neocell,016185400351,neocell-super-collagen-peptides-200g,draft,7590781616193,42252590743617
NC001_2,Collagen,Health & Beauty > Health Care > Fitness & Nutrition > Vitamins & Supplements > Collagen,Powder,Neocell Super Collagen Peptides 200g,Default Title,Neocell,016185019867,neocell-super-collagen-peptides-200g-2,draft,7591802503233,42255958409281
NC002_1,Collagen,Health & Beauty > Health Care > Fitness & Nutrition > Vitamins & Supplements > Collagen,Powder,Neocell Super Collagen + C 120 Tablets,Default Title,Neocell,016185400160,neocell-super-collagen-c-120-tablets,draft,7590803669057,42252666732609
NC003_1,Collagen,Health & Beauty > Health Care > Fitness & Nutrition > Vitamins & Supplements > Collagen,Powder,Neocell Marine Collagen 120 Capsules,Default Title,Neocell,016185400269,neocell-marine-collagen-120-capsules,draft,7590816022593,42252702744641
NC004_1,Collagen,Health & Beauty > Health Care > Fitness & Nutrition > Vitamins & Supplements > Collagen,Tablets,Neocell Super Collagen 270 Tablets,Default Title,Neocell,16185132627,neocell-super-collagen-270-tablets,draft,7489631158337,41918067048513
NC005_1,Collagen,Health & Beauty > Health Care > Fitness & Nutrition > Vitamins & Supplements > Collagen,Powder,Neocell Vegan Beauty Builder Collagen Alternative Powder Hibiscus Flavored 240g,Default Title,Neocell,016185132740,neocell-vegan-beauty-builder-collagen-alternative-powder-hibiscus-flavored-240g,draft,7590848495681,42252792758337
NC006_1,Collagen,Health & Beauty > Health Care > Fitness & Nutrition > Vitamins & Supplements > Collagen,Tablets,Neocell Collagen Beauty Builder 150 Tablets,Default Title,Neocell,016185129313,neocell-collagen-beauty-builder-150-tablets,draft,7589128634433,42247919927361
NC007_1,Collagen,Health & Beauty > Health Care > Fitness & Nutrition > Vitamins & Supplements > Collagen,Tablets,Neocell Super Collagen Vitamin C & Biotin 360 Tablets,Default Title,Neocell,016185129481,neocell-super-collagen-vitamin-c-biotin-360-tablets,draft,7539180601409,42081605353537
NC008_1,Collagen,Health & Beauty > Health Care > Fitness & Nutrition > Vitamins & Supplements > Collagen,Tablets,Neocell Super Collagen Vitamin C & Biotin 90 Tablets,Default Title,Neocell,016185129238,neocell-super-collagen-vitamin-c-biotin-90-tablets,draft,7590851051585,42252795740225
NC008_2,Collagen,Health & Beauty > Health Care > Fitness & Nutrition > Vitamins & Supplements > Collagen,Tablets,Neocell Super Collagen 90 Tablets,Default Title,Neocell,016185400399,neocell-super-collagen-90-tablets-2,draft,7489631092801,41918066982977
NC010_1,Collagen,Health & Beauty > Health Care > Fitness & Nutrition > Vitamins & Supplements > Collagen,Powder,Neocell Super Collagen with Aloe 300g,Default Title,Neocell,016185132726,neocell-super-collagen-with-aloe-300g,draft,7589143380033,42247939620929
NC011_1,Collagen,Health & Beauty > Health Care > Fitness & Nutrition > Vitamins & Supplements > Collagen,Powder,Neocell Rise & Renew Collagen Blood Orange Apricot Flavor 198g,Default Title,Neocell,016185131712,neocell-rise-renew-collagen-blood-orange-apricot-flavor-198g,draft,7533603651649,42068252885057
NC012_1,Collagen,Health & Beauty > Health Care > Fitness & Nutrition > Vitamins & Supplements > Collagen,Capsules,Neocell Marine Collagen Type 1 & 3 with Hyaluronic Acid 120 Capsules,Default Title,Neocell,016185129009,neocell-marine-collagen-type-1-3-with-hyaluronic-acid-120-capsules,draft,7591880032321,42256228089921
NC013_1,Protein Supplements,Health & Beauty > Health Care > Fitness & Nutrition > Vitamins & Supplements > Protein Supplements,Powder,Neocell Super Collagen Peptides Plus Unflavored Powder 406g,Default Title,Neocell,016185400245,neocell-super-collagen-peptides-plus-unflavored-powder-406g,draft,7539817513025,42083661054017
NC014_1,Collagen,Health & Beauty > Health Care > Fitness & Nutrition > Vitamins & Supplements > Collagen,Powder,Neocell Super Collagen Plus with Vitamin C & Hyaluronic Acid 195g,Default Title,Neocell,016185129580,neocell-super-collagen-plus-with-vitamin-c-hyaluronic-acid-195g,draft,7534018396225,42068472987713
NC015_1,Collagen,Health & Beauty > Health Care > Fitness & Nutrition > Vitamins & Supplements > Collagen,Powder,Neocell Collagen Beauty Infusion with Biotin Tangerine Flavor 330g,Default Title,Neocell,016185129436,neocell-collagen-beauty-infusion-with-biotin-tangerine-flavor-330g,draft,7591840317505,42256104980545
NC016_1,Collagen,Health & Beauty > Health Care > Fitness & Nutrition > Vitamins & Supplements > Collagen,Tablets,Neocell Super Collagen Vitamin C & Biotin 180 Tablets,Default Title,Neocell,016185132603,neocell-super-collagen-vitamin-c-biotin-180-tablets,draft,7534089928769,42068484915265
NC017_1,Collagen,Health & Beauty > Health Care > Fitness & Nutrition > Vitamins & Supplements > Collagen,Tablets,"Neocell Super Collagen + Vitamin C Type 1 & 3 for Skin, Hair, Nails & Joint Support 360 Tablets",Default Title,Neocell,016185130166,neocell-super-collagen-vitamin-c-type-1-3-for-skin-hair-nails-joint-support-360-tablets,draft,7590911115329,42253000572993
NC018_1,Hair Care,Health & Beauty > Personal Care > Hair Care,Capsules,"Neocell Keratin Hair Volumizer with Collagen, Amla and Vitamin C 60 Capsules",Default Title,Neocell,016185129290,neocell-keratin-hair-volumizer-with-collagen-amla-and-vitamin-c-60-capsules,draft,7590865895489,42252833751105
NC019_1,Collagen,Health & Beauty > Health Care > Fitness & Nutrition > Vitamins & Supplements > Collagen,Powder,Neocell Grassfed Collagen Peptides Unflavored 21.1 oz 600 G,Default Title,Neocell,016185132535,neocell-grassfed-collagen-peptides-unflavored-21-1-oz-600-g,draft,7654489948225,42730495606849
NC020_1,Single Vitamins,Health & Beauty > Health Care > Fitness & Nutrition > Vitamins & Supplements > Single Vitamins,Capsules,Neocell Hyaluronic Acid 125mg Daily Hydration 60 Vegan Capsules,Default Title,Neocell,016185129658,neocell-hyaluronic-acid-125mg-daily-hydration-60-vegan-capsules,draft,7719506837569,43104710623297
NC021_1,Collagen,Health & Beauty > Health Care > Fitness & Nutrition > Vitamins & Supplements > Collagen,Powder,"NeoCell Super Collagen Peptides, Collagen Type 1 & 3, Unflavored, 21.2 oz",Default Title,Neocell,016185132535,neocell-super-collagen-peptides-collagen-type-1-3-unflavored-21-2-oz,draft,7654292455489,42724071604289
NC022_1,Collagen,Health & Beauty > Health Care > Fitness & Nutrition > Vitamins & Supplements > Collagen,Tablets,Neocell Super Collagen Peptides 400g,Default Title,Neocell,016185129863,neocell-super-collagen-peptides-400g,draft,7654183043137,42718480465985
NC023_1,Collagen,Health & Beauty > Health Care > Fitness & Nutrition > Vitamins & Supplements > Collagen,Powder,Neocell Collagen Beauty Infusion with Biotin Cranberry Cocktail Flavor 330g,Default Title,Neocell,016185129429,neocell-collagen-beauty-infusion-with-biotin-cranberry-cocktail-flavor-330g,draft,7665174872129,42850649210945
NC024_1,Collagen,Health & Beauty > Health Care > Fitness & Nutrition > Vitamins & Supplements > Collagen,Tablets,Neocell Grassfed Collagen Peptides + Vitamin C 250 Tablets,Default Title,Neocell,016185128965,neocell-grassfed-collagen-peptides-vitamin-c-250-tablets,draft,7665245323329,42850825863233
NC025_1,Collagen,Health & Beauty > Health Care > Fitness & Nutrition > Vitamins & Supplements > Collagen,Tablets,NeoCell Marine Collagen Bio-Peptides + Hyaluronic Acid 180 Caplets,Default Title,Neocell,850068585496,neocell-marine-collagen-bio-peptides-hyaluronic-acid-180-caplets,draft,7681113260097,42955394121793
NC026_1,Collagen,Health & Beauty > Health Care > Fitness & Nutrition > Vitamins & Supplements > Collagen,,"NeoCell Hair, Skin & Nails Beauty Builder – Collagen, Biotin & Vitamin C 60 Gummies",Default Title,Neocell,016185132665,neocell-hair-skin-nails-beauty-builder-collagen-biotin-vitamin-c-60-gummies,draft,7681110016065,42955382947905
NC027_1,Collagen,Health & Beauty > Health Care > Fitness & Nutrition > Vitamins & Supplements > Collagen,Powder,Neocell Advance Collagen Peptides + Hyaluronic Acid & Vitamin C Unflavored Powder 390g,Default Title,Neocell,016185132559,neocell-advance-collagen-peptides-hyaluronic-acid-vitamin-c-unflavored-powder-390g,draft,7719556907073,43105611284545
NC028_1,Collagen,Health & Beauty > Health Care > Fitness & Nutrition > Vitamins & Supplements > Collagen,Tablets,Neocell Multi Collagen Advanced Beauty Series 120 Tablets,Default Title,Neocell,850068585052,neocell-multi-collagen-advanced-beauty-series-120-tablets,draft,7719556186177,43105609056321
NC029_1,Collagen,Health & Beauty > Health Care > Fitness & Nutrition > Vitamins & Supplements > Collagen,Powder,Neocell Advance Collagen Peptides + Hyaluronic Acid & Vitamin C Unflavored Powder 585g,Default Title,Neocell,016185132566,neocell-advance-collagen-peptides-hyaluronic-acid-vitamin-c-unflavored-powder-585g,draft,7719555268673,43105575534657
NC030_1,Collagen,Health & Beauty > Health Care > Fitness & Nutrition > Vitamins & Supplements > Collagen,Powder,Neocell Multi Collagen Advanced Beauty Series Unflavored Powder 255g,Default Title,Neocell,850068585090,neocell-multi-collagen-advanced-beauty-series-unflavored-powder-255g,draft,7719552155713,43105436172353
NC031_1,Collagen,Health & Beauty > Health Care > Fitness & Nutrition > Vitamins & Supplements > Collagen,Powder,Neocell Super Collagen Peptides Unflavored 21.1 oz 600 G,Default Title,Neocell,016185132597,neocell-super-collagen-peptides-unflavored-21-1-oz-600-g,draft,7755711676481,43206338805825
NC032_1,Collagen,Health & Beauty > Health Care > Fitness & Nutrition > Vitamins & Supplements > Collagen,Capsules,Neocell Glow Matrix Advanced Skin Hydrator 90 Veg Capsules,Default Title,Neocell,016185129559,neocell-glow-matrix-advanced-skin-hydrator-90-veg-capsules,draft,7755707580481,43206334677057
NC033_1,Collagen,Health & Beauty > Health Care > Fitness & Nutrition > Vitamins & Supplements > Collagen,Liquid,Neocell Liquid Collagen Peptides 473ml,Default Title,Neocell,016185132955,neocell-liquid-collagen-peptides-473ml,draft,7755709841473,43206337069121
NC034_1,Collagen,Health & Beauty > Health Care > Fitness & Nutrition > Vitamins & Supplements > Collagen,Powder,NeoCell Marine Collagen + Hyaluronic Acid + Vitamin C + MSM Powder 200g,Default Title,Neocell,016185132702,neocell-marine-collagen-hyaluronic-acid-vitamin-c-msm-powder-200g,draft,7788358008897,43546227802177
NC035_1,Collagen,Health & Beauty > Health Care > Fitness & Nutrition > Vitamins & Supplements > Collagen,Liquid,Neocell Liquid Hyaluronic Acid + Vitamin C 473ml,Default Title,Neocell,016185096653,neocell-liquid-hyaluronic-acid-vitamin-c-473ml,draft,7791037612097,43552146358337
NC037_1,Collagen,Health & Beauty > Health Care > Fitness & Nutrition > Vitamins & Supplements > Collagen,,NeoCell Hair Skin and Nails Strawberry Flavor 80 Gummies,Default Title,Neocell,850068585809,neocell-hair-skin-and-nails-strawberry-flavor-80-gummies,draft,7869392126017,43733718040641
NCB01_1,Face Moisturizers,Health & Beauty > Personal Care > Cosmetics > Skin Care > Face Moisturizers,Cream,Neutrogena Cellular Boost Night Cream 50ml,Default Title,Neutrogena,3574661476254,neutrogena-cellular-boost-night-cream-50ml,draft,7489629978689,41918065836097
NCB02_1,Lotions & Moisturizers,Health & Beauty > Personal Care > Cosmetics > Skin Care > Lotions & Moisturizers,Cream,Neutrogena Cellular Boost Day Cream 50ml,Default Title,Neutrogena,No Barcode,neutrogena-cellular-boost-day-cream-50ml,draft,7489630011457,41918065868865
NCB05_1,Sunscreen,Health & Beauty > Personal Care > Cosmetics > Skin Care > Sunscreen,Cream,Neutrogena Ultra Sheer Dry-Touch Sunscreen SPF60 88ml,Default Title,Neutrogena,062600380562,neutrogena-ultra-sheer-dry-touch-sunscreen-spf60-88ml,active,7489630044225,41918065901633
NCF03_1,Sunscreen,Health & Beauty > Personal Care > Cosmetics > Skin Care > Sunscreen,Cream,Neutrogena Clear Face Oil Free SPF 50 Sunscreen 88ml,Default Title,Neutrogena,062600380548,neutrogena-clear-face-oil-free-spf-50-sunscreen-88ml,draft,7489630109761,41918065967169
NCP01_1,Skin Care Masks & Peels,Health & Beauty > Personal Care > Cosmetics > Skin Care > Skin Care Masks & Peels,,Neutrogena Clear Pore Cleanser Mask 125ml,Default Title,Neutrogena,070501060001,neutrogena-clear-pore-cleanser-mask-125ml,draft,7528751071297,42055679836225
NCR01_1,Skin Care Masks & Peels,Health & Beauty > Personal Care > Cosmetics > Skin Care > Skin Care Masks & Peels,,Neutrogena Clear and Radiant face Scrub Vitamin C 150ml,Default Title,Neutrogena,3574661498430,neutrogena-clear-and-radiant-face-scrub-vitamin-c-150ml,draft,7544604328001,42096449290305
NCR03_1,Facial Cleansers,Health & Beauty > Personal Care > Cosmetics > Skin Care > Facial Cleansers,,Neutrogena Clear and Defend Face Scrub 2% Salicylic Acid 150ml,Default Title,Neutrogena,3574661332505,neutrogena-clear-and-defend-face-scrub-2-salicylic-acid-150ml,draft,7545242714177,42098017435713
NCS01_1,Facial Cleansers,Health & Beauty > Personal Care > Cosmetics > Skin Care > Facial Cleansers,Liquid,Neutrogena Clear and Soothe Mousse Cleanser 150ml,Default Title,Neutrogena,3574661527086,neutrogena-clear-and-soothe-mousse-cleanser-150ml,draft,7489630142529,41918065999937
NCS10_1,Facial Cleansers,Health & Beauty > Personal Care > Cosmetics > Skin Care > Facial Cleansers,Liquid,Neutrogena Spot Controlling Facial Scrub Oil Free 150ml,Default Title,Neutrogena,3574661332529,neutrogena-spot-controlling-facial-scrub-oil-free-150ml,draft,7489630208065,41918066065473
ND010_1,Uncategorized,Uncategorized,,Nivea Men Silver Protect Anti Perspirant 50ml,,Nivea,8999777004613,,,erp-ND010_1,erp-ND010_1
ND011_1,Uncategorized,Uncategorized,,Nivea Brightening Hijab Cool Deodorant Roll On 50ml,,Nivea,8999777017873,,,erp-ND011_1,erp-ND011_1
ND03_1,Anti-Perspirant,Health & Beauty > Personal Care > Deodorants & Anti-Perspirant > Anti-Perspirant,,Nivea Pearl and Beauty Deodorant 48H 50ml,Default Title,Nivea,4005808837359,nivea-pearl-and-beauty-deodorant-48h-50ml,draft,7489630240833,41918066098241
ND05_1,Uncategorized,Uncategorized,Liquid,Nivea Cool Kick Extra Dry Anti Perspirant 50ml,Default Title,Nivea,8999777004484,nivea-cool-kick-extra-dry-anti-perspirant-50ml,active,7489630273601,41918066131009
ND06_1,Uncategorized,Uncategorized,,Nivea Extra Brightening Vitamin C Anti Perspirant 50ml,,Nivea,8999777004163,,,erp-ND06_1,erp-ND06_1
ND07_1,Uncategorized,Uncategorized,,Nivea Hijab Active Bright & Dry Roll On Deodorant 50ml,,Nivea,8999777014209,,,erp-ND07_1,erp-ND07_1
ND08_1,Deodorants,Health & Beauty > Personal Care > Deodorants & Anti-Perspirant > Deodorants,,Nivea Black & White Invisible Clear Roll On Deodorant 50ml,Default Title,Nivea,8999777004354,nivea-black-white-invisible-clear-roll-on-deodorant-50ml,active,7877768347713,43759701491777
ND09_1,Lotions & Moisturizers,Health & Beauty > Personal Care > Cosmetics > Skin Care > Lotions & Moisturizers,,Nivea Extra Bright Silk Touch 50ml,Default Title,Nivea,8999777009281,nivea-extra-bright-silk-touch-50ml,active,7877768544321,43759701721153
ND11_1,Anti-Perspirant,Health & Beauty > Personal Care > Deodorants & Anti-Perspirant > Anti-Perspirant,,Nivea Dry Comfort 72h Anti Perspirant 50ml,Default Title,Nivea,8999777004194,nivea-dry-comfort-72h-anti-perspirant-50ml,draft,7621599068225,42344243888193
ND12_1,Face Serums,Health & Beauty > Personal Care > Cosmetics > Skin Care > Face Serums,,Nivea Extra Bright & Firm 50ml,Default Title,women,400508230518,nivea-extra-bright-firm-50ml,draft,7992838029377,44252642738241
ND13_1,Anti-Perspirant,Health & Beauty > Personal Care > Deodorants & Anti-Perspirant > Anti-Perspirant,Liquid,Nivea Fresh Energy Anti-Perspirant 50ml,Default Title,Nivea,No Barcode,nivea-fresh-energy-anti-perspirant-50ml,draft,7489630404673,41918066327617
ND14_1,Anti-Perspirant,Health & Beauty > Personal Care > Deodorants & Anti-Perspirant > Anti-Perspirant,Liquid,Nivea Cool Kick Anti Perspirant 50ml,Default Title,Nivea,4005900087973,nivea-cool-kick-anti-perspirant-50ml,draft,7489630437441,41918066360385
ND18_1,Deodorants,Health & Beauty > Personal Care > Deodorants & Anti-Perspirant > Deodorants,Liquid,Nivea Men Freshness Deodorant 50ml,Default Title,Nivea,No Barcode,nivea-men-freshness-deodorant-50ml,draft,7489630502977,41918066425921
ND20_1,Anti-Perspirant,Health & Beauty > Personal Care > Deodorants & Anti-Perspirant > Anti-Perspirant,Liquid,Nivea Black & White Invisible Clear Anti-Perspirant Roll-On 50ml,Default Title,Nivea,4005900035172,nivea-black-white-invisible-clear-anti-perspirant-roll-on-50ml,draft,7525080793153,42045861789761
ND25_1,Deodorants,Health & Beauty > Personal Care > Deodorants & Anti-Perspirant > Deodorants,Liquid,Nivea Brightening Happy Shave Vitamin C Deodorant 50ml,Default Title,Nivea,No Barcode,nivea-brightening-happy-shave-vitamin-c-deodorant-50ml,draft,7489630568513,41918066491457
ND26_1,Anti-Perspirant,Health & Beauty > Personal Care > Deodorants & Anti-Perspirant > Anti-Perspirant,Liquid,Nivea Extra Bright and Firm Vitamin C Deodorant 50ml,Default Title,Nivea,4005808230518,nivea-extra-bright-and-firm-vitamin-c-deodorant-50ml,active,7489630601281,41918066524225
ND27_1,Anti-Perspirant,Health & Beauty > Personal Care > Deodorants & Anti-Perspirant > Anti-Perspirant,Liquid,Nivea Men Brightening Anti-Perspirant 50ml,Default Title,Nivea,4005808304721,nivea-men-brightening-anti-perspirant-50ml,draft,7489630634049,41918066556993
ND28_1,Deodorants,Health & Beauty > Personal Care > Deodorants & Anti-Perspirant > Deodorants,Liquid,Nivea Men Deep Black Charcoal Deodorant 50ml,Default Title,Nivea,8999777014315,nivea-men-deep-black-charcoal-deodorant-50ml,active,7489630666817,41918066589761
ND29_1,Deodorants,Health & Beauty > Personal Care > Deodorants & Anti-Perspirant > Deodorants,Liquid,Nivea Men Deep MaxxTech Darkwood Stick Back Carbon 50ml,Default Title,Nivea,8999777010638,nivea-men-deep-maxxtech-darkwood-stick-back-carbon-50ml,active,7489630699585,41918066622529
ND30_1,Deodorants,Health & Beauty > Personal Care > Deodorants & Anti-Perspirant > Deodorants,Liquid,Nivea Men Cool Kick Extra Dry Freezy Green Deodorant 50ml,Default Title,Nivea,No Barcode,nivea-men-cool-kick-extra-dry-freezy-green-deodorant-50ml,draft,7489630732353,41918066655297
ND33_1,Deodorants,Health & Beauty > Personal Care > Deodorants & Anti-Perspirant > Deodorants,Liquid,Nivea Brightening Powder Vitamin C Deodorant 50ml,Default Title,Nivea,No Barcode,nivea-brightening-powder-vitamin-c-deodorant-50ml,draft,7489630765121,41918066688065
NDC02_1,Facial Cleansers,Health & Beauty > Personal Care > Cosmetics > Skin Care > Facial Cleansers,,Neutrogena Deep Clean Scrub 124ml,Default Title,Neutrogena,062600100788,neutrogena-deep-clean-scrub-124ml,draft,7528755068993,42055695401025
NE001_1,Face Moisturizers,Health & Beauty > Personal Care > Cosmetics > Skin Care > Face Moisturizers,Cream,Neutrogena Oil-Free Moisturizer Pink Grapefruit 118ml,Default Title,Neutrogena,062600963185,neutrogena-oil-free-moisturizer-pink-grapefruit-118ml,draft,7489630797889,41918066720833
NE006_1,Facial Cleansers,Health & Beauty > Personal Care > Cosmetics > Skin Care > Facial Cleansers,Liquid,Neutrogena Oil-Free Acne Wash Daily Scrub 125ml,Default Title,Neutrogena,062600300973,neutrogena-oil-free-acne-wash-daily-scrub-125ml,draft,7489630830657,41918066753601
NE006_2,Facial Cleansers,Health & Beauty > Personal Care > Cosmetics > Skin Care > Facial Cleansers,Liquid,Neutrogena Oil-Free Acne Wash Daily Scrub 125ml,Default Title,Neutrogena,070501028209,neutrogena-oil-free-acne-wash-daily-scrub-125ml-2,draft,7544537972801,42096298688577
NE007_1,Lip Balms,Health & Beauty > Personal Care > Cosmetics > Skin Care > Lip Balms & Treatments > Lip Balms,,Neutrogena Norwegian Formula SPF 20 Lip Care 4.8g,Default Title,Neutrogena,3574660571769,neutrogena-norwegian-formula-spf-20-lip-care-4-8g,draft,7544611569729,42096481239105
NE02_1,Facial Cleansers,Health & Beauty > Personal Care > Cosmetics > Skin Care > Facial Cleansers,Liquid,Neutrogena Oil Free Acne Wash Pink Grapefruit Facial Cleanser 177ml,Default Title,Neutrogena,,neutrogena-oil-free-acne-wash-pink-grapefruit-facial-cleanser-177ml,draft,7489630863425,41918066786369
NEBB01_1,Sunscreen,Health & Beauty > Personal Care > Cosmetics > Skin Care > Sunscreen,Cream,Neutrogena Bright Boost Gel Fluid SPF 30 50ml,Default Title,Neutrogena,3574661593838,neutrogena-bright-boost-gel-fluid-spf-30-50ml,draft,7489630896193,41918066819137
NEBB02_1,Skin Care Masks & Peels,Health & Beauty > Personal Care > Cosmetics > Skin Care > Skin Care Masks & Peels,,Neutrogena Bright Boost Polish 75ml,Default Title,Neutrogena,3574661592923,neutrogena-bright-boost-polish-75ml,draft,7539197280321,42081646837825
NEBB02_2,Skin Care Masks & Peels,Health & Beauty > Personal Care > Cosmetics > Skin Care > Skin Care Masks & Peels,,Neutrogena Bright Boost Polish 75ml,Default Title,Neutrogena,3574661594064,neutrogena-bright-boost-polish-75ml-2,draft,7539197444161,42081647198273
NEBB03_1,Face Serums,Health & Beauty > Personal Care > Cosmetics > Skin Care > Face Serums,Serum,Neutrogena Bright Boost Serum 30ml,Default Title,Neutrogena,3574661593067,neutrogena-bright-boost-serum-30ml,draft,7489630961729,41918066851905
NEBB04_1,Anti-Aging Skin Care,Health & Beauty > Personal Care > Cosmetics > Skin Care > Anti-Aging Skin Care,Cream,Neutrogena Bright Boost Gel Cream 50ml,Default Title,Neutrogena,3574661591537,neutrogena-bright-boost-gel-cream-50ml,draft,7489630994497,41918066884673
NEBB04_2,Anti-Aging Skin Care,Health & Beauty > Personal Care > Cosmetics > Skin Care > Anti-Aging Skin Care,Cream,Neutrogena Bright Boost Gel Cream 50ml,Default Title,Neutrogena,6290362050735,neutrogena-bright-boost-gel-cream-50ml-2,draft,7632684023873,42386941509697
NEBB05_1,Uncategorized,Uncategorized,Cream,Neutrogena Bright Boost Night Cream 50ml,Default Title,Neutrogena,3574661701561,neutrogena-bright-boost-night-cream-50ml,draft,7489631027265,41918066917441
NEBE02_1,Facial Cleansers,Health & Beauty > Personal Care > Cosmetics > Skin Care > Facial Cleansers,Liquid,Neutrogena Blackhead Eliminating Facial Scrub 150ml,Default Title,Neutrogena,3574661498478,neutrogena-blackhead-eliminating-facial-scrub-150ml,draft,7489631060033,41918066950209
NEC02_1,Uncategorized,Uncategorized,Cream,Neutrogena Clear and Defend Moisturizer 50ml,Default Title,Neutrogena,3574661332581,neutrogena-clear-and-defend-moisturizer-50ml,draft,7489631125569,41918067015745
NEC59_1,Eye Creams,Health & Beauty > Personal Care > Cosmetics > Skin Care > Eye Creams,Cream,Neutrogena Hydro Boost + Caffeine Eye Gel Cream 14g,Default Title,Neutrogena,062600501226,neutrogena-hydro-boost-caffeine-eye-gel-cream-14g,draft,7489631223873,41918067114049
NEDC01_1,Facial Cleansers,Health & Beauty > Personal Care > Cosmetics > Skin Care > Facial Cleansers,Liquid,Neutrogena Deep Clean Cream Cleanser 200g,Default Title,Neutrogena,062600410016,neutrogena-deep-clean-cream-cleanser-200g,draft,7489631256641,41918067146817
NEF02_1,Facial Cleansers,Health & Beauty > Personal Care > Cosmetics > Skin Care > Facial Cleansers,Liquid,Neutrogena Oil-free Acne Wash 269ml,Default Title,Neutrogena,062600960818,neutrogena-oil-free-acne-wash-269ml,draft,7542283534401,42091216371777
NEF02_2,Facial Cleansers,Health & Beauty > Personal Care > Cosmetics > Skin Care > Facial Cleansers,Liquid,Neutrogena Oil-free Acne Wash 269ml,Default Title,Neutrogena,070501017128,neutrogena-oil-free-acne-wash-269ml-2,draft,7542283632705,42091216437313
NEF05_1,Acne Treatments & Kits,Health & Beauty > Personal Care > Cosmetics > Skin Care > Acne Treatments & Kits,Liquid,Neutrogena Oil-Free Acne Wash 177ml,Default Title,Neutrogena,062600430182,neutrogena-oil-free-acne-wash-177ml,draft,7489631354945,41918067212353
NEF05_2,Uncategorized,Uncategorized,Liquid,Neutrogena Oil-Free Acne Wash 177ml,Default Title,Neutrogena,9300607379792,neutrogena-oil-free-acne-wash-177ml-2,draft,7544560484417,42096333094977
NEH01_1,Face Moisturizers,Health & Beauty > Personal Care > Cosmetics > Skin Care > Face Moisturizers,Gel,Neutrogena Hydro Boost Water Gel 50ml,Default Title,Neutrogena,3574661287201,neutrogena-hydro-boost-water-gel-50ml,active,7524693835841,42044389883969
NEH01_2,Face Moisturizers,Health & Beauty > Personal Care > Cosmetics > Skin Care > Face Moisturizers,Gel,Neutrogena Hydro Boost Water Gel 50ml - France,Default Title,Neutrogena,3574661309736,neutrogena-hydro-boost-water-gel-50ml-france,active,7533599293505,42068220149825
NEH01_3,Face Moisturizers,Health & Beauty > Personal Care > Cosmetics > Skin Care > Face Moisturizers,Gel,Neutrogena Hydro Boost Water Gel 50ml,Default Title,Neutrogena,3574661287263,neutrogena-hydro-boost-water-gel-50ml-3,active,7723513151553,43119962390593
NEH02_1,Uncategorized,Uncategorized,Cream,Neutrogena Hydro Boost Body Gel Cream 400ml,Default Title,Neutrogena,3574661391373,neutrogena-hydro-boost-body-gel-cream-400ml,draft,7489631420481,41918067245121
NEH06_1,Face Serums,Health & Beauty > Personal Care > Cosmetics > Skin Care > Face Serums,Serum,Neutrogena Hydro Boost Night Pressed Serum 48g,Default Title,Neutrogena,062600309280,neutrogena-hydro-boost-night-pressed-serum-48g,active,7489631453249,41918067277889
NEH07_1,Face Moisturizers,Health & Beauty > Personal Care > Cosmetics > Skin Care > Face Moisturizers,Cream,Neutrogena Hydro Boost Hyaluronic Acid Gel Cream 47ml,Default Title,Neutrogena,062600963215,neutrogena-hydro-boost-hyaluronic-acid-gel-cream-47ml,draft,7489631486017,41918067310657
NEH08_1,Face Moisturizers,Health & Beauty > Personal Care > Cosmetics > Skin Care > Face Moisturizers,Cream,Neutrogena Hydro Boost Gel Cream for Extra Dry Skin 50ml,Default Title,Neutrogena,062600963208,neutrogena-hydro-boost-gel-cream-for-extra-dry-skin-50ml,draft,7533603979329,42068256424001
NEH08_2,Face Moisturizers,Health & Beauty > Personal Care > Cosmetics > Skin Care > Face Moisturizers,Cream,Neutrogena Hydro Boost Gel Cream for Extra Dry Skin 50ml,Default Title,Neutrogena,062600633651,neutrogena-hydro-boost-gel-cream-for-extra-dry-skin-50ml-2,active,7525088952385,42045929455681
NEH08_3,Lotions & Moisturizers,Health & Beauty > Personal Care > Cosmetics > Skin Care > Lotions & Moisturizers,Gel,Neutrogena Hydro Boost Gel Cream for Extra Dry Skin 50ml,Default Title,Neutrogena,3574661287256,neutrogena-hydro-boost-gel-cream-for-extra-dry-skin-50ml-3,active,7905710145601,43960388386881
NEH09_1,Sunscreen,Health & Beauty > Personal Care > Cosmetics > Skin Care > Sunscreen,Lotion,Neutrogena Ultra Sheer Dry-Touch Sunscreen Lotion SPF 100 88ml,Default Title,Neutrogena,062600656827,neutrogena-ultra-sheer-dry-touch-sunscreen-lotion-spf-100-88ml,active,9046370189377,48936100266049
NEL09_1,Lotions & Moisturizers,Health & Beauty > Personal Care > Cosmetics > Skin Care > Lotions & Moisturizers,,Nivea Natural Glow Body Lotion SPF 15 400ml,Default Title,Nivea,4005900788962,nivea-natural-glow-body-lotion-spf-15-400ml,draft,7529015279681,42056805285953
NEN15_1,Face Serums,Health & Beauty > Personal Care > Cosmetics > Skin Care > Face Serums,Serum,Neutrogena Hydro Boost + Niacinamide Serum 29ml,Default Title,Neutrogena,062600501202,neutrogena-hydro-boost-niacinamide-serum-29ml,draft,7489631551553,41918067343425
NEO01_1,Facial Cleansers,Health & Beauty > Personal Care > Cosmetics > Skin Care > Facial Cleansers,Liquid,Neutrogena Oil Balancing Facial Wash 200ml,Default Title,Neutrogena,3574661073224,neutrogena-oil-balancing-facial-wash-200ml,active,7539210715201,42081690976321
NEO01_2,Facial Cleansers,Health & Beauty > Personal Care > Cosmetics > Skin Care > Facial Cleansers,,Neutrogena Oil Balancing Facial Wash 200ml,Default Title,Neutrogena,3574661039725,neutrogena-oil-balancing-facial-wash-200ml-2,draft,7525971427393,42047886327873
NER02_1,Face Moisturizers,Health & Beauty > Personal Care > Cosmetics > Skin Care > Face Moisturizers,Cream,Neutrogena Clear And Radiant Moisturizer 50ml,Default Title,Neutrogena,3574661497785,neutrogena-clear-and-radiant-moisturizer-50ml,draft,7489631649857,41918067408961
NERE01_1,Anti-Aging Skin Care,Health & Beauty > Personal Care > Cosmetics > Skin Care > Anti-Aging Skin Care,Serum,Neutrogena Rapid Wrinkle Repair Retinol Serum 29ml,Default Title,Neutrogena,062600964311,neutrogena-rapid-wrinkle-repair-retinol-serum-29ml,draft,7557946998849,42138532741185
NESL05_1,Sunscreen,Health & Beauty > Personal Care > Cosmetics > Skin Care > Sunscreen,,Neutrogena Hydro Boost Face Lotion Sunscreen SPF 50 85ml,Default Title,Neutrogena,9300607563436,neutrogena-hydro-boost-face-lotion-sunscreen-spf-50-85ml,draft,7528207024193,42054527221825
NETU001_1,Acne Treatments & Kits,Health & Beauty > Personal Care > Cosmetics > Skin Care > Acne Treatments & Kits,LiquidGel,Neutrogena Anti-Acne 2% Salicylic Acid Cleansing Gel 200ml,Default Title,Neutrogena,3574661553887,neutrogena-anti-acne-2-salicylic-acid-cleansing-gel-200ml,draft,7641782878273,42425908723777
NEU01_1,Sunscreen,Health & Beauty > Personal Care > Cosmetics > Skin Care > Sunscreen,Liquid,Neutrogena Ultra Sheer Face Liquid Mineral Sunscreen SPF 50+ 40ml,Default Title,Neutrogena,062600655004,neutrogena-ultra-sheer-face-liquid-mineral-sunscreen-spf-50-40ml,draft,7705105629249,43047658586177
NEU02_1,Face Moisturizers,Health & Beauty > Personal Care > Cosmetics > Skin Care > Face Moisturizers,Liquid,Neutrogena Collagen Bank Moisturizer 59ml,Default Title,Neutrogena,062600652812,neutrogena-collagen-bank-moisturizer-59ml,active,7705107759169,43047660683329
NEU03_1,Eye Creams,Health & Beauty > Personal Care > Cosmetics > Skin Care > Eye Creams,Cream,Neutrogena Collagen Bank Reviving Eye Gel Cream 14g,Default Title,Neutrogena,062600486325,neutrogena-collagen-bank-reviving-eye-gel-cream-14g,active,7708465561665,43065562693697
NEU03_2,Eye Creams,Health & Beauty > Personal Care > Cosmetics > Skin Care > Eye Creams,Cream,Neutrogena Collagen Bank Reviving Eye Gel Cream 15g,Default Title,Neutrogena,3574661864273,neutrogena-collagen-bank-reviving-eye-gel-cream-15g-2,active,7709014294593,43069436133441
NEU04_1,Face Serums,Health & Beauty > Personal Care > Cosmetics > Skin Care > Face Serums,Serum,Neutrogena Collagen Bank 15% Vitamin C Serum 14ml,Default Title,Neutrogena,062600486929,neutrogena-collagen-bank-15-vitamin-c-serum-14ml,active,7708466151489,43065564364865
NEU05_1,Face Moisturizers,Health & Beauty > Personal Care > Cosmetics > Skin Care > Face Moisturizers,Cream,Neutrogena Collagen Bank Moisturizing Cream 50ml,Default Title,Neutrogena,3574661840505,neutrogena-collagen-bank-moisturizing-cream-50ml,active,7708464054337,43065555222593
NEU06_1,Face Moisturizers,Health & Beauty > Personal Care > Cosmetics > Skin Care > Face Moisturizers,Lotion,Neutrogena Collagen Peptide Moisturizer SPF 30 59ml,Default Title,Neutrogena,062600652829,neutrogena-collagen-peptide-moisturizer-spf-30-59ml,active,7714315829313,43088788226113
NEU07_1,Facial Cleansers,Health & Beauty > Personal Care > Cosmetics > Skin Care > Facial Cleansers,Gel,Neutrogena Hydro Boost Hydrating Gel Cleanser 230ml,Default Title,Neutrogena,062600514776,neutrogena-hydro-boost-hydrating-gel-cleanser-230ml,draft,7714597961793,43090332057665
NEU07_2,Facial Cleansers,Health & Beauty > Personal Care > Cosmetics > Skin Care > Facial Cleansers,Gel,Neutrogena Hydro Boost Hydrating Gel Cleanser 230ml,Default Title,Neutrogena,062600514783,neutrogena-hydro-boost-hydrating-gel-cleanser-230ml-2,draft,7716135796801,43093053571137
NEUT001_1,Facial Cleansers,Health & Beauty > Personal Care > Cosmetics > Skin Care > Facial Cleansers,Gel,Neutrogena Fresh and Clear Face Wash with Vitamin C + 0.5% Salicylic Acid 200ml,Default Title,Neutrogena,3574661835570,neutrogena-fresh-and-clear-face-wash-with-vitamin-c-0-5-salicylic-acid-200ml,draft,7667367379009,42864558932033
NEUT001_2,Facial Cleansers,Health & Beauty > Personal Care > Cosmetics > Skin Care > Facial Cleansers,Gel,Neutrogena Fresh and Clear Face Wash with Vitamin C + 0.5% Salicylic Acid 200ml,Default Title,Neutrogena,3574661804118,neutrogena-fresh-and-clear-face-wash-with-vitamin-c-0-5-salicylic-acid-200ml-2,active,7763292454977,43232587382849
NEUT002_1,Face Moisturizers,Health & Beauty > Personal Care > Cosmetics > Skin Care > Face Moisturizers,Cream,Neutrogena Ultra Gentle Daily Facial Moisturizer SPF 30 100ml,Default Title,Neutrogena,062600652782,neutrogena-ultra-gentle-daily-facial-moisturizer-spf-30-100ml,active,7684537155649,42971645083713
NGA01_1,Anti-Aging Skin Care,Health & Beauty > Personal Care > Cosmetics > Skin Care > Anti-Aging Skin Care,Capsules,Neutrogena Retinol Serum 30 Capsules,Default Title,Neutrogena,062600433787,neutrogena-retinol-serum-30-capsules,draft,7489631682625,41918067441729
NGBL002_1,Lotions & Moisturizers,Health & Beauty > Personal Care > Cosmetics > Skin Care > Lotions & Moisturizers,Lotion,Neutrogena Norwegian All in Lotion Deep Moisture 400ml,Default Title,Neutrogena,3574661098937,neutrogena-norwegian-all-in-lotion-deep-moisture-400ml,draft,7489631715393,41918067474497
NGBL01_1,Lotions & Moisturizers,Health & Beauty > Personal Care > Cosmetics > Skin Care > Lotions & Moisturizers,Lotion,Neutrogena Norwegian Formula Visibly Renew Lotion 400ml,Default Title,Neutrogena,3574661200019,neutrogena-norwegian-formula-visibly-renew-lotion-400ml,draft,7489631748161,41918067507265
NGBL04_1,Lotions & Moisturizers,Health & Beauty > Personal Care > Cosmetics > Skin Care > Lotions & Moisturizers,Lotion,Neutrogena Norwegian Freg. Free Lotion Deep Moisture 400ml,Default Title,Neutrogena,3574661098531,neutrogena-norwegian-freg-free-lotion-deep-moisture-400ml,draft,7489631780929,41918067540033
NGCT01_1,Uncategorized,Uncategorized,Liquid,Neutrogena BlackHead Cleansing Toner 200ml,Default Title,Neutrogena,3574661500478,neutrogena-blackhead-cleansing-toner-200ml,active,7489631813697,41918067572801
NGFW01_1,Acne Treatments & Kits,Health & Beauty > Personal Care > Cosmetics > Skin Care > Acne Treatments & Kits,Liquid,Neutrogena Clear and Defend Facial Wash 200ml,Default Title,Neutrogena,3574661333564,neutrogena-clear-and-defend-facial-wash-200ml,active,7489631846465,41918067605569
NGFW02_1,Facial Cleansers,Health & Beauty > Personal Care > Cosmetics > Skin Care > Facial Cleansers,,Neutrogena Clear & Radiant Face Wash 200ml,Default Title,Neutrogena,3574660569759,neutrogena-clear-radiant-face-wash-200ml,draft,7528386134081,42055129038913
NGFW02_2,Uncategorized,Uncategorized,,Neutrogena Clear & Radiant Face Wash 200ml - USA,,Neutrogena,3574661186009,,,erp-NGFW02_2,erp-NGFW02_2
NGHBC01_1,Uncategorized,Uncategorized,Liquid,Neutrogena Hydro Boost Cleanser 200ml - Greece,Default Title,Neutrogena,3574661288345,neutrogena-hydro-boost-cleanser-200ml-greece,active,7489631912001,41918067638337
NGHBC01_2,Uncategorized,Uncategorized,Liquid,Neutrogena Hydro Boost Cleanser 200ml - France,Default Title,Neutrogena,3574661288352,neutrogena-hydro-boost-cleanser-200ml-france,active,7788195872833,43545448316993
NGTG01_1,Shampoo,Health & Beauty > Personal Care > Hair Care > Shampoo & Conditioner > Shampoo,Liquid,Neutrogena T-Gel Therapeutic Shampoo 250ml,Default Title,Neutrogena,5012716192004,neutrogena-t-gel-therapeutic-shampoo-250ml,active,7489631944769,41918067671105
NGW01_1,Face Moisturizers,Health & Beauty > Personal Care > Cosmetics > Skin Care > Face Moisturizers,Cream,Neutrogena Hydro Boost Gel Cream 50g,Default Title,Neutrogena,No Barcode,neutrogena-hydro-boost-gel-cream-50g,draft,7489631977537,41918067703873
NHB001_1,Uncategorized,Uncategorized,,Neutrogena Hydro Boost Hyaluronic Acid Serum 29ml,,Neutrogena,062600380159,,,erp-NHB001_1,erp-NHB001_1
NHB05_1,Sunscreen,Health & Beauty > Personal Care > Cosmetics > Skin Care > Sunscreen,Lotion,Neutrogena Hydro Boost Water gel Lotion SPF50 88ml,Default Title,Neutrogena,062600380326,neutrogena-hydro-boost-water-gel-lotion-spf50-88ml,active,7524965056577,42045346807873
NHB05_2,Sunscreen,Health & Beauty > Personal Care > Cosmetics > Skin Care > Sunscreen,Lotion,Neutrogena Hydro Boost Water gel Lotion SPF 50 88ml,Default Title,Neutrogena,070501113424,neutrogena-hydro-boost-water-gel-lotion-spf-50-88ml-2,draft,7544095834177,42095289696321
NHB06_1,Eye Creams,Health & Beauty > Personal Care > Cosmetics > Skin Care > Eye Creams,Cream,Neutrogena Hydro Boost Eye Gel Cream 14ml,Default Title,Neutrogena,062600963222,neutrogena-hydro-boost-eye-gel-cream-14ml,draft,7489632075841,41918067834945
NHB09_1,Lotions & Moisturizers,Health & Beauty > Personal Care > Cosmetics > Skin Care > Lotions & Moisturizers,Cream,Neutrogena Hydro Boost Body Gel Cream 453g,Default Title,Neutrogena,062600262943,neutrogena-hydro-boost-body-gel-cream-453g,draft,7489632108609,41918067867713
NHB10_1,Uncategorized,Uncategorized,Cream,Neutrogena Hydro Boost Gel Cream SPF25 47ml,Default Title,Neutrogena,062600283542,neutrogena-hydro-boost-gel-cream-spf25-47ml,draft,7489632141377,41918067900481
NHB11_1,Face Serums,Health & Beauty > Personal Care > Cosmetics > Skin Care > Face Serums,Serum,Neutrogena Hydro Boost Ultra Hydrating serum 29ml,Default Title,Neutrogena,062600632029,neutrogena-hydro-boost-ultra-hydrating-serum-29ml,active,7489632174145,41918067933249
NHB12_1,Lotions & Moisturizers,Health & Beauty > Personal Care > Cosmetics > Skin Care > Lotions & Moisturizers,Cream,Neutrogena Hydro Boost Hand Gel Cream 85g,Default Title,Neutrogena,062600262974,neutrogena-hydro-boost-hand-gel-cream-85g,draft,7489632206913,41918067966017
NHZ05_1,Sunscreen,Health & Beauty > Personal Care > Cosmetics > Skin Care > Sunscreen,Cream,Neutrogena Sheer Zinc Mineral Sunscreen SPF 50 59ml,Default Title,Neutrogena,062600964687,neutrogena-sheer-zinc-mineral-sunscreen-spf-50-59ml,draft,7489632272449,41918068031553
NI011_1,Lotions & Moisturizers,Health & Beauty > Personal Care > Cosmetics > Skin Care > Lotions & Moisturizers,Cream,Nivea Creme 150ml,Default Title,Nivea,056594010116,nivea-creme-150ml,draft,7489632305217,41918068064321
NID06_1,Sunscreen,Health & Beauty > Personal Care > Cosmetics > Skin Care > Sunscreen,Cream,Neutrogena Invisible Daily Defense Sunscreen SPF 50+ 88ml,Default Title,Neutrogena,062600629678,neutrogena-invisible-daily-defense-sunscreen-spf-50-88ml,draft,7489632337985,41918068097089
NID07_1,Sunscreen,Health & Beauty > Personal Care > Cosmetics > Skin Care > Sunscreen,,Neutrogena Invisible Daily Defense Face Serum Sunscreen SPF 50+ 50ml,Default Title,Neutrogena,062600635372,neutrogena-invisible-daily-defense-face-serum-sunscreen-spf-50-50ml,draft,7544559468609,42096330768449
NILD01_1,Lip Balms,Health & Beauty > Personal Care > Cosmetics > Skin Care > Lip Balms & Treatments > Lip Balms,Gel,Nivea Essential Lip Balm Duo Pack,Default Title,Nivea,056594850590,nivea-essential-lip-balm-duo-pack,draft,7489632370753,41918068129857
NILD02_1,Lip Balms,Health & Beauty > Personal Care > Cosmetics > Skin Care > Lip Balms & Treatments > Lip Balms,Gel,Nivea Hydro Care Lip Balm Duo Pack,Default Title,Nivea,072140000073,nivea-hydro-care-lip-balm-duo-pack,draft,7489632403521,41918068162625
NILD03_1,Lip Balms,Health & Beauty > Personal Care > Cosmetics > Skin Care > Lip Balms & Treatments > Lip Balms,,Nivea Pearly Shine Lip Balm Duo Pack,Default Title,Nivea,056594014091,nivea-pearly-shine-lip-balm-duo-pack,draft,7544610160705,42096476717121
NILD05_1,Lip Balms,Health & Beauty > Personal Care > Cosmetics > Skin Care > Lip Balms & Treatments > Lip Balms,,Nivea Sun Soleil Protection Lip Balm 4.8g,Default Title,Nivea,056594019065,nivea-sun-soleil-protection-lip-balm-4-8g,active,7544609767489,42096475635777
NIV01_1,Anti-Perspirant,Health & Beauty > Personal Care > Deodorants & Anti-Perspirant > Anti-Perspirant,,Nivea Men Black and White Invisible Fresh Anti-Perspirant 50ml,Default Title,Nivea,4005900371492,nivea-men-black-and-white-invisible-fresh-anti-perspirant-50ml,draft,7572234764353,42195344195649
NIV010_1,Anti-Perspirant,Health & Beauty > Personal Care > Deodorants & Anti-Perspirant > Anti-Perspirant,Liquid,Nivea Men Dry Impact AntiPerspirant Deodorant Roll On 50ml,Default Title,Nivea,4005808816101,nivea-men-dry-impact-antiperspirant-deodorant-roll-on-50ml,active,7701388394561,43034898694209
NIV011_1,Uncategorized,Uncategorized,,Nivea Men Black and White Invisible Anti-Perspirant 50ml,,Nivea,8999777004552,,,erp-NIV011_1,erp-NIV011_1
NIV012_1,Uncategorized,Uncategorized,,Nivea Men Dry Impact Deodorant 50ml,,Nivea,8999777007270,,,erp-NIV012_1,erp-NIV012_1
NIV02_1,Anti-Perspirant,Health & Beauty > Personal Care > Deodorants & Anti-Perspirant > Anti-Perspirant,,Nivea Female Protect and Care Anti-Perspirant 50ml,Default Title,Nivea,4005900242174,nivea-female-protect-and-care-anti-perspirant-50ml,draft,7572284670017,42195608338497
NIV03_1,Anti-Perspirant,Health & Beauty > Personal Care > Deodorants & Anti-Perspirant > Anti-Perspirant,,Nivea Black and White Invisible Clean Anti-Perspirant 50ml,Default Title,Nivea,4005900371584,nivea-black-and-white-invisible-clean-anti-perspirant-50ml,draft,7572293976129,42195680165953
NIV04_1,Anti-Perspirant,Health & Beauty > Personal Care > Deodorants & Anti-Perspirant > Anti-Perspirant,,Nivea Men Fresh Power Anti-Perspirant 50ml,Default Title,Nivea,4005808532452,nivea-men-fresh-power-anti-perspirant-50ml,draft,7572300234817,42195719651393
NIV05_1,Anti-Perspirant,Health & Beauty > Personal Care > Deodorants & Anti-Perspirant > Anti-Perspirant,,Nivea Men Deep Black Carbon Anti-Perspirant 50ml,Default Title,Nivea,4005900640741,nivea-men-deep-black-carbon-anti-perspirant-50ml,draft,7572325859393,42195968294977
NIV06_1,Anti-Perspirant,Health & Beauty > Personal Care > Deodorants & Anti-Perspirant > Anti-Perspirant,,Nivea Female Powder touch  Anti-Perspirant 50ml,Default Title,Nivea,4005808881918,nivea-female-powder-touch-anti-perspirant-50ml,draft,7572327530561,42195990577217
NIV07_1,Anti-Perspirant,Health & Beauty > Personal Care > Deodorants & Anti-Perspirant > Anti-Perspirant,,Nivea Female Natural Radiance Anti-Perspirant 50ml,Default Title,Nivea,42236474,nivea-female-natural-radiance-anti-perspirant-50ml,draft,7572328972353,42195997229121
NIV08_1,Anti-Perspirant,Health & Beauty > Personal Care > Deodorants & Anti-Perspirant > Anti-Perspirant,,Nivea Female Fresh Orange Anti-Perspirant 50ml,Default Title,Nivea,4005900728371,nivea-female-fresh-orange-anti-perspirant-50ml,draft,7572330348609,42196018593857
NIV09_1,Anti-Perspirant,Health & Beauty > Personal Care > Deodorants & Anti-Perspirant > Anti-Perspirant,,Nivea Men Fresh Ocean Anti-Perspirant 50ml,Default Title,Nivea,4005900477378,nivea-men-fresh-ocean-anti-perspirant-50ml,draft,7572331593793,42196029571137
NIVEA02_1,Lotions & Moisturizers,Health & Beauty > Personal Care > Cosmetics > Skin Care > Lotions & Moisturizers,Lotion,Nivea Q10+ Vitamin C Firming Body Lotion 400ml,Default Title,Nivea,4005808278350,nivea-q10-vitamin-c-firming-body-lotion-400ml,draft,7489632436289,41918068195393
NIVEAB01_1,Deodorants,Health & Beauty > Personal Care > Deodorants & Anti-Perspirant > Deodorants,Liquid,Nivea Men Black and White Invisible Deodorant 50ml,Default Title,Nivea,8999777010881,nivea-men-black-and-white-invisible-deodorant-50ml,draft,7489632469057,41918068228161
NIVEF01_1,Uncategorized,Uncategorized,Lotion,Nivea Extra White Firm and Smooth Q10 Body Lotion 400ml,Default Title,Nivea,4005900438959,nivea-extra-white-firm-and-smooth-q10-body-lotion-400ml,draft,7489632501825,41918068260929
NM001_1,Vitamins & Supplements,Health & Beauty > Health Care > Fitness & Nutrition > Vitamins & Supplements,Capsules,Nature Made Fish Oil 1200 Mg Softgels,Default Title,Nature Made,431604028525,nature-made-fish-oil-1200-mg-softgels,draft,7590857834561,42252811665473
NMF05_1,Sunscreen,Health & Beauty > Personal Care > Cosmetics > Skin Care > Sunscreen,Liquid,Neutrogena Mineral Invisible Daily Defense Face Liquid SPF30 40ml,Default Title,Neutrogena,062600621498,neutrogena-mineral-invisible-daily-defense-face-liquid-spf30-40ml,draft,7489632534593,41918068293697
NMF08_1,Facial Cleansers,Health & Beauty > Personal Care > Cosmetics > Skin Care > Facial Cleansers,Liquid,Nivea Men Protect and Care Face Wash 150ml,Default Title,Nivea,072140813529,nivea-men-protect-and-care-face-wash-150ml,draft,7489632567361,41918068326465
NMN05_1,Lotions & Moisturizers,Health & Beauty > Personal Care > Cosmetics > Skin Care > Lotions & Moisturizers,Cream,Nivea Men Face Moisturizer 75ml,Default Title,Nivea,056594888081,nivea-men-face-moisturizer-75ml,draft,7489632600129,41918068359233
NN001_1,Protein Supplements,Health & Beauty > Health Care > Fitness & Nutrition > Vitamins & Supplements > Protein Supplements,,New Nordic Hair Volume 30 Tablets,Default Title,New Nordic,741805747119,new-nordic-hair-volume-30-tablets,draft,7536829235265,42077918396481
NN002_1,Vitamins & Supplements,Health & Beauty > Health Care > Fitness & Nutrition > Vitamins & Supplements,Tablets,New Nordic Hair Gro 60 Tablets,Default Title,New Nordic,741805747317,new-nordic-hair-gro-60-tablets,draft,7533688422465,42068308721729
NN003_1,Herbal Supplements,Health & Beauty > Health Care > Fitness & Nutrition > Vitamins & Supplements > Herbal Supplements,Tablets,New Nordic Turmeric Mega 30 Tablets,Default Title,New Nordic,741805001723,new-nordic-turmeric-mega-30-tablets,draft,7539818758209,42083663151169
NN004_1,Vitamins & Supplements,Health & Beauty > Health Care > Fitness & Nutrition > Vitamins & Supplements,Tablets,New Nordic Active Liver 30 Coated Tablets,Default Title,New Nordic,741805919554,new-nordic-active-liver-30-coated-tablets,draft,7534094549057,42068509524033
NNR06_1,Anti-Aging Skin Care,Health & Beauty > Personal Care > Cosmetics > Skin Care > Anti-Aging Skin Care,Cream,Neutrogena Rapid Wrinkle Repair Retinol Regenerating Cream 48ml,Default Title,Neutrogena,062600964403,neutrogena-rapid-wrinkle-repair-retinol-regenerating-cream-48ml,draft,7542286286913,42091220074561
NNR06_2,Anti-Aging Skin Care,Health & Beauty > Personal Care > Cosmetics > Skin Care > Anti-Aging Skin Care,Cream,Neutrogena Rapid Wrinkle Repair Retinol Regenerating Cream 48ml,Default Title,Neutrogena,062600262509,neutrogena-rapid-wrinkle-repair-retinol-regenerating-cream-48ml-2,draft,7542286483521,42091220336705
NO001_1,Vitamins & Supplements,Health & Beauty > Health Care > Fitness & Nutrition > Vitamins & Supplements,Capsules,Natures Own Odourless Fish Oil 1000mg 500 Capsules,Default Title,Natures Own,9316090019565,natures-own-odourless-fish-oil-1000mg-500-capsules,draft,7751169179713,43190162620481
NO003_1,Vitamins & Supplements,Health & Beauty > Health Care > Fitness & Nutrition > Vitamins & Supplements,Capsules,Natures Own Odourless Fish Oil 1500mg 200 Capsules,Default Title,Natures Own,9316090015246,natures-own-odourless-fish-oil-1500mg-200-capsules,draft,7547582251073,42105676496961
NO004_1,Multivitamin Supplements,Health & Beauty > Health Care > Fitness & Nutrition > Vitamins & Supplements > Multivitamin Supplements,Tablets,"Natures Own Calcium, Magnesium & Vitamin D3 200 Tablets",Default Title,Natures Own,9316090024057,natures-own-calcium-magnesium-vitamin-d3-200-tablets,draft,7751175700545,43190192046145
NO005_1,Vitamins & Supplements,Health & Beauty > Health Care > Fitness & Nutrition > Vitamins & Supplements,Capsules,Natures Own Odourless Fish Oil 1500mg 500 Capsules,Default Title,Natures Own,9316090019558,natures-own-odourless-fish-oil-1500mg-500-capsules,draft,7754076422209,43200803733569
NO006_1,Collagen,Health & Beauty > Health Care > Fitness & Nutrition > Vitamins & Supplements > Collagen,Tablets,Natures Own Glucosamine Sulfate with Chondroitin 320 Tablets,Default Title,Natures Own,9316090019916,natures-own-glucosamine-sulfate-with-chondroitin-320-tablets,draft,7754076618817,43200808910913
NO11_1,Facial Cleansers,Health & Beauty > Personal Care > Cosmetics > Skin Care > Facial Cleansers,Liquid,Nivea Gentle Cream Wash 150ml,Default Title,Nivea,4005808668847,nivea-gentle-cream-wash-150ml,draft,7489632665665,41918068392001
NOA09_1,Acne Treatments & Kits,Health & Beauty > Personal Care > Cosmetics > Skin Care > Acne Treatments & Kits,Liquid,Neutrogena Oil-Free Acne Wash Cream Cleanser 200ml,Default Title,Neutrogena,062600430120,neutrogena-oil-free-acne-wash-cream-cleanser-200ml,draft,7489632698433,41918068424769
NOA10_1,Facial Cleansers,Health & Beauty > Personal Care > Cosmetics > Skin Care > Facial Cleansers,Liquid,Neutrogena Ultra Gentle Daily Cleanser with Pro-Vitamin B5 473ml,Default Title,Neutrogena,062600444837,neutrogena-ultra-gentle-daily-cleanser-with-pro-vitamin-b5-473ml,draft,7489632731201,41918068457537
NOA12_1,Face Moisturizers,Health & Beauty > Personal Care > Cosmetics > Skin Care > Face Moisturizers,,Neutrogena Daily Facial Moisturizer Fragrance Free 100ml,Default Title,Neutrogena,062600633583,neutrogena-daily-facial-moisturizer-fragrance-free-100ml,draft,7528754479169,42055695106113
NPM01_1,Uncategorized,Uncategorized,Cream,Neutrogena Rapid Firming Peptide Multi Action Eye Cream 15g,Default Title,Neutrogena,062600475527,neutrogena-rapid-firming-peptide-multi-action-eye-cream-15g,draft,7489633550401,41918069276737
NR011_1,Uncategorized,Uncategorized,Serum,Neutrogena Anti Aging Vitamin C serum 30 Capsules,Default Title,Neutrogena,062600385338,neutrogena-anti-aging-vitamin-c-serum-30-capsules,draft,7489633583169,41918069309505
NRA07_1,Uncategorized,Uncategorized,Liquid,Neutrogena Rapid Clear Stubborn Acne Cleanser 125ml,Default Title,Neutrogena,062600964915,neutrogena-rapid-clear-stubborn-acne-cleanser-125ml,draft,7489633615937,41918069342273
NRB01_1,Face Moisturizers,Health & Beauty > Personal Care > Cosmetics > Skin Care > Face Moisturizers,Cream,Neutrogena Retinol Boost Night Cream 50ml,Default Title,Neutrogena,3574661655499,neutrogena-retinol-boost-night-cream-50ml,draft,7563930861633,42161577951297
NRC01_1,Face Moisturizers,Health & Beauty > Personal Care > Cosmetics > Skin Care > Face Moisturizers,Cream,Neutrogena Rapid Wrinkle Repair Retinol Moisturizer SPF30 29ml,Default Title,Neutrogena,062600959898,neutrogena-rapid-wrinkle-repair-retinol-moisturizer-spf30-29ml,active,7489633648705,41918069375041
NRC02_1,Uncategorized,Uncategorized,Gel,Neutrogena Rapid Clear Stubborn Acne Spot Gel 28g,Default Title,Neutrogena,062600964052,neutrogena-rapid-clear-stubborn-acne-spot-gel-28g,draft,7489633681473,41918069407809
NRCM01_1,Facial Cleansers,Health & Beauty > Personal Care > Cosmetics > Skin Care > Facial Cleansers,LiquidGel,Nivea Rose Care Micellar 2 in 1 Cleanser and Toner with Organic Rose Water 200ml,Default Title,Nivea,4005900729958,nivea-rose-care-micellar-2-in-1-cleanser-and-toner-with-organic-rose-water-200ml,active,7551481741377,42117104271425
NRP01_1,Face Serums,Health & Beauty > Personal Care > Cosmetics > Skin Care > Face Serums,Serum,Neutrogena Rapid Wrinkle Repair Retinol Pro+ .5% Power Serum 30ml,Default Title,Neutrogena,062600443052,neutrogena-rapid-wrinkle-repair-retinol-pro-5-power-serum-30ml,draft,7489633714241,41918069440577
NRP02_1,Face Moisturizers,Health & Beauty > Personal Care > Cosmetics > Skin Care > Face Moisturizers,Cream,Neutrogena Rapid Wrinkle Repair Retinol Pro+ .3% Night Cream 48g,Default Title,Neutrogena,062600492371,neutrogena-rapid-wrinkle-repair-retinol-pro-3-night-cream-48g,draft,7489633747009,41918069473345
NRS01_1,Face Serums,Health & Beauty > Personal Care > Cosmetics > Skin Care > Face Serums,Serum,Neutrogena Rapid Firming Collagen Triple Lift Serum 30ml,Default Title,Neutrogena,062600475541,neutrogena-rapid-firming-collagen-triple-lift-serum-30ml,draft,7489633779777,41918069506113
NRS10_1,Face Moisturizers,Health & Beauty > Personal Care > Cosmetics > Skin Care > Face Moisturizers,Cream,Neutrogena Rapid Wrinkle Repair Retinol Night Moisturizer 29ml,Default Title,Neutrogena,062600959904,neutrogena-rapid-wrinkle-repair-retinol-night-moisturizer-29ml,draft,7489633812545,41918069538881
NRW06_1,Face Moisturizers,Health & Beauty > Personal Care > Cosmetics > Skin Care > Face Moisturizers,Oil,Neutrogena Rapid Wrinkle Repair 0.3% Retinol Oil 30ml,Default Title,Neutrogena,062600263001,neutrogena-rapid-wrinkle-repair-0-3-retinol-oil-30ml,draft,7489633845313,41918069571649
NS001_1,Multivitamin Supplements,Health & Beauty > Health Care > Fitness & Nutrition > Vitamins & Supplements > Multivitamin Supplements,Gel,Natures Way NutraSea Omega-3 Liquid Gels 60 Softgels,Default Title,Natures Way,880860004055,natures-way-nutrasea-omega-3-liquid-gels-60-softgels,draft,7533804421185,42068392837185
NS002_1,Vitamins & Supplements,Health & Beauty > Health Care > Fitness & Nutrition > Vitamins & Supplements,Capsules,Natures Way NutraSea Omega-3 Liquid Gels + Vitamin D 60 Softgels,Default Title,Natures Way,880860004086,natures-way-nutrasea-omega-3-liquid-gels-vitamin-d-60-softgels,draft,7534102347841,42068538196033
NS003_1,Multivitamin Supplements,Health & Beauty > Health Care > Fitness & Nutrition > Vitamins & Supplements > Multivitamin Supplements,Gel,Natures Way NutraSea Omega-3 Liquid Gels + Vitamin D 150 Softgels,Default Title,Natures Way,880860004161,natures-way-nutrasea-omega-3-liquid-gels-vitamin-d-150-softgels,draft,7528984215617,42056707604545
NSA01_1,Acne Treatments & Kits,Health & Beauty > Personal Care > Cosmetics > Skin Care > Acne Treatments & Kits,Lotion,Neutrogena Stubborn Acne Spot Drying Lotion 29ml,Default Title,Neutrogena,062600514790,neutrogena-stubborn-acne-spot-drying-lotion-29ml,draft,7489633878081,41918069604417
NSC03_1,Sunscreen,Health & Beauty > Personal Care > Cosmetics > Skin Care > Sunscreen,Cream,Neutrogena Ultra Sheer Dry-Touch Sunscreen SPF55 88ml,Default Title,Neutrogena,086800687900,neutrogena-ultra-sheer-dry-touch-sunscreen-spf55-88ml,draft,7489633910849,41918069637185
NSC04_1,Sunscreen,Health & Beauty > Personal Care > Cosmetics > Skin Care > Sunscreen,Cream,Neutrogena Ultra Sheer Face Sunscreen SPF60 88ml,Default Title,Neutrogena,062600380555,neutrogena-ultra-sheer-face-sunscreen-spf60-88ml,active,7489633943617,41918069669953
NSC09_1,Facial Cleansers,Health & Beauty > Personal Care > Cosmetics > Skin Care > Facial Cleansers,Liquid,Neutrogena Spot Controlling Facial Wash Oil Free 200ml,Default Title,Neutrogena,3574661333595,neutrogena-spot-controlling-facial-wash-oil-free-200ml,draft,7489633976385,41918069702721
NSGS01_1,Makeup Removers,Health & Beauty > Personal Care > Cosmetics > Skin Care > Makeup Removers,LiquidGel,Nivea Skin Glow Serum Infused Micellar Cleansing Water 5% Serum with Vitamins C and E 400ml,Default Title,Nivea,4006000068428,nivea-skin-glow-serum-infused-micellar-cleansing-water-5-serum-with-vitamins-c-and-e-400ml,active,7551464931393,42117042044993
NSM30_1,Sunscreen,Health & Beauty > Personal Care > Cosmetics > Skin Care > Sunscreen,Lotion,Neutrogena Mineral Ultra Sheer Dry-Touch Lotion SPF30 88ml,Default Title,Neutrogena,086800193708,neutrogena-mineral-ultra-sheer-dry-touch-lotion-spf30-88ml,draft,7489634009153,41918069735489
NSM30_2,Sunscreen,Health & Beauty > Personal Care > Cosmetics > Skin Care > Sunscreen,Lotion,Neutrogena Mineral Ultra Sheer Dry-Touch Lotion SPF30 88ml,Default Title,Neutrogena,062600433848,neutrogena-mineral-ultra-sheer-dry-touch-lotion-spf30-88ml-2,draft,7542253584449,42091117183041
NSN01_1,Skin Care Masks & Peels,Health & Beauty > Personal Care > Cosmetics > Skin Care > Skin Care Masks & Peels,,Neutrogena Hydro Boost Glycolic Acid Overnight Peel 94ml,Default Title,Neutrogena,062600501219,neutrogena-hydro-boost-glycolic-acid-overnight-peel-94ml,draft,7528763424833,42055725973569
NSP01_1,Uncategorized,Uncategorized,Gel,Nivea Soothing Post Shave Balm 100ml,Default Title,Nivea,072140813062,nivea-soothing-post-shave-balm-100ml,draft,7489634041921,41918069768257
NSP02_1,Uncategorized,Uncategorized,Gel,Nivea Men Sensitive Cool After Shave Balm 100ml,Default Title,Nivea,056594008663,nivea-men-sensitive-cool-after-shave-balm-100ml,draft,7489634074689,41918069801025
NSR01_1,Uncategorized,Uncategorized,,Neutrogena Sun Rescue After Sun Medicated Relief Gel 85g,Default Title,Neutrogena,062600479372,neutrogena-sun-rescue-after-sun-medicated-relief-gel-85g,draft,7489634107457,41918069833793
NSS01_1,Sunscreen,Health & Beauty > Personal Care > Cosmetics > Skin Care > Sunscreen,Cream,Neutrogena Ultra Sheer Dry-Touch Sunscreen SPF45 88ml,Default Title,Neutrogena,062600338952,neutrogena-ultra-sheer-dry-touch-sunscreen-spf45-88ml,draft,7489634140225,41918069866561
NST01_1,Facial Cleansers,Health & Beauty > Personal Care > Cosmetics > Skin Care > Facial Cleansers,Liquid,Neutrogena Stubborn Texture Liquid Exfoliating Treatment 127ml,Default Title,Neutrogena,062600621740,neutrogena-stubborn-texture-liquid-exfoliating-treatment-127ml,draft,7489634172993,41918069899329
NST02_1,Skin Care,Health & Beauty > Personal Care > Cosmetics > Skin Care,Cream,Neutrogena Stubborn Acne AM Treatment 56g,Default Title,Neutrogena,062600415615,neutrogena-stubborn-acne-am-treatment-56g,draft,7489634205761,41918069932097
NST05_1,Facial Cleansers,Health & Beauty > Personal Care > Cosmetics > Skin Care > Facial Cleansers,,Neutrogena Stubborn Texture Daily Cleanser 186ml,Default Title,Neutrogena,062600415608,neutrogena-stubborn-texture-daily-cleanser-186ml,draft,7529014657089,42056803582017
NT001_1,Vitamins & Supplements,Health & Beauty > Health Care > Fitness & Nutrition > Vitamins & Supplements,Capsules,Natures Way Odourless Fish Oil 1000mg 200 Capsules,Default Title,Natures Way,9314807006679,natures-way-odourless-fish-oil-1000mg-200-capsules,draft,7591889371201,42256257482817
NT003_1,Collagen,Health & Beauty > Health Care > Fitness & Nutrition > Vitamins & Supplements > Collagen,Tablets,Natures Way Beauty Collagen Mature Skin 120 Tablets,Default Title,Natures Way,9314807079963,natures-way-beauty-collagen-mature-skin-120-tablets,draft,7536819470401,42077906075713
NT004_1,Vitamins & Supplements,Health & Beauty > Health Care > Fitness & Nutrition > Vitamins & Supplements,Capsules,Natures Way Odourless Fish Oil 1500mg 200 Capsules,Default Title,Natures Way,9314807072292,natures-way-odourless-fish-oil-1500mg-200-capsules,draft,7536763895873,42077804625985
NT005_1,Vitamins & Supplements,Health & Beauty > Health Care > Fitness & Nutrition > Vitamins & Supplements,Capsules,Natures Way Odourless Fish Oil 1500mg 400 Capsules,Default Title,Natures Way,9314807023973,natures-way-odourless-fish-oil-1500mg-400-capsules,draft,7534104182849,42068539637825
NT006_1,Vitamins & Supplements,Health & Beauty > Health Care > Fitness & Nutrition > Vitamins & Supplements,Capsules,Natures Way Odourless Fish Oil 1000mg 450 Capsules,Default Title,Natures Way,9314807072285,natures-way-odourless-fish-oil-1000mg-450-capsules,draft,7591856537665,42256136667201
NT007_1,Uncategorized,Uncategorized,Liquid,Natures Way NutraSea Omega-3 Kids 200ml,Default Title,Natures Way,880860004307,natures-way-nutrasea-omega-3-kids-200ml,draft,7536710844481,42077733290049
NT008_1,Vitamins & Supplements,Health & Beauty > Health Care > Fitness & Nutrition > Vitamins & Supplements,Liquid,Natures Way NutraVege Plant Based Omega-3 200ml,Default Title,Natures Way,880860006141,natures-way-nutravege-plant-based-omega-3-200ml,draft,7535589261377,42074041647169
NT009_1,Vitamins & Supplements,Health & Beauty > Health Care > Fitness & Nutrition > Vitamins & Supplements,Powder,Natures Way NutraSea Omega-3 200ml,Default Title,Natures Way,850652000015,natures-way-nutrasea-omega-3-200ml,draft,7535576449089,42073957564481
NT010_1,Multivitamin Supplements,Health & Beauty > Health Care > Fitness & Nutrition > Vitamins & Supplements > Multivitamin Supplements,Liquid,Natures Way NutraSea Omega-3 500ml,Default Title,Natures Way,850652000046,natures-way-nutrasea-omega-3-500ml,draft,7534105591873,42068541112385
NT011_1,Vitamins & Supplements,Health & Beauty > Health Care > Fitness & Nutrition > Vitamins & Supplements,Capsules,Natures Way Wild Caught Fish Oil 1000mg 150 Soft Capsules,Default Title,Natures Way,9314807088729,natures-way-wild-caught-fish-oil-1000mg-150-soft-capsules,draft,7632657023041,42386858573889
NT012_1,Vitamins & Supplements,Health & Beauty > Health Care > Fitness & Nutrition > Vitamins & Supplements,Capsules,Natures Way Wild Caught Fish Oil 1500mg 120 Soft Capsules,Default Title,Natures Way,9314807088736,natures-way-wild-caught-fish-oil-1500mg-120-soft-capsules,draft,7632657907777,42386861785153
NT013_1,Multivitamin Supplements,Health & Beauty > Health Care > Fitness & Nutrition > Vitamins & Supplements > Multivitamin Supplements,Tablets,Natures Way Complete Daily Multivitamin with Antioxidants 200 Tablets,Default Title,Natures Way,9314807078621,natures-way-complete-daily-multivitamin-with-antioxidants-200-tablets,draft,7632659939393,42386864439361
NT014_1,Minerals,Health & Beauty > Health Care > Fitness & Nutrition > Vitamins & Supplements > Minerals,Tablets,Natures Way High Strength Magnesium 150 Tablets,Default Title,Natures Way,9314807020125,natures-way-high-strength-magnesium-150-tablets,draft,7632660529217,42386866044993
NT015_1,Collagen,Health & Beauty > Health Care > Fitness & Nutrition > Vitamins & Supplements > Collagen,Tablets,Natures Way Beauty Collagen Mature Skin 60 Tablets,Default Title,Natures Way,9314807068073,natures-way-beauty-collagen-mature-skin-60-tablets,draft,7632660889665,42386867093569
NT016_1,Herbal Supplements,Health & Beauty > Health Care > Fitness & Nutrition > Vitamins & Supplements > Herbal Supplements,Tablets,Natures Way Magnesium + Turmeric 150 Tablets,Default Title,Natures Way,9314807067298,natures-way-magnesium-turmeric-150-tablets,draft,7664540352577,42845791813697
NT017_1,Vitamins & Supplements,Health & Beauty > Health Care > Fitness & Nutrition > Vitamins & Supplements,Tablets,Natures Way MEGA B Executive Stress 200 Tablets,Default Title,Natures Way,9314807008048,natures-way-mega-b-executive-stress-200-tablets,draft,7665257578561,42850856337473
NT018_1,Digestive Supplements,Health & Beauty > Health Care > Fitness & Nutrition > Vitamins & Supplements > Digestive Supplements,Capsules,Natures Way Restore Probiotic Daily Health 28 Capsules,Default Title,Natures Way,9314807077198,natures-way-restore-probiotic-daily-health-28-capsules,draft,7664542515265,42845797089345
NT019_1,Minerals,Health & Beauty > Health Care > Fitness & Nutrition > Vitamins & Supplements > Minerals,Tablets,Natures Way Magnesium + Sleep Well 60 Tablets,Default Title,Natures Way,9314807088606,natures-way-magnesium-sleep-well-60-tablets,draft,7701744418881,43035593048129
NT020_1,Single Vitamins,Health & Beauty > Health Care > Fitness & Nutrition > Vitamins & Supplements > Single Vitamins,Capsules,Natures Way High Strength K2 + D3 120 Soft Capsules,Default Title,Natures Way,9314807087067,natures-way-high-strength-k2-d3-120-soft-capsules,draft,7719504740417,43104702693441
NT021_1,Vitamins & Supplements,Health & Beauty > Health Care > Fitness & Nutrition > Vitamins & Supplements,Capsules,Nature's Way Ultimate Omega 3X Triple Strength 150 Soft Capsules,Default Title,Natures Way,9314807088767,natures-way-ultimate-omega-3x-triple-strength-150-soft-capsules,draft,7709767008321,43074664464449
NT022_1,Single Vitamins,Health & Beauty > Health Care > Fitness & Nutrition > Vitamins & Supplements > Single Vitamins,Tablets,Natures Way Vitamin C 500mg Sugarless 300 Chewble Tablets,Default Title,Natures Way,9314807006709,natures-way-vitamin-c-500mg-sugarless-300-chewble-tablets,draft,7719504543809,43104700858433
NT023_1,Vitamins & Supplements,Health & Beauty > Health Care > Fitness & Nutrition > Vitamins & Supplements,Capsules,Natures Way Wild Caught Fish Oil 1000mg 500 Soft Capsules,Default Title,Natures Way,9314807093167,natures-way-wild-caught-fish-oil-1000mg-500-soft-capsules,draft,7719491993665,43104656883777
NT024_1,Multivitamin Supplements,Health & Beauty > Health Care > Fitness & Nutrition > Vitamins & Supplements > Multivitamin Supplements,Tablets,Natures Way Complete Daily Multivitamin with Antioxidants 250 Tablets,Default Title,Natures Way,9314807088279,natures-way-complete-daily-multivitamin-with-antioxidants-250-tablets,draft,7768144052289,43246378254401
NTA01_1,Face Moisturizers,Health & Beauty > Personal Care > Cosmetics > Skin Care > Face Moisturizers,Cream,Neutrogena Triple Age Repair Day SPF25 Moisturizer 48ml,Default Title,Neutrogena,062600961433,neutrogena-triple-age-repair-day-spf25-moisturizer-48ml,active,7489634238529,41918069964865
NTA02_1,Face Moisturizers,Health & Beauty > Personal Care > Cosmetics > Skin Care > Face Moisturizers,Cream,Neutrogena Triple Age Repair Night Moisturizer 48ml,Default Title,Neutrogena,062600961457,neutrogena-triple-age-repair-night-moisturizer-48ml,draft,7489634271297,41918069997633
NTC01_1,Minerals,Health & Beauty > Health Care > Fitness & Nutrition > Vitamins & Supplements > Minerals,Powder,Natural Calm Magnesium Powder Sweet Lemon Flavor 226g,Default Title,Natural Calm,183405043787,natural-calm-magnesium-powder-sweet-lemon-flavor-226g,draft,7539787759681,42083611869249
NTC02_1,Vitamins & Supplements,Health & Beauty > Health Care > Fitness & Nutrition > Vitamins & Supplements,Powder,Natural Calm Magnesium Powder Orange Flavor 226g,Default Title,Natural Calm,183405043763,natural-calm-magnesium-powder-orange-flavor-226g,draft,7534094221377,42068508770369
NTC03_1,Minerals,Health & Beauty > Health Care > Fitness & Nutrition > Vitamins & Supplements > Minerals,Powder,Natural Calm Magnesium Powder Raspberry-Lemon Flavor 226g,Default Title,Natural Calm,183405043770,natural-calm-magnesium-powder-raspberry-lemon-flavor-226g,draft,7591877902401,42256206331969
NTC04_1,Minerals,Health & Beauty > Health Care > Fitness & Nutrition > Vitamins & Supplements > Minerals,Powder,Natural Calm Magnesium Powder Original Unflavored 226g,Default Title,Natural Calm,183405043756,natural-calm-magnesium-powder-original-unflavored-226g,draft,7534092943425,42068499464257
NTGS01_1,Shampoo & Conditioner Sets,Health & Beauty > Personal Care > Hair Care > Shampoo & Conditioner > Shampoo & Conditioner Sets,Liquid,Neutrogena T/Gel Anti-Dandruff 2 in 1 Shampoo and Conditioner 150ml,Default Title,Neutrogena,3574661619569,neutrogena-t-gel-anti-dandruff-2-in-1-shampoo-and-conditioner-150ml,draft,7556761223233,42135535648833
NTGS02_1,Conditioners,Health & Beauty > Personal Care > Hair Care > Shampoo & Conditioner > Conditioners,Liquid,Neutrogena T/Gel Anti-Dandruff 2 in 1 Shampoo and Conditioner 250ml,Default Title,Neutrogena,3574661450773,neutrogena-t-gel-anti-dandruff-2-in-1-shampoo-and-conditioner-250ml,draft,7556762009665,42135536435265
NTGS03_1,Shampoo,Health & Beauty > Personal Care > Hair Care > Shampoo & Conditioner > Shampoo,Liquid,Neutrogena T/Gel Anti-Dandruff Sensitive Scalp Shampoo 150ml,Default Title,Neutrogena,3574661619576,neutrogena-t-gel-anti-dandruff-sensitive-scalp-shampoo-150ml,draft,7556763746369,42135538171969
NTGS04_1,Shampoo,Health & Beauty > Personal Care > Hair Care > Shampoo & Conditioner > Shampoo,LiquidGel,Neutrogena T/Gel Anti-Dandruff Shampoo For Dry Hair 150ml,Default Title,Neutrogena,3574661619552,neutrogena-t-gel-anti-dandruff-shampoo-for-dry-hair-150ml,draft,7556766662721,42135543480385
NTGS05_1,Shampoo,Health & Beauty > Personal Care > Hair Care > Shampoo & Conditioner > Shampoo,LiquidGel,Neutrogena T/Gel Therapeutic Shampoo 125ml,Default Title,Neutrogena,5012716191007,neutrogena-t-gel-therapeutic-shampoo-125ml,draft,7556767711297,42135546232897
NTGS06_1,Shampoo,Health & Beauty > Personal Care > Hair Care > Shampoo & Conditioner > Shampoo,LiquidGel,Neutrogena T/Gel Anti-Dandruff Oily Scalp Shampoo 250ml,Default Title,Neutrogena,3574661450711,neutrogena-t-gel-anti-dandruff-oily-scalp-shampoo-250ml,draft,7556768366657,42135546429505
NU001_1,Herbal Supplements,Health & Beauty > Health Care > Fitness & Nutrition > Vitamins & Supplements > Herbal Supplements,Capsules,Nutrimea Active Burner 60 Capsules,Default Title,Nutrimea,X0015JMCOP,nutrimea-active-burner-60-capsules,draft,7719539310657,43104956317761
NU001_2,Herbal Supplements,Health & Beauty > Health Care > Fitness & Nutrition > Vitamins & Supplements > Herbal Supplements,Capsules,Nutrimea Active Burner 60 Capsules,Default Title,Nutrimea,5404024901599,nutrimea-active-burner-60-capsules-1,draft,7879003701313,43762995494977
NUM01_1,Face Moisturizers,Health & Beauty > Personal Care > Cosmetics > Skin Care > Face Moisturizers,Cream,Numbuzin No 5+ Glutathione Vitamin Dark Spot Cream 50ml,Default Title,Numbuzin,8809652585055,numbuzin-no-5-glutathione-vitamin-dark-spot-cream-50ml,active,7981209190465,44203919147073
NUS01_1,Protein Supplements,Health & Beauty > Health Care > Fitness & Nutrition > Vitamins & Supplements > Protein Supplements,Gel,Nutrisante Nutricap Expert Hair & Nail Growth 120 Softgels,Default Title,Nutrisante,661600497616,nutrisante-nutricap-expert-hair-nail-growth-120-softgels,draft,7539198165057,42081650180161
NUS02_1,Sunscreen,Health & Beauty > Personal Care > Cosmetics > Skin Care > Sunscreen,Serum,Neutrogena Ultra Sheer Moisturizing Face Serum Sunscreen SPF 50+ 50ml,Default Title,Neutrogena,062600479389,neutrogena-ultra-sheer-moisturizing-face-serum-sunscreen-spf-50-50ml,draft,7489634304065,41918070030401
NUS06_1,Sunscreen,Health & Beauty > Personal Care > Cosmetics > Skin Care > Sunscreen,Cream,Neutrogena Ultra Sheer Dry Touch Sunscreen SPF45 147ml,Default Title,Neutrogena,062600338990,neutrogena-ultra-sheer-dry-touch-sunscreen-spf45-147ml,draft,7489634336833,41918070063169
NUS07_1,Sunscreen,Health & Beauty > Personal Care > Cosmetics > Skin Care > Sunscreen,Cream,Neutrogena Ultra Sheer Dry Touch Sunscreen SPF30 88ml,Default Title,Neutrogena,062600338945,neutrogena-ultra-sheer-dry-touch-sunscreen-spf30-88ml,draft,7489634369601,41918070095937
NUS55_1,Sunscreen,Health & Beauty > Personal Care > Cosmetics > Skin Care > Sunscreen,Cream,Neutrogena Ultra Sheer Dry-Touch Sunscreen SPF 30 147ml,Default Title,Neutrogena,062600338983,neutrogena-ultra-sheer-dry-touch-sunscreen-spf-30-147ml,draft,7489634402369,41918070128705
NUSS01_1,Sunscreen,Health & Beauty > Personal Care > Cosmetics > Skin Care > Sunscreen,Lotion,Neutrogena Ultra Sheer Body Lotion Sunscreen SPF 50 85ml,Default Title,Neutrogena,9300607563283,neutrogena-ultra-sheer-body-lotion-sunscreen-spf-50-85ml,draft,7489634435137,41918070161473
NUSS02_1,Sunscreen,Health & Beauty > Personal Care > Cosmetics > Skin Care > Sunscreen,Cream,Neutrogena Ultra Sheer Face Lotion Sunscreen SPF 50 88ml,Default Title,Neutrogena,9300607563443,neutrogena-ultra-sheer-face-lotion-sunscreen-spf-50-88ml,draft,7489634467905,41918070194241
NVL01_1,Lip Balms,Health & Beauty > Personal Care > Cosmetics > Skin Care > Lip Balms & Treatments > Lip Balms,Solid,Nivea Men Active Lip Balm With Jojoba Oil and Shea Butter 2 x 4.8g,Default Title,Nivea,056594013971,nivea-men-active-lip-balm-with-jojoba-oil-and-shea-butter-2-x-4-8g,active,8085328298049,44614047432769
NVL02_1,Lip Balms,Health & Beauty > Personal Care > Cosmetics > Skin Care > Lip Balms & Treatments > Lip Balms,Solid,Nivea Essential Lip Balm With Shea Butter and Jojoba Oil 2 x 4.8g,Default Title,Nivea,056594850590,nivea-essential-lip-balm-with-shea-butter-and-jojoba-oil-2-x-4-8g,active,8085354872897,44614105727041
NVL03_1,Lip Balms,Health & Beauty > Personal Care > Cosmetics > Skin Care > Lip Balms & Treatments > Lip Balms,Solid,Nivea Hydro Care Lip Balm With Aloe Vera and Shea Butter 2 x 4.8g,Default Title,Nivea,072140000073,nivea-hydro-care-lip-balm-with-aloe-vera-and-shea-butter-2-x-4-8g,active,8085371748417,44614147440705
NVL04_1,Lip Balms,Health & Beauty > Personal Care > Cosmetics > Skin Care > Lip Balms & Treatments > Lip Balms,Solid,Nivea Strawberry Shine Lip Balm 2 x 4.8g,Default Title,Nivea,056594012110,nivea-strawberry-shine-lip-balm-2-x-4-8g,active,9046258843713,48935682146369
NVL05_1,Lip Balms,Health & Beauty > Personal Care > Cosmetics > Skin Care > Lip Balms & Treatments > Lip Balms,Solid,Nivea Watermelon Shine Duo Lip Balm 2 x 4.8g,Default Title,Nivea,056594017115,nivea-watermelon-shine-duo-lip-balm-2-x-4-8g,active,9046400499777,48936142209089
NW001_1,Uncategorized,Uncategorized,Capsules,Now Glutathione Skin Brightener 250mg 30 Veg Capsules,Default Title,Now,,now-glutathione-skin-brightener-250mg-30-veg-capsules,draft,7489633353793,41918069080129
NW002_1,Vitamins & Supplements,Health & Beauty > Health Care > Fitness & Nutrition > Vitamins & Supplements,Capsules,Now Omega-3 Fish Oil 1000mg 30 Softgels,Default Title,Now,733739016492,now-omega-3-fish-oil-1000mg-30-softgels,draft,7590842368065,42252773195841
NW003_1,Multivitamin Supplements,Health & Beauty > Health Care > Fitness & Nutrition > Vitamins & Supplements > Multivitamin Supplements,Gel,Now Omega-3 Fish Oil 1000mg 100 Softgels,Default Title,Now,733739016508,now-omega-3-fish-oil-1000mg-100-softgels,draft,7534058995777,42068475576385
NW003_2,Multivitamin Supplements,Health & Beauty > Health Care > Fitness & Nutrition > Vitamins & Supplements > Multivitamin Supplements,Capsules,Now Omega-3 Fish Oil 1000mg 100 Softgels,Default Title,Now,733739816504,now-omega-3-fish-oil-1000mg-100-softgels-2,draft,7539182370881,42081609154625
NW004_1,Single Vitamins,Health & Beauty > Health Care > Fitness & Nutrition > Vitamins & Supplements > Single Vitamins,Tablets,Now Vitamin C 1000mg Antioxidant Protection 100 Tablets,Default Title,Now,733739006806,now-vitamin-c-1000mg-antioxidant-protection-100-tablets,draft,7489632960577,41918068686913
NW004_2,Single Vitamins,Health & Beauty > Health Care > Fitness & Nutrition > Vitamins & Supplements > Single Vitamins,Tablets,Now Vitamin C 1000mg Antioxidant Protection 100 Tablets,Default Title,Now,733739006851,now-vitamin-c-1000mg-antioxidant-protection-100-tablets-2,draft,7701697134657,43035418853441
NW005_1,Uncategorized,Uncategorized,Capsules,Now Glutathione 500mg 30 Capsules,Default Title,Now,733739001757,now-glutathione-500mg-30-capsules,draft,7489633189953,41918068916289
NW006_1,Uncategorized,Uncategorized,Capsules,Now C - 1000 - 100 Veg Capsules,Default Title,Now,733739006905,now-c-1000-100-veg-capsules,draft,7489633222721,41918068949057
NW007_1,Single Vitamins,Health & Beauty > Health Care > Fitness & Nutrition > Vitamins & Supplements > Single Vitamins,Capsules,Now Biotin 5000mcg 60 Veg Capsules,Default Title,Now,733739804716,now-biotin-5000mcg-60-veg-capsules,draft,7489633124417,41918068850753
NW007_2,Single Vitamins,Health & Beauty > Health Care > Fitness & Nutrition > Vitamins & Supplements > Single Vitamins,Capsules,Now Biotin 5000mcg 60 Veg Capsules,Default Title,Now,733739004710,now-biotin-5000mcg-60-veg-capsules-2,draft,7591800176705,42255956279361
NW008_1,Uncategorized,Uncategorized,Capsules,Now Biotin 5000mcg 120 Veg Capsules,Default Title,Now,733739004741,now-biotin-5000mcg-120-veg-capsules,draft,7489633452097,41918069178433
NW009_1,Uncategorized,Uncategorized,Capsules,Now Omega - 3 Fish Oil 200 Softgels,Default Title,Now,733739016485,now-omega-3-fish-oil-200-softgels,draft,7489633517633,41918069243969
NW010_1,Uncategorized,Uncategorized,Capsules,Now Glutathione 500mg 60 Capsules,Default Title,Now,733739001047,now-glutathione-500mg-60-capsules,draft,7489633419329,41918069145665
NW011_1,Single Vitamins,Health & Beauty > Health Care > Fitness & Nutrition > Vitamins & Supplements > Single Vitamins,Capsules,Now Vitamin D3 5000IU 120 Softgels,Default Title,Now,733739003720,now-vitamin-d3-5000iu-120-softgels,draft,7489633091649,41918068817985
NW012_1,Single Vitamins,Health & Beauty > Health Care > Fitness & Nutrition > Vitamins & Supplements > Single Vitamins,Tablets,Now Vitamin C 500mg Antioxidant Protection 100 Tablets,Default Title,Now,733739006707,now-vitamin-c-500mg-antioxidant-protection-100-tablets,draft,7489632993345,41918068719681
NW013_1,Uncategorized,Uncategorized,Capsules,Now Vitamin D3 2000IU 120 Capsules,Default Title,Now,733739003676,now-vitamin-d3-2000iu-120-capsules,draft,7489633321025,41918069047361
NW014_1,Single Vitamins,Health & Beauty > Health Care > Fitness & Nutrition > Vitamins & Supplements > Single Vitamins,Gel,Now Beta Carotene 7500mcg 180 Softgels,Default Title,Now,733739003225,now-beta-carotene-7500mcg-180-softgels,draft,7539090751553,42081461731393
NW015_1,Vitamins & Supplements,Health & Beauty > Health Care > Fitness & Nutrition > Vitamins & Supplements,,Now Omega-3 Fish Oil 1000mg 500 Softgels,Default Title,Now,733739016539,now-omega-3-fish-oil-1000mg-500-softgels,draft,7536848437313,42077946347585
NW016_1,Vitamins & Supplements,Health & Beauty > Health Care > Fitness & Nutrition > Vitamins & Supplements,Capsules,Now Vitamin D3 2000IU 30 Softgels,Default Title,Now,733739003553,now-vitamin-d3-2000iu-30-softgels,draft,7489633288257,41918069014593
NW017_1,Vitamins & Supplements,Health & Beauty > Health Care > Fitness & Nutrition > Vitamins & Supplements,Capsules,Now Vitamin D3 1000 IU 180 Softgels,Default Title,Now,733739003652,now-vitamin-d3-1000-iu-180-softgels,draft,7539089571905,42081459601473
NW017_2,Vitamins & Supplements,Health & Beauty > Health Care > Fitness & Nutrition > Vitamins & Supplements,Capsules,Now Vitamin D3 1000 IU 180 Softgels,Default Title,Now,733739803658,now-vitamin-d3-1000-iu-180-softgels-2,draft,7528984510529,42056709210177
NW019_1,Single Vitamins,Health & Beauty > Health Care > Fitness & Nutrition > Vitamins & Supplements > Single Vitamins,Capsules,Now Beta Carotene 7500mcg 90 Softgels,Default Title,Now,733739003201,now-beta-carotene-7500mcg-90-softgels,draft,7591876329537,42256203939905
NW020_1,Single Vitamins,Health & Beauty > Health Care > Fitness & Nutrition > Vitamins & Supplements > Single Vitamins,Capsules,Now C - 1000 30 Veg Capsules,Default Title,Now,733739006899,now-c-1000-30-veg-capsules,draft,7591875412033,42256200761409
NW021_1,Multivitamin Supplements,Health & Beauty > Health Care > Fitness & Nutrition > Vitamins & Supplements > Multivitamin Supplements,Gel,Now Eve Womens Multivitamin 90 Softgels,Default Title,Now,733739038029,now-eve-womens-multivitamin-90-softgels,draft,7539195969601,42081643855937
NW022_1,Single Vitamins,Health & Beauty > Health Care > Fitness & Nutrition > Vitamins & Supplements > Single Vitamins,Capsules,Now Vitamin A 10000 IU 100 Softgels,Default Title,Now,733739803306,now-vitamin-a-10000-iu-100-softgels,draft,7591867777089,42256172089409
NW023_1,Hair Loss Treatments,Health & Beauty > Personal Care > Hair Care > Hair Loss Treatments,Capsules,"Now Vegan Hair, Skin & Nails 90 Veg Capsules",Default Title,Now,733739033819,now-vegan-hair-skin-nails-90-veg-capsules,draft,7528989458497,42056719269953
NW024_1,Vitamins & Supplements,Health & Beauty > Health Care > Fitness & Nutrition > Vitamins & Supplements,,Now Niacinamide 500mg 100 Capsules,Default Title,Now,733739804785,now-niacinamide-500mg-100-capsules,draft,7539803947073,42083643424833
NW024_2,Vitamins & Supplements,Health & Beauty > Health Care > Fitness & Nutrition > Vitamins & Supplements,Capsules,Now Niacinamide 500mg 100 Veg Capsules,Default Title,Now,733739004789,now-niacinamide-500mg-100-veg-capsules-2,draft,7681094615105,42955356110913
NW025_1,Vitamins & Supplements,Health & Beauty > Health Care > Fitness & Nutrition > Vitamins & Supplements,Gel,Now Vitamin D3 2500 IU 90 Softgels,Default Title,Now,733739903563,now-vitamin-d3-2500-iu-90-softgels,draft,7539193741377,42081639202881
NW026_1,Single Vitamins,Health & Beauty > Health Care > Fitness & Nutrition > Vitamins & Supplements > Single Vitamins,Capsules,Now Vitamin B-2 100mg 100 Capsules,Default Title,Now,733739804471,now-vitamin-b-2-100mg-100-capsules,draft,7539101630529,42081488404545
NW026_2,Vitamin B,Health & Beauty > Health Care > Fitness & Nutrition > Vitamins & Supplements > Single Vitamins > Vitamin B,,Now Vitamin B-2 100mg 100 veg Capsules,Default Title,Now,733739004475,now-vitamin-b-2-100mg-100-veg-capsules,draft,7887966273601,43790883815489
NW027_1,Herbal Supplements,Health & Beauty > Health Care > Fitness & Nutrition > Vitamins & Supplements > Herbal Supplements,Capsules,Now Melatonin 3mg 60 Capsules,Default Title,Now,733739832559,now-melatonin-3mg-60-capsules,draft,7539100942401,42081487716417
NW028_1,Single Vitamins,Health & Beauty > Health Care > Fitness & Nutrition > Vitamins & Supplements > Single Vitamins,Capsules,Now Vitamin K-2 100mcg 100 Capsules,Default Title,Now,733739809902,now-vitamin-k-2-100mcg-100-capsules,draft,7591805157441,42255974924353
NW028_2,Single Vitamins,Health & Beauty > Health Care > Fitness & Nutrition > Vitamins & Supplements > Single Vitamins,Capsules,Now Vitamin K-2 100mcg 100 Veg Capsules,Default Title,Now,733739009906,now-vitamin-k-2-100mcg-100-veg-capsules-2,draft,7681092059201,42955354177601
NW029_1,Single Vitamins,Health & Beauty > Health Care > Fitness & Nutrition > Vitamins & Supplements > Single Vitamins,Tablets,Now Brain B-12 1000mcg 100 Lozenges,Default Title,Now,733739804952,now-brain-b-12-1000mcg-100-lozenges,draft,7591804960833,42255974629441
NW030_1,Single Vitamins,Health & Beauty > Health Care > Fitness & Nutrition > Vitamins & Supplements > Single Vitamins,Capsules,Now B - 100 100 Veg Capsules,Default Title,Now,733739804365,now-b-100-100-veg-capsules,draft,7591804272705,42255973089345
NW031_1,Single Vitamins,Health & Beauty > Health Care > Fitness & Nutrition > Vitamins & Supplements > Single Vitamins,Solid,Now B-12 1000mcg 100 Lozenges,Default Title,Now,733739804662,now-b-12-1000mcg-100-lozenges,draft,7528997027905,42056733098049
NW032_1,Amino Acids,Health & Beauty > Health Care > Fitness & Nutrition > Vitamins & Supplements > Amino Acids,Capsules,Now L-Glutamine 500mg 120 Capsules,Default Title,Now,733739800923,now-l-glutamine-500mg-120-capsules,draft,7539190235201,42081631338561
NW032_2,Single Amino Acid Supplements,Health & Beauty > Health Care > Fitness & Nutrition > Vitamins & Supplements > Amino Acids > Single Amino Acid Supplements,,Now L-Glutamine 500mg 120 Veg Capsules,Default Title,Now,733739000927,now-l-glutamine-500mg-120-veg-capsules,draft,7887967518785,43790893875265
NW033_1,Single Vitamins,Health & Beauty > Health Care > Fitness & Nutrition > Vitamins & Supplements > Single Vitamins,,Now B-6 100mg 100 Capsules,Default Title,Now,733739804563,now-b-6-100mg-100-capsules,draft,7536840147009,42077931176001
NW034_1,Herbal Supplements,Health & Beauty > Health Care > Fitness & Nutrition > Vitamins & Supplements > Herbal Supplements,Capsules,Now Vitamin D-3 & K-2 1000IU 120 Veg Capsules,Default Title,Now,733739803696,now-vitamin-d-3-k-2-1000iu-120-veg-capsules,draft,7539189874753,42081629306945
NW035_1,Vitamins & Supplements,Health & Beauty > Health Care > Fitness & Nutrition > Vitamins & Supplements,Capsules,Now Glutathione 250mg 60 Capsules,Default Title,Now,733739800961,now-glutathione-250mg-60-capsules,draft,7533808451649,42068401193025
NW036_1,Uncategorized,Uncategorized,Capsules,Now C - 1000 with 100mg Bioflavonoids 100 Veg Capsules,Default Title,Now,733739806901,now-c-1000-with-100mg-bioflavonoids-100-veg-capsules,draft,7528998568001,42056741421121
NW037_1,Protein Supplements,Health & Beauty > Health Care > Fitness & Nutrition > Vitamins & Supplements > Protein Supplements,Capsules,Now Max Strength Biotin 10000 mcg 120 Veg Capsules,Default Title,Now,733739804792,now-max-strength-biotin-10000-mcg-120-veg-capsules,draft,7539088162881,42081458520129
NW038_1,Amino Acids,Health & Beauty > Health Care > Fitness & Nutrition > Vitamins & Supplements > Amino Acids,,Now L-Carnitine 1000 mg Tablets,Default Title,Now,733739800688,now-l-carnitine-1000-mg-tablets,draft,7536857284673,42077956669505
NW040_1,Vitamins & Supplements,Health & Beauty > Health Care > Fitness & Nutrition > Vitamins & Supplements,Capsules,Now Vitamin D3 5000 IU 30 Softgels,Default Title,Now,733739003744,now-vitamin-d3-5000-iu-30-softgels,draft,7533591232577,42068196786241
NW041_1,Multivitamin Supplements,Health & Beauty > Health Care > Fitness & Nutrition > Vitamins & Supplements > Multivitamin Supplements,Capsules,Now Ultra Omega-3 Fish Oil 90 Softgels,Default Title,Now,733739016614,now-ultra-omega-3-fish-oil-90-softgels,draft,7533596409921,42068207763521
NW042_1,Single Vitamins,Health & Beauty > Health Care > Fitness & Nutrition > Vitamins & Supplements > Single Vitamins,Capsules,Now Vitamin A 10000 100 Softgels,Default Title,Now,733739003300,now-vitamin-a-10000-100-softgels,draft,7489633386561,41918069112897
NW043_1,Single Vitamins,Health & Beauty > Health Care > Fitness & Nutrition > Vitamins & Supplements > Single Vitamins,Capsules,Now Vitamin D3 1000 IU 360 Softgels,Default Title,Now,733739803757,now-vitamin-d3-1000-iu-360-softgels,draft,7590904496193,42252970754113
NW044_1,Single Vitamins,Health & Beauty > Health Care > Fitness & Nutrition > Vitamins & Supplements > Single Vitamins,Capsules,Now Vitamin D3 2500 IU High Potency 180 Softgels,Default Title,Now,733739903570,now-vitamin-d3-2500-iu-high-potency-180-softgels,draft,7590903808065,42252970557505
NW045_1,Single Vitamins,Health & Beauty > Health Care > Fitness & Nutrition > Vitamins & Supplements > Single Vitamins,Tablets,Now B-12 1000mcg 250 Chewable Lozenges,Default Title,Now,733739804686,now-b-12-1000mcg-250-chewable-lozenges,draft,7590901416001,42252958269505
NW046_1,Sleeping Aids,Health & Beauty > Personal Care > Sleeping Aids,Capsules,Now Melatonin 3mg 60 Veg Capsules,Default Title,Now,733739032553,now-melatonin-3mg-60-veg-capsules,draft,7590862749761,42252826771521
NW047_1,Vitamins & Supplements,Health & Beauty > Health Care > Fitness & Nutrition > Vitamins & Supplements,Capsules,Now Molecularly Distilled Omega-3 Fish Oil 200 Softgels,Default Title,Now,733739816528,now-molecularly-distilled-omega-3-fish-oil-200-softgels,draft,7590850265153,42252795183169
NW047_2,Vitamins & Supplements,Health & Beauty > Health Care > Fitness & Nutrition > Vitamins & Supplements,,Now Molecularly Distilled Omega-3 Fish Oil 200 Softgels,Default Title,Now,733739016522,now-molecularly-distilled-omega-3-fish-oil-200-softgels-1,draft,7665238245441,42850817310785
NW048_1,Single Vitamins,Health & Beauty > Health Care > Fitness & Nutrition > Vitamins & Supplements > Single Vitamins,Tablets,Now Biotin Extra Strength 5000 mcg 120 Capsules,Default Title,Now,733739804747,now-biotin-extra-strength-5000-mcg-120-capsules,draft,7590847774785,42252791808065
NW049_1,Amino Acids,Health & Beauty > Health Care > Fitness & Nutrition > Vitamins & Supplements > Amino Acids,Capsules,Now GABA Extra Strength 750mg 100 Veg Capsules,Default Title,Now,733739800893,now-gaba-extra-strength-750mg-100-veg-capsules,draft,7630432370753,42370649587777
NW050_1,Herbal Supplements,Health & Beauty > Health Care > Fitness & Nutrition > Vitamins & Supplements > Herbal Supplements,Capsules,Now Glutathione 500mg 120 Veg Capsules,Default Title,Now,733739001764,now-glutathione-500mg-120-veg-capsules,draft,7648032817217,42463586648129
NW051_1,Multivitamin Supplements,Health & Beauty > Health Care > Fitness & Nutrition > Vitamins & Supplements > Multivitamin Supplements,Tablets,Now Daily Vits Multivitamin & Mineral 100 Tablets,Default Title,Now,733739037701,now-daily-vits-multivitamin-mineral-100-tablets,draft,7665212227649,42850729852993
NW052_1,Single Vitamins,Health & Beauty > Health Care > Fitness & Nutrition > Vitamins & Supplements > Single Vitamins,Capsules,Now Vitamin D-3 & K-2 1000IU 120 Capsules,Default Title,Now,733739003690,now-vitamin-d-3-k-2-1000iu-120-capsules,draft,7681101135937,42955367284801
NW053_1,Multivitamin Supplements,Health & Beauty > Health Care > Fitness & Nutrition > Vitamins & Supplements > Multivitamin Supplements,Tablets,Now Eve Women's Multi 90 Tablets,Default Title,Now,733739037961,now-eve-womens-multi-90-tablets,draft,7680163643457,42952287387713
NW054_1,Single Vitamins,Health & Beauty > Health Care > Fitness & Nutrition > Vitamins & Supplements > Single Vitamins,,Now Vitamin C 500 250 Tablets,Default Title,Now,733739006721,now-vitamin-c-500-250-tablets,draft,7680162299969,42952285159489
NW055_1,Amino Acids,Health & Beauty > Health Care > Fitness & Nutrition > Vitamins & Supplements > Amino Acids,Capsules,Now NAC 600mg 100 Capsules,Default Title,Now,733739000859,now-nac-600mg-100-capsules,draft,7719503691841,43104697647169
NW056_1,Single Vitamins,Health & Beauty > Health Care > Fitness & Nutrition > Vitamins & Supplements > Single Vitamins,Capsules,Now Biotin 1000mcg 100 Veg Capsules,Default Title,Now,733739004697,now-biotin-1000mcg-100-veg-capsules,draft,7719502184513,43104681164865
NW057_1,Single Vitamins,Health & Beauty > Health Care > Fitness & Nutrition > Vitamins & Supplements > Single Vitamins,,Now Vitamin D3 2000 IU 240 Softgels,Default Title,Now,733739003775,now-vitamin-d3-2000-iu-240-softgels,draft,7775096733761,43272700493889
NWD01_1,Uncategorized,Uncategorized,Gel,Neutrogena Deep Clean Gel Wash 200ml,Default Title,Neutrogena,3574660245844,neutrogena-deep-clean-gel-wash-200ml,active,7489634500673,41918070259777
OB001_1,Electric Toothbrushes,Health & Beauty > Personal Care > Oral Care > Toothbrushes > Electric Toothbrushes,,Oral-B Pro 100 3D White Battery Toothbrush,Default Title,Oral-B,069055133989,oral-b-pro-100-3d-white-battery-toothbrush,draft,7526409830465,42049240465473
OB002_1,Manual Toothbrushes,Health & Beauty > Personal Care > Oral Care > Toothbrushes > Manual Toothbrushes,,Oral-B Pro 100 Charcoal Battery Toothbrush,Default Title,Oral-B,069055134627,oral-b-pro-100-charcoal-battery-toothbrush,draft,7526415073345,42049274740801
OB003_1,Manual Toothbrushes,Health & Beauty > Personal Care > Oral Care > Toothbrushes > Manual Toothbrushes,,Oral-B Pro 100 Floss Action Battery Powered White Toothbrush,Default Title,Oral-B,069055133941,oral-b-pro-100-floss-action-battery-powered-white-toothbrush,draft,7526419267649,42049286635585
OB004_1,Manual Toothbrushes,Health & Beauty > Personal Care > Oral Care > Toothbrushes > Manual Toothbrushes,,Oral-B Pro 100 Cross Action Battery Powered Black Toothbrush,Default Title,Oral-B,069055133965,oral-b-pro-100-cross-action-battery-powered-black-toothbrush,draft,7526440894529,42049401978945
OB005_1,Manual Toothbrushes,Health & Beauty > Personal Care > Oral Care > Toothbrushes > Manual Toothbrushes,,Oral-B Pro 100 Gum Care Battery Powered White Toothbrush,Default Title,Oral-B,069055133958,oral-b-pro-100-gum-care-battery-powered-white-toothbrush,draft,7539800834113,42083639722049
OB006_1,Manual Toothbrushes,Health & Beauty > Personal Care > Oral Care > Toothbrushes > Manual Toothbrushes,,Oral-B Revolution Battery Powered Black Toothbrush,Default Title,Oral-B,069055133675,oral-b-revolution-battery-powered-black-toothbrush,draft,7539802046529,42083641425985
OB0060_1,Conditioners,Health & Beauty > Personal Care > Hair Care > Shampoo & Conditioner > Conditioners,Liquid,Palmers Olive Oil Conditioner 400ml,Default Title,Palmers,010181025396,palmers-olive-oil-conditioner-400ml,active,7489634533441,41918070292545
OB007_1,Electric Toothbrushes,Health & Beauty > Personal Care > Oral Care > Toothbrushes > Electric Toothbrushes,,Oral-B Pro 500 Electric Rechargeable Toothbrush,Default Title,Oral-B,069055876626,oral-b-pro-500-electric-rechargeable-toothbrush,draft,7591904280641,42256338190401
OB008_1,Electric Toothbrushes,Health & Beauty > Personal Care > Oral Care > Toothbrushes > Electric Toothbrushes,,Oral-B PRO 100 Electric Rechargeable Toothbrush,Default Title,Oral-B,6903148269749,oral-b-pro-100-electric-rechargeable-toothbrush,draft,7719558021185,43105612628033
OB009_1,Electric Toothbrushes,Health & Beauty > Personal Care > Oral Care > Toothbrushes > Electric Toothbrushes,,Oral-B PRO 300 Sensitive Rechargeable Toothbrush,Default Title,Oral-B,4987176271884,oral-b-pro-300-sensitive-rechargeable-toothbrush,draft,7719512866881,43104732840001
OB010_1,Electric Toothbrushes,Health & Beauty > Personal Care > Oral Care > Toothbrushes > Electric Toothbrushes,,Oral-B PRO 800 Electric Rechargeable Toothbrush,Default Title,Oral-B,4987176271914,oral-b-pro-800-electric-rechargeable-toothbrush,draft,7719557464129,43105612365889
OB058_1,Lotions & Moisturizers,Health & Beauty > Personal Care > Cosmetics > Skin Care > Lotions & Moisturizers,,Palmers Olive Body Lotion Pump 400ml,Default Title,Palmers,010181025655,palmers-olive-body-lotion-pump-400ml,draft,7528408678465,42055162003521
OB060_1,Conditioners,Health & Beauty > Personal Care > Hair Care > Shampoo & Conditioner > Conditioners,Liquid,Palmers Olive Oil Replenishing Conditioner 250ml,Default Title,Palmers,010181025945,palmers-olive-oil-replenishing-conditioner-250ml,draft,7489634566209,41918070325313
OB061_1,Shampoo,Health & Beauty > Personal Care > Hair Care > Shampoo & Conditioner > Shampoo,Liquid,Palmers Olive Oil Shampoo 400ml,Default Title,Palmers,010181025433,palmers-olive-oil-shampoo-400ml,draft,7489634598977,41918070358081
OB070_1,Conditioners,Health & Beauty > Personal Care > Hair Care > Shampoo & Conditioner > Conditioners,Liquid,Palmers Olive Oil Leave In Conditioner 250ml,Default Title,Palmers,010181025136,palmers-olive-oil-leave-in-conditioner-250ml,active,7489634631745,41918070390849
OB076_1,Hair Care Kits,Health & Beauty > Personal Care > Hair Care > Hair Care Kits,Cream,Palmers Olive Oil Gro Therapy 250g,Default Title,Palmers,010181025204,palmers-olive-oil-gro-therapy-250g,active,7489634664513,41918070423617
OB089_1,Hair Styling Products,Health & Beauty > Personal Care > Hair Care > Hair Styling Products,,Palmers Olive Oil Formula Shine Therapy Conditioning Oil 150ml,Default Title,Palmers,010181025105,palmers-olive-oil-formula-shine-therapy-conditioning-oil-150ml,active,7544585224257,42096373989441
OBNJ01_1,Hair Styling Products,Health & Beauty > Personal Care > Hair Care > Hair Styling Products,,Oils & Butter 100% Natural Jamaican Black Castor Oil Extra Dark 118ml,Default Title,Oils & Butter,797734164954,oils-butter-100-natural-jamaican-black-castor-oil-extra-dark-118ml,draft,7529020063809,42056825536577
OBNJ02_1,Uncategorized,Uncategorized,,Oils & Butter 100% Natural Jamaican Black Castor Oil Coconut 118ml,,Oils & Butter,797734164978,,,erp-OBNJ02_1,erp-OBNJ02_1
OBNJ03_1,Hair Loss Treatments,Health & Beauty > Personal Care > Hair Care > Hair Loss Treatments,,Oils & Butter 100% Natural Jamaican Black Castor Oil Lavender 118ml,Default Title,Oils & Butter,797734164961,oils-butter-100-natural-jamaican-black-castor-oil-lavender-118ml,draft,7526432800833,42049355743297
OG001_1,Herbal Supplements,Health & Beauty > Health Care > Fitness & Nutrition > Vitamins & Supplements > Herbal Supplements,Capsules,Organika Biocell Collagen 180 Capsules,Default Title,Organika,620365012076,organika-biocell-collagen-180-capsules,draft,7528999157825,42056742666305
OG002_1,Nutrition Drinks & Shakes,Health & Beauty > Health Care > Fitness & Nutrition > Nutrition Drinks & Shakes,Powder,Organika Original Bone Broth Beef Protein Powder 300g,Default Title,Organika,620365018511,organika-original-bone-broth-beef-protein-powder-300g,draft,7539199410241,42081656143937
OG003_1,Protein Supplements,Health & Beauty > Health Care > Fitness & Nutrition > Vitamins & Supplements > Protein Supplements,Powder,Organika Original Bone Broth Chicken Protein Powder 300g,Default Title,Organika,620365018467,organika-original-bone-broth-chicken-protein-powder-300g,draft,7529000009793,42056744534081
OG005_1,Protein Supplements,Health & Beauty > Health Care > Fitness & Nutrition > Vitamins & Supplements > Protein Supplements,Powder,Organika Marine Collagen Powder 250g,Default Title,Organika,620365018597,organika-marine-collagen-powder-250g,draft,7533935001665,42068418658369
OG006_1,Protein Supplements,Health & Beauty > Health Care > Fitness & Nutrition > Vitamins & Supplements > Protein Supplements,Powder,Organika Enhanced Collagen Original 250g,Default Title,Organika,620365018276,organika-enhanced-collagen-original-250g,draft,7533949747265,42068419215425
OG007_1,Collagen,Health & Beauty > Health Care > Fitness & Nutrition > Vitamins & Supplements > Collagen,,Organika Bone & Joint Enhanced Collagen 280g,Default Title,Organika,620365039844,organika-bone-joint-enhanced-collagen-280g,draft,7536967942209,42078260789313
OG008_1,Collagen,Health & Beauty > Health Care > Fitness & Nutrition > Vitamins & Supplements > Collagen,,Organika Pure Beauty Enhanced Collagen 200g,Default Title,Organika,620365031046,organika-pure-beauty-enhanced-collagen-200g,draft,7539794247745,42083624091713
OG010_1,Protein Supplements,Health & Beauty > Health Care > Fitness & Nutrition > Vitamins & Supplements > Protein Supplements,,Organika Electrolytes + Enhanced Collagen Zesty Lemon Berry Flavor 360g,Default Title,Organika,620365031091,organika-electrolytes-enhanced-collagen-zesty-lemon-berry-flavor-360g,draft,7536948543553,42078163402817
OG011_1,Herbal Supplements,Health & Beauty > Health Care > Fitness & Nutrition > Vitamins & Supplements > Herbal Supplements,Powder,Organika Organic Spirulina Blue-Green Algae Powder 300g,Default Title,Organika,620365018177,organika-organic-spirulina-blue-green-algae-powder-300g,draft,7529001418817,42056747057217
OGX001_1,Conditioners,Health & Beauty > Personal Care > Hair Care > Shampoo & Conditioner > Conditioners,LiquidGel,OGX Colour Care Colour Retention Conditioner 385ml,Default Title,Loreal,3574661680729,ogx-colour-care-colour-retention-conditioner-385ml,draft,7658370924609,42816580288577
OGX002_1,Shampoo,Health & Beauty > Personal Care > Hair Care > Shampoo & Conditioner > Shampoo,Liquid,OGX Frizz Free Keratin Smoothing Oil Shampoo 385ml,Default Title,OGX,062600385185,ogx-frizz-free-keratin-smoothing-oil-shampoo-385ml,draft,7684571299905,42971883176001
OGX003_1,Conditioners,Health & Beauty > Personal Care > Hair Care > Shampoo & Conditioner > Conditioners,Liquid,OGX Frizz Free Keratin Smoothing Oil Conditioner 385ml,Default Title,OGX,062600385192,ogx-frizz-free-keratin-smoothing-oil-conditioner-385ml,draft,7684584079425,42971973484609
OGX01_1,Shampoo,Health & Beauty > Personal Care > Hair Care > Shampoo & Conditioner > Shampoo,Liquid,OGX Argan Oil Of Morocco Shampoo 385ml - Italy,Default Title,OGX,022796976116,ogx-argan-oil-of-morocco-shampoo-385ml-italy,active,7524698783809,42044402106433
OGX01_2,Shampoo,Health & Beauty > Personal Care > Hair Care > Shampoo & Conditioner > Shampoo,Liquid,OGX Argan Oil Of Morocco Shampoo 385ml,Default Title,OGX,022796971104,ogx-argan-oil-of-morocco-shampoo-385ml-2,active,7530428760129,42060195430465
OGX01_3,Shampoo,Health & Beauty > Personal Care > Hair Care > Shampoo & Conditioner > Shampoo,Liquid,OGX Argan Oil Of Morocco Shampoo 385ml,Default Title,OGX,022796936110,ogx-argan-oil-of-morocco-shampoo-385ml-3,active,7533975240769,42068440285249
OGX01_4,Shampoo,Health & Beauty > Personal Care > Hair Care > Shampoo & Conditioner > Shampoo,Liquid,OGX Argan Oil Of Morocco Shampoo 385ml,Default Title,OGX,022796939104,ogx-argan-oil-of-morocco-shampoo-385ml-4,active,7544104255553,42095309193281
OGX04_1,Shampoo,Health & Beauty > Personal Care > Hair Care > Shampoo & Conditioner > Shampoo,Liquid,OGX Brazilian Keratin Smooth Shampoo 385ml,Default Title,OGX,022796976017,ogx-brazilian-keratin-smooth-shampoo-385ml,active,7489634762817,41918070489153
OGX06_1,Shampoo,Health & Beauty > Personal Care > Hair Care > Shampoo & Conditioner > Shampoo,Liquid,OGX Biotin and Collagen Shampoo 385ml,Default Title,OGX,022796976703,ogx-biotin-and-collagen-shampoo-385ml,active,7524700979265,42044406628417
OGX06_2,Shampoo,Health & Beauty > Personal Care > Hair Care > Shampoo & Conditioner > Shampoo,Liquid,OGX Biotin and Collagen Shampoo 385ml,Default Title,OGX,062600344724,ogx-biotin-and-collagen-shampoo-385ml-2,active,7530487545921,42060292784193
OGX06_3,Shampoo,Health & Beauty > Personal Care > Hair Care > Shampoo & Conditioner > Shampoo,Liquid,OGX Biotin and Collagen Shampoo 385ml,Default Title,OGX,022796936707,ogx-biotin-and-collagen-shampoo-385ml-3,active,7530459529281,42060245762113
OGX07_1,Conditioners,Health & Beauty > Personal Care > Hair Care > Shampoo & Conditioner > Conditioners,Liquid,OGX Brazilian Keratin Smooth Conditioner 385ml,Default Title,OGX,022796976024,ogx-brazilian-keratin-smooth-conditioner-385ml,active,7489634828353,41918070521921
OGX09_1,Conditioners,Health & Beauty > Personal Care > Hair Care > Shampoo & Conditioner > Conditioners,Liquid,OGX Argan Oil of Morocco Conditioner 385ml - Italy,Default Title,OGX,022796936127,ogx-argan-oil-of-morocco-conditioner-385ml-italy,active,7524695834689,42044397125697
OGX09_2,Conditioners,Health & Beauty > Personal Care > Hair Care > Shampoo & Conditioner > Conditioners,Liquid,OGX Argan Oil of Morocco Conditioner 385ml,Default Title,OGX,022796976123,ogx-argan-oil-of-morocco-conditioner-385ml-2,active,7530517626945,42060339773505
OGX09_3,Conditioners,Health & Beauty > Personal Care > Hair Care > Shampoo & Conditioner > Conditioners,Liquid,OGX Argan Oil of Morocco Conditioner 385ml,Default Title,OGX,022796971111,ogx-argan-oil-of-morocco-conditioner-385ml-3,active,7542256173121,42091120427073
OGX09_4,Conditioners,Health & Beauty > Personal Care > Hair Care > Shampoo & Conditioner > Conditioners,Liquid,OGX Argan Oil of Morocco Conditioner 385ml,Default Title,OGX,022796939111,ogx-argan-oil-of-morocco-conditioner-385ml-4,active,7544106549313,42095316664385
OGX10_1,Conditioners,Health & Beauty > Personal Care > Hair Care > Shampoo & Conditioner > Conditioners,Liquid,OGX Biotin and Collagen Conditioner 385ml,Default Title,OGX,022796936714,ogx-biotin-and-collagen-conditioner-385ml,active,7524975312961,42045367451713
OGX10_2,Conditioners,Health & Beauty > Personal Care > Hair Care > Shampoo & Conditioner > Conditioners,Liquid,OGX Biotin and Collagen Conditioner 385ml,Default Title,OGX,022796976710,ogx-biotin-and-collagen-conditioner-385ml-2,active,7544108449857,42095318728769
OGX10_3,Conditioners,Health & Beauty > Personal Care > Hair Care > Shampoo & Conditioner > Conditioners,Liquid,OGX Biotin and Collagen Conditioner 385ml,Default Title,OGX,062600344731,ogx-biotin-and-collagen-conditioner-385ml-3,active,7544111366209,42095325806657
OGX12_1,Shampoo,Health & Beauty > Personal Care > Hair Care > Shampoo & Conditioner > Shampoo,Liquid,OGX Keratin Oil Shampoo 385ml,Default Title,OGX,022796977519,ogx-keratin-oil-shampoo-385ml,active,7489634926657,41918070554689
OGX13_1,Conditioners,Health & Beauty > Personal Care > Hair Care > Shampoo & Conditioner > Conditioners,Liquid,OGX Keratin Oil Conditioner 385ml,Default Title,OGX,022796977526,ogx-keratin-oil-conditioner-385ml,active,7489634959425,41918070587457
OGX13_2,Conditioners,Health & Beauty > Personal Care > Hair Care > Shampoo & Conditioner > Conditioners,Liquid,OGX Keratin Oil Conditioner 385ml,Default Title,OGX,022796937520,ogx-keratin-oil-conditioner-385ml-2,active,7684539842625,42971663302721
OGX14_1,Shampoo,Health & Beauty > Personal Care > Hair Care > Shampoo & Conditioner > Shampoo,Oil,OGX Frizz Free + Keratin and Argan Oil Shampoo 385ml,Default Title,OGX,3574661621951,ogx-frizz-free-keratin-and-argan-oil-shampoo-385ml,active,7754234789953,43201289945153
OGX15_1,Shampoo,Health & Beauty > Personal Care > Hair Care > Shampoo & Conditioner > Shampoo,,OGX Anti-Breakage Keratin Oil Shampoo 385ml,Default Title,OGX,022796937513,ogx-anti-breakage-keratin-oil-shampoo-385ml,active,7803161903169,43583697223745
OGX20_1,Shampoo,Health & Beauty > Personal Care > Hair Care > Shampoo & Conditioner > Shampoo,LiquidGel,OGX Coconut Milk Shampoo 385ml,Default Title,OGX,022796930057,ogx-coconut-milk-shampoo-385ml,draft,7525976965185,42047912869953
OGX20_2,Shampoo,Health & Beauty > Personal Care > Hair Care > Shampoo & Conditioner > Shampoo,LiquidGel,OGX Coconut Milk Shampoo 385ml,Default Title,OGX,022796970053,ogx-coconut-milk-shampoo-385ml-2,draft,7530534142017,42060366315585
OGX21_1,Shampoo,Health & Beauty > Personal Care > Hair Care > Shampoo & Conditioner > Shampoo,Liquid,OGX Quenching + Coconut Curls Shampoo 385ml,Default Title,OGX,022796971906,ogx-quenching-coconut-curls-shampoo-385ml,draft,7525022990401,42045518086209
OGX21_2,Shampoo,Health & Beauty > Personal Care > Hair Care > Shampoo & Conditioner > Shampoo,Liquid,OGX Quenching + Coconut Curls Shampoo 385ml,Default Title,OGX,022796933904,ogx-quenching-coconut-curls-shampoo-385ml-2,draft,7775649464385,43275182309441
OGX22_1,Conditioners,Health & Beauty > Personal Care > Hair Care > Shampoo & Conditioner > Conditioners,Liquid,OGX Coconut Curls Conditioner 385ml,Default Title,OGX,022796971920,ogx-coconut-curls-conditioner-385ml,draft,7529916301377,42059463000129
OGX25_1,Conditioners,Health & Beauty > Personal Care > Hair Care > Shampoo & Conditioner > Conditioners,,OGX Coconut Milk Conditioner 385ml,Default Title,OGX,022796930064,ogx-coconut-milk-conditioner-385ml,draft,7525975949377,42047909560385
OGX25_2,Conditioners,Health & Beauty > Personal Care > Hair Care > Shampoo & Conditioner > Conditioners,,OGX Coconut Milk Conditioner 385ml,Default Title,OGX,022796970060,ogx-coconut-milk-conditioner-385ml-2,draft,7542259351617,42091124621377
OGX26_1,Hair Styling Products,Health & Beauty > Personal Care > Hair Care > Hair Styling Products,Oil,OGX Renewing + Argan Oil of Morocco Extra Penetrating Oil for All Hair Types 100ml,Default Title,OGX,022796936141,ogx-renewing-argan-oil-of-morocco-extra-penetrating-oil-for-all-hair-types-100ml,active,7525050646593,42045665247297
OGX26_2,Hair Styling Products,Health & Beauty > Personal Care > Hair Care > Hair Styling Products,Oil,OGX Renewing + Argan Oil of Morocco Extra Penetrating Oil for All Hair Types 100ml,Default Title,OGX,3574661563312,ogx-renewing-argan-oil-of-morocco-extra-penetrating-oil-for-all-hair-types-100ml-1,active,7636648296513,42404769726529
OGX27_1,Hair Oils,Health & Beauty > Personal Care > Hair Care > Hair Treatments > Hair Oils,LiquidGel,Ogx Argan Oil Of Morocco Extra Penetrating Oil 100ml,Default Title,OGX,3574661563336,ogx-argan-oil-of-morocco-extra-penetrating-oil-100ml,active,7983658106945,44213465677889
OGX28_1,Hair Loss Treatments,Health & Beauty > Personal Care > Hair Care > Hair Loss Treatments,Serum,OGX ProGrowth + Peptide Scalp Serum 10ml,Default Title,OGX,062600234001,ogx-progrowth-peptide-scalp-serum-10ml,active,9046386278465,48936122449985
OGX34_1,Conditioners,Health & Beauty > Personal Care > Hair Care > Shampoo & Conditioner > Conditioners,Liquid,OGX Coconut Caffeine Anti-Hair Fall Conditioner 385ml,Default Title,OGX,062600447005,ogx-coconut-caffeine-anti-hair-fall-conditioner-385ml,draft,7489635156033,41918070620225
OGXA01_1,Hair Styling Products,Health & Beauty > Personal Care > Hair Care > Hair Styling Products,Gel,OGX Renewing + Argan Oil of Morocco Extra Penetrating Oil for Dry Hair 100ml,Default Title,OGX,022796936165,ogx-renewing-argan-oil-of-morocco-extra-penetrating-oil-for-dry-hair-100ml,active,7525981257793,42047918342209
OGXA01_2,Hair Styling Products,Health & Beauty > Personal Care > Hair Care > Hair Styling Products,Gel,OGX Renewing + Argan Oil of Morocco Extra Penetrating Oil for Dry Hair 100ml,Default Title,OGX,3574661563336,ogx-renewing-argan-oil-of-morocco-extra-penetrating-oil-for-dry-hair-100ml-2,draft,7636647542849,42404768055361
OGXB001_1,Shampoo,Health & Beauty > Personal Care > Hair Care > Shampoo & Conditioner > Shampoo,LiquidGel,Ogx Bond Protein Repair Shampoo 385ml,Default Title,OGX,062600654861,ogx-bond-protein-repair-shampoo-385ml,draft,7641794936897,42425936019521
OGXB002_1,Conditioners,Health & Beauty > Personal Care > Hair Care > Shampoo & Conditioner > Conditioners,LiquidGel,Ogx Bond Protein Repair Conditioner 385ml,Default Title,OGX,062600654854,ogx-bond-protein-repair-conditioner-385ml,draft,7641796051009,42425937461313
OGXB003_1,Shampoo,Health & Beauty > Personal Care > Hair Care > Shampoo & Conditioner > Shampoo,LiquidGel,Ogx Vibrant Color Vibes Shampoo 385ml,Default Title,OGX,062600618412,ogx-vibrant-color-vibes-shampoo-385ml,draft,7641794379841,42425931628609
OGXB004_1,Conditioners,Health & Beauty > Personal Care > Hair Care > Shampoo & Conditioner > Conditioners,LiquidGel,Ogx Vibrant Colour Vibes Conditioner 385ml,Default Title,OGX,062600618429,ogx-vibrant-colour-vibes-conditioner-385ml,draft,7641797034049,42425942409281
OGXC001_1,Shampoo,Health & Beauty > Personal Care > Hair Care > Shampoo & Conditioner > Shampoo,LiquidGel,OGX Colour Care Colour Retention Shampoo 385ml,Default Title,OGX,3574661680705,ogx-colour-care-colour-retention-shampoo-385ml,draft,7665206362177,42850718548033
OGXC01_1,Hair Styling Products,Health & Beauty > Personal Care > Hair Care > Hair Styling Products,Cream,Ogx Locking + Coconut Curls Air Dry Cream 177ml,Default Title,OGX,022796634238,ogx-locking-coconut-curls-air-dry-cream-177ml,active,7560056307777,42147500523585
OHK01_1,Foot Scrubs & Exfoliants,Health & Beauty > Personal Care > Foot Care > Foot Scrubs & Exfoliants,,Oh K Watermelon Jelly Foot Peel 20g,Default Title,Oh K,5037200094947,oh-k-watermelon-jelly-foot-peel-20g,active,10313212330049,50515512197185
OHK02_1,Skin Care Masks & Peels,Health & Beauty > Personal Care > Cosmetics > Skin Care > Skin Care Masks & Peels,,Oh K Pomegranate Hydrogel Face Mask 30g,Default Title,Oh K,5037200109818,oh-k-pomegranate-hydrogel-face-mask-30g,active,10313216557121,50515521044545
OHK03_1,Skin Care Masks & Peels,Health & Beauty > Personal Care > Cosmetics > Skin Care > Skin Care Masks & Peels,,Oh K Triple Hyaluronic Acid Slugging Face Mask 33g,Default Title,Oh K,5037200110661,oh-k-triple-hyaluronic-acid-slugging-face-mask-33g,active,10313223635009,50515572916289
OHK04_1,Corn & Callus Care Supplies,Health & Beauty > Personal Care > Foot Care > Corn & Callus Care Supplies,,Oh K Strawberry and Mint Jelly Foot Peel Mask 20g,Default Title,Oh K,5037200110692,oh-k-strawberry-and-mint-jelly-foot-peel-mask-20g,active,10313234513985,50515728302145
OL011_1,Sunscreen,Health & Beauty > Personal Care > Cosmetics > Skin Care > Sunscreen,Cream,Olay Complete Day Cream SPF 15,Default Title,Olay,056100785842,olay-complete-day-cream-spf-15,draft,7489635221569,41918070652993
OL023_1,Face Moisturizers,Health & Beauty > Personal Care > Cosmetics > Skin Care > Face Moisturizers,Cream,Olay Deep Moisture Slugging mask 100ml,Default Title,Olay,075609208782,olay-deep-moisture-slugging-mask-100ml,active,7489635287105,41918070718529
OL026_1,Lotions & Moisturizers,Health & Beauty > Personal Care > Cosmetics > Skin Care > Lotions & Moisturizers,Cream,Olay Active Hydrating Original Cream 100ml,Default Title,Olay,075609190421,olay-active-hydrating-original-cream-100ml,active,7489635319873,41918070751297
OL027_1,Anti-Aging Skin Care,Health & Beauty > Personal Care > Cosmetics > Skin Care > Anti-Aging Skin Care,Serum,Olay Regenerist Advanced Anti-Aging Micro-Sculpting Serum Fragrance Free 50ml,Default Title,Olay,075609191091,olay-regenerist-advanced-anti-aging-micro-sculpting-serum-fragrance-free-50ml,draft,7489635352641,41918070784065
OL06_1,Face Moisturizers,Health & Beauty > Personal Care > Cosmetics > Skin Care > Face Moisturizers,,Olay Regenerist Ultra Rich Hydrating Moisturizer 50ml,Default Title,Olay,075609199134,olay-regenerist-ultra-rich-hydrating-moisturizer-50ml,draft,7526378602561,42049081114689
OL08_1,Anti-Aging Skin Care,Health & Beauty > Personal Care > Cosmetics > Skin Care > Anti-Aging Skin Care,Capsules,Olay Regenerist Micro-Sculpting Cream Fragrance Free 50ml,Default Title,Olay,075609190506,olay-regenerist-micro-sculpting-cream-fragrance-free-50ml,draft,7525041569857,42045615996993
OL24_1,Skin Care,Health & Beauty > Personal Care > Cosmetics > Skin Care,Cream,Olay Age Defying Anti-Wrinkle Replenishing Night Cream 60ml,Default Title,Olay,075609000225,olay-age-defying-anti-wrinkle-replenishing-night-cream-60ml,draft,7489635385409,41918070816833
OL24_2,Skin Care,Health & Beauty > Personal Care > Cosmetics > Skin Care,Cream,Olay Age Defying Anti-Wrinkle Replenishing Night Cream 60ml,Default Title,Olay,075609601439,olay-age-defying-anti-wrinkle-replenishing-night-cream-60ml-2,draft,7544492621889,42096192356417
OL24_3,Skin Care,Health & Beauty > Personal Care > Cosmetics > Skin Care,Cream,Olay Age Defying Anti-Wrinkle Replenishing Night Cream 60ml,Default Title,Olay,075609014697,olay-age-defying-anti-wrinkle-replenishing-night-cream-60ml-1,draft,7636643676225,42404745445441
OL25_1,Face Serums,Health & Beauty > Personal Care > Cosmetics > Skin Care > Face Serums,,Olay Vitamin C Brightening Serum 40ml,Default Title,Olay,075609200557,olay-vitamin-c-brightening-serum-40ml,draft,7525986172993,42047928991809
OL25_2,Face Serums,Health & Beauty > Personal Care > Cosmetics > Skin Care > Face Serums,,Olay Vitamin C Brightening Serum 40ml,Default Title,Olay,075609202971,olay-vitamin-c-brightening-serum-40ml-2,draft,7534091239489,42068488388673
OL26_1,Face Serums,Health & Beauty > Personal Care > Cosmetics > Skin Care > Face Serums,Serum,Olay Collagen Max 2X Peptide Serum 40ml,Default Title,Olay,075609200922,olay-collagen-max-2x-peptide-serum-40ml,draft,7489635450945,41918070849601
OL27_1,Face Serums,Health & Beauty > Personal Care > Cosmetics > Skin Care > Face Serums,,Olay Retinol Night Smoothing Serum 40ml,Default Title,Olay,075609199400,olay-retinol-night-smoothing-serum-40ml,draft,7525984927809,42047923945537
OL27_2,Face Serums,Health & Beauty > Personal Care > Cosmetics > Skin Care > Face Serums,,Olay Retinol Night Smoothing Serum 40ml,Default Title,Olay,075609198175,olay-retinol-night-smoothing-serum-40ml-2,draft,7534093205569,42068500086849
OL28_1,Face Moisturizers,Health & Beauty > Personal Care > Cosmetics > Skin Care > Face Moisturizers,Cream,Olay Age Defying Classic Daily Renewal Cream 56g,Default Title,Olay,,olay-age-defying-classic-daily-renewal-cream-56g,draft,7489635516481,41918070882369
OL29_1,Face Serums,Health & Beauty > Personal Care > Cosmetics > Skin Care > Face Serums,Serum,Olay Collagen Peptide 24 Max Serum 40ml,Default Title,Olay,075609199950,olay-collagen-peptide-24-max-serum-40ml,draft,7489635549249,41918070915137
OL30_1,Face Serums,Health & Beauty > Personal Care > Cosmetics > Skin Care > Face Serums,Serum,Olay Regenerist Max Wrinkle Serum 40ml,Default Title,Olay,,olay-regenerist-max-wrinkle-serum-40ml,draft,7489635614785,41918070980673
OL31_1,Face Serums,Health & Beauty > Personal Care > Cosmetics > Skin Care > Face Serums,Serum,Olay Hyaluronic + Peptide 24 Hydrating Serum 40ml,Default Title,Olay,075609200878,olay-hyaluronic-peptide-24-hydrating-serum-40ml,draft,7489635647553,41918071013441
OL32_1,Face Serums,Health & Beauty > Personal Care > Cosmetics > Skin Care > Face Serums,Serum,Olay Niacinamide + Peptide 24 Hydrating Serum 40ml,Default Title,Olay,075609208157,olay-niacinamide-peptide-24-hydrating-serum-40ml,draft,7540379779137,42085373837377
OL32_2,Face Serums,Health & Beauty > Personal Care > Cosmetics > Skin Care > Face Serums,Serum,Olay Niacinamide + Peptide 24 Hydrating Serum 40ml,Default Title,Olay,075609199417,olay-niacinamide-peptide-24-hydrating-serum-40ml-2,draft,7525985091649,42047924731969
OLA01_1,Face Moisturizers,Health & Beauty > Personal Care > Cosmetics > Skin Care > Face Moisturizers,Cream,Olay Total Effects 7-in-1 Normal Day Cream SPF15 50g,Default Title,Olay,4987176179623,olay-total-effects-7-in-1-normal-day-cream-spf15-50g,active,7771578368065,43261431873601
OLA02_1,Face Moisturizers,Health & Beauty > Personal Care > Cosmetics > Skin Care > Face Moisturizers,Cream,Olay Total Effects 7-in-1 Normal Day Cream 50g,Default Title,Olay,4987176179555,olay-total-effects-7-in-1-normal-day-cream-50g,active,7771579678785,43261435740225
OLA03_1,Face Moisturizers,Health & Beauty > Personal Care > Cosmetics > Skin Care > Face Moisturizers,Cream,Olay Total Effects 7-in-1 Gentle Day Cream SPF 15 50g,Default Title,Olay,4987176179579,olay-total-effects-7-in-1-gentle-day-cream-spf-15-50g,active,7771579842625,43261436592193
OLA04_1,Face Moisturizers,Health & Beauty > Personal Care > Cosmetics > Skin Care > Face Moisturizers,Cream,Olay Total Effects 7-in-1 Normal Day Cream SPF15 20g,Default Title,Olay,4987176179630,olay-total-effects-7-in-1-normal-day-cream-spf15-20g,active,7771678933057,43261950492737
OLA05_1,Face Moisturizers,Health & Beauty > Personal Care > Cosmetics > Skin Care > Face Moisturizers,Cream,Olay Total Effects 7-in-1 Normal Day Cream 20g,Default Title,Olay,4987176179593,olay-total-effects-7-in-1-normal-day-cream-20g,active,7771679293505,43261951082561
OLA06_1,Face Moisturizers,Health & Beauty > Personal Care > Cosmetics > Skin Care > Face Moisturizers,Cream,Olay Regenerist Micro-Sculpting Moisturizer Cream SPF 30 50g,Default Title,Olay,4987176179302,olay-regenerist-micro-sculpting-moisturizer-cream-spf-30-50g,active,7771576238145,43261426958401
OLA07_1,Face Moisturizers,Health & Beauty > Personal Care > Cosmetics > Skin Care > Face Moisturizers,Cream,Olay Regenerist Micro-Sculpting Cream 50g,Default Title,Olay,4987176179418,olay-regenerist-micro-sculpting-cream-50g,active,7771575943233,43261425778753
OLA08_1,Lotions & Moisturizers,Health & Beauty > Personal Care > Cosmetics > Skin Care > Lotions & Moisturizers,,Olay Moisturising Lotion with Coconut and Castor Seed Oil 150ml,Default Title,Olay,4987176132383,olay-moisturising-lotion-with-coconut-and-castor-seed-oil-150ml,active,7771575255105,43261421191233
OLA09_1,Face Moisturizers,Health & Beauty > Personal Care > Cosmetics > Skin Care > Face Moisturizers,Cream,Olay Moisturising Cream 50g,Default Title,Olay,4987176179432,olay-moisturising-cream-50g,active,7771571159105,43261396779073
OLA10_1,Face Moisturizers,Health & Beauty > Personal Care > Cosmetics > Skin Care > Face Moisturizers,Cream,Olay Natural Aura 7 In One Night Nourishing Repair Cream 50g,Default Title,Olay,4987176263797,olay-natural-aura-7-in-one-night-nourishing-repair-cream-50g,active,7771569291329,43261383442497
OLA11_1,Facial Cleansers,Health & Beauty > Personal Care > Cosmetics > Skin Care > Facial Cleansers,,Olay Total Effects 7-in-1 Foaming Cleanser 100g,Default Title,Olay,4902430992954,olay-total-effects-7-in-1-foaming-cleanser-100g,active,7771548876865,43261349331009
OLA12_1,Face Serums,Health & Beauty > Personal Care > Cosmetics > Skin Care > Face Serums,Serum,Olay Super Serum 30ml,Default Title,Olay,075609208768,olay-super-serum-30ml,draft,7489635713089,41918071046209
OLA13_1,Face Serums,Health & Beauty > Personal Care > Cosmetics > Skin Care > Face Serums,Serum,Olay Super Serum Night Repair 30ml,Default Title,Olay,075609209000,olay-super-serum-night-repair-30ml,draft,7489635745857,41918071078977
OLA14_1,Eye Creams,Health & Beauty > Personal Care > Cosmetics > Skin Care > Eye Creams,Serum,Olay Super Daily Eye Serum 13.5ml,Default Title,Olay,,olay-super-daily-eye-serum-13-5ml,draft,7489635778625,41918071111745
OLA15_1,Uncategorized,Uncategorized,Cream,Olay Total Effects 7 in 1 Night Cream 50g,Default Title,Olay,4987176179654,olay-total-effects-7-in-1-night-cream-50g,active,7822280097857,43617978351681
OLA16_1,Face Moisturizers,Health & Beauty > Personal Care > Cosmetics > Skin Care > Face Moisturizers,Cream,Olay Natural Aura Glowing Radiance Cream SPF 15 50g,Default Title,Olay,4987176263827,olay-natural-aura-glowing-radiance-cream-spf-15-50g,active,7822294384705,43617993326657
OLAY001_1,Face Moisturizers,Health & Beauty > Personal Care > Cosmetics > Skin Care > Face Moisturizers,Cream,Olay Natural White All in One Fairness Night Cream 50g,Default Title,Olay,5011321868342,olay-natural-white-all-in-one-fairness-night-cream-50g,active,7489635811393,41918071144513
OLAY002_1,Face Moisturizers,Health & Beauty > Personal Care > Cosmetics > Skin Care > Face Moisturizers,Cream,Olay Vitamin C Max 2x Peptide Lightweight Moisturizer 50ml,Default Title,Olay,075609202964,olay-vitamin-c-max-2x-peptide-lightweight-moisturizer-50ml,draft,7658267705409,42816464355393
OLAY01_1,Anti-Aging Skin Care,Health & Beauty > Personal Care > Cosmetics > Skin Care > Anti-Aging Skin Care,Cream,Olay Natural Aura Glowing Radiance Cream SPF15 50g,Default Title,Olay,5011321868175,olay-natural-aura-glowing-radiance-cream-spf15-50g,active,7489635844161,41918071177281
OLAY12_1,Sunscreen,Health & Beauty > Personal Care > Cosmetics > Skin Care > Sunscreen,Cream,Olay Total Effects 7 in 1 SPF 15 Moisturizer 50ml,Default Title,Olay,075609002786,olay-total-effects-7-in-1-spf-15-moisturizer-50ml,draft,7548829466689,42108813672513
OLAY20_1,Anti-Aging Skin Care,Health & Beauty > Personal Care > Cosmetics > Skin Care > Anti-Aging Skin Care,Serum,Olay Regenerist Advanced Anti-Aging Regenerating Serum 50ml,Default Title,Olay,075609007415,olay-regenerist-advanced-anti-aging-regenerating-serum-50ml,draft,7489635876929,41918071210049
OLAY21_1,Anti-Aging Skin Care,Health & Beauty > Personal Care > Cosmetics > Skin Care > Anti-Aging Skin Care,Serum,Olay Regenerist Advanced Anti-Aging Regenerating Serum Fragrance Free 50ml,Default Title,Olay,075609010187,olay-regenerist-advanced-anti-aging-regenerating-serum-fragrance-free-50ml,draft,7489635909697,41918071242817
OLAY23_1,Anti-Aging Skin Care,Health & Beauty > Personal Care > Cosmetics > Skin Care > Anti-Aging Skin Care,Serum,Olay Regenerist Advanced Anti-Aging Micro-Sculpting Serum 50ml,Default Title,Olay,075609037696,olay-regenerist-advanced-anti-aging-micro-sculpting-serum-50ml,draft,7489635975233,41918071308353
OLAY56_1,Lotions & Moisturizers,Health & Beauty > Personal Care > Cosmetics > Skin Care > Lotions & Moisturizers,Cream,Olay Total Effects 7 in One Night Firming Cream 50ml,Default Title,Olay,075609195303,olay-total-effects-7-in-one-night-firming-cream-50ml,draft,7489636040769,41918071373889
OLAY58_1,Lotions & Moisturizers,Health & Beauty > Personal Care > Cosmetics > Skin Care > Lotions & Moisturizers,Lotion,Olay Active Hydrating Beauty Fluid Lotion 177ml,Default Title,Olay,075609190414,olay-active-hydrating-beauty-fluid-lotion-177ml,draft,7489636106305,41918071439425
OLAY60_1,Face Moisturizers,Health & Beauty > Personal Care > Cosmetics > Skin Care > Face Moisturizers,Liquid,Olay Total Effects 7 in One Hydratant Avec UVA / UVB SPF 30 Moisturizer 50ml,Default Title,Olay,075609191466,olay-total-effects-7-in-one-hydratant-avec-uva-uvb-spf-30-moisturizer-50ml,draft,7548759048257,42108670607425
OLAY61_1,Face Moisturizers,Health & Beauty > Personal Care > Cosmetics > Skin Care > Face Moisturizers,Cream,Olay Total Effects 7 in One Moisturizer Fragrance Free 50ml,Default Title,Olay,075609001772,olay-total-effects-7-in-one-moisturizer-fragrance-free-50ml,draft,7548763471937,42108685418561
OLEC02_1,Eye Creams,Health & Beauty > Personal Care > Cosmetics > Skin Care > Eye Creams,Cream,Olay Shea Butter + Peptide 24 Rich Eye Cream 15ml,Default Title,Olay,075609202551,olay-shea-butter-peptide-24-rich-eye-cream-15ml,draft,7489636171841,41918071504961
OM001_1,Amino Acids,Health & Beauty > Health Care > Fitness & Nutrition > Vitamins & Supplements > Amino Acids,Capsules,Omnymune Liposomal Glutathione 1000mg 60 softgels,Default Title,Omnymune,750748045831,omnymune-liposomal-glutathione-1000mg-60-softgels,draft,7591463813185,42254602240065
ON002_1,Protein Supplements,Health & Beauty > Health Care > Fitness & Nutrition > Vitamins & Supplements > Protein Supplements,Powder,Optimum Nutrition Gold Standard 100% Whey Protein Powder Double Rich Chocolate 465g,Default Title,Optimum Nutrition,5060245600507,optimum-nutrition-gold-standard-100-whey-protein-powder-double-rich-chocolate-465g,draft,7591372062785,42254381908033
ON003_1,Protein Supplements,Health & Beauty > Health Care > Fitness & Nutrition > Vitamins & Supplements > Protein Supplements,Powder,Optimum Nutrition Gold Standard 100% Whey Protein Powder Vanilla Ice Cream 450g,Default Title,Optimum Nutrition,5060245603935,optimum-nutrition-gold-standard-100-whey-protein-powder-vanilla-ice-cream-450g,draft,7591341719617,42254300905537
ONC02_1,Face Moisturizers,Health & Beauty > Personal Care > Cosmetics > Skin Care > Face Moisturizers,Cream,Olifair Night Cream 50ml,Default Title,Olifair,8906116220887,olifair-night-cream-50ml,active,7489636302913,41918071636033
ONT01_1,Herbal Supplements,Health & Beauty > Health Care > Fitness & Nutrition > Vitamins & Supplements > Herbal Supplements,Capsules,Orange Naturals Vitamin C 1000mg 120 Veg Capsules,Default Title,Orange Naturals,886646061120,orange-naturals-vitamin-c-1000mg-120-veg-capsules,draft,7529002434625,42056749383745
ONT02_1,Vitamins & Supplements,Health & Beauty > Health Care > Fitness & Nutrition > Vitamins & Supplements,Capsules,Orange Naturals Zinc + Vitamin C 90 Veg Capsules,Default Title,Orange Naturals,886646010715,orange-naturals-zinc-vitamin-c-90-veg-capsules,draft,7529009283137,42056780447809
ONT03_1,Protein Supplements,Health & Beauty > Health Care > Fitness & Nutrition > Vitamins & Supplements > Protein Supplements,,Orange Naturals Hair Bliss with Ceramides 30 Softgel,Default Title,Orange Naturals,886646061489,orange-naturals-hair-bliss-with-ceramides-30-softgel,draft,7539797557313,42083627827265
ONT04_1,Herbal Supplements,Health & Beauty > Health Care > Fitness & Nutrition > Vitamins & Supplements > Herbal Supplements,,Orange Naturals Skin Bliss with Ceramides 30 Veg Capsules,Default Title,Orange Naturals,886646061496,orange-naturals-skin-bliss-with-ceramides-30-veg-capsules,draft,7539799162945,42083632873537
ORC01_1,Face Moisturizers,Health & Beauty > Personal Care > Cosmetics > Skin Care > Face Moisturizers,Cream,Olay Vitamin C Brighten Even Tone Hydrate Lightweight Moisturizer 50ml,Default Title,Olay,075609200540,olay-vitamin-c-brighten-even-tone-hydrate-lightweight-moisturizer-50ml,draft,7489636335681,41918071668801
ORC02_1,Face Moisturizers,Health & Beauty > Personal Care > Cosmetics > Skin Care > Face Moisturizers,Cream,Olay Retinol 24 Night Face Cream Moisturiser Fragrance Free 50ml,Default Title,Olay,075609198168,olay-retinol-24-night-face-cream-moisturiser-fragrance-free-50ml,draft,7489636368449,41918071701569
ORC02_2,Face Moisturizers,Health & Beauty > Personal Care > Cosmetics > Skin Care > Face Moisturizers,Cream,Olay Retinol 24 Max Night Face Moisturizer 50ml,Default Title,Olay,075609199202,olay-retinol-24-max-night-face-moisturizer-50ml,draft,7544589647937,42096383328321
ORC03_1,Face Moisturizers,Health & Beauty > Personal Care > Cosmetics > Skin Care > Face Moisturizers,,Olay Regenerist Collagen Peptide 24 Face Moisturizer Cream 50ml,Default Title,Olay,075609200915,olay-regenerist-collagen-peptide-24-face-moisturizer-cream-50ml,active,7525983354945,42047921586241
ORC03_2,Face Moisturizers,Health & Beauty > Personal Care > Cosmetics > Skin Care > Face Moisturizers,,Olay Regenerist Collagen Peptide 24 Face Moisturizer Cream 50ml,Default Title,Olay,075609199943,olay-regenerist-collagen-peptide-24-face-moisturizer-cream-50ml-2,active,7536677093441,42077678796865
ORC03_3,Face Moisturizers,Health & Beauty > Personal Care > Cosmetics > Skin Care > Face Moisturizers,,Olay Regenerist Collagen Peptide 24 Face Moisturizer Cream 50ml,Default Title,Olay,No Barcode,olay-regenerist-collagen-peptide-24-face-moisturizer-cream-50ml-3,draft,7536673161281,42077674471489
ORD002_1,Hair Care,Health & Beauty > Personal Care > Hair Care,Serum,The Ordinary Multi-Peptide Serum For Hair Density 60ml,Default Title,The Ordinary,769915194647,the-ordinary-multi-peptide-serum-for-hair-density-60ml,active,7489636433985,41918071734337
ORD002_2,Hair Care,Health & Beauty > Personal Care > Hair Care,Serum,The Ordinary Multi-Peptide Serum For Hair Density 60ml,Default Title,The Ordinary,769915195910,the-ordinary-multi-peptide-serum-for-hair-density-60ml-2,active,7544543182913,42096307175489
ORD01_1,Skin Care,Health & Beauty > Personal Care > Cosmetics > Skin Care,Serum,The Ordinary Retinol 0.5% in Squalane 30ml,Default Title,The Ordinary,769915194012,the-ordinary-retinol-0-5-in-squalane-30ml,active,7489636466753,41918071767105
ORD010_1,Body Oil,Health & Beauty > Personal Care > Cosmetics > Skin Care > Body Oil,Oil,The Ordinary 100% Organic Cold-Pressed Moroccan Argan Oil 30ml,Default Title,The Ordinary,769915190496,the-ordinary-100-organic-cold-pressed-moroccan-argan-oil-30ml,draft,7489636499521,41918071799873
ORD011_1,Body Oil,Health & Beauty > Personal Care > Cosmetics > Skin Care > Body Oil,Serum,The Ordinary Salicylic Acid 0.5% Body Serum 240ml,Default Title,The Ordinary,769915233537,the-ordinary-salicylic-acid-0-5-body-serum-240ml,active,7874700673089,43749229461569
ORD012_1,Face Serums,Health & Beauty > Personal Care > Cosmetics > Skin Care > Face Serums,Serum,The Ordinary Hyaluronic Acid 2% + B5 30ml,Default Title,The Ordinary,769915233490,the-ordinary-hyaluronic-acid-2-b5-30ml,active,7489636532289,41918071832641
ORD012_2,Face Serums,Health & Beauty > Personal Care > Cosmetics > Skin Care > Face Serums,Serum,The Ordinary Hyaluronic Acid 2% + B5 30ml,Default Title,The Ordinary,769915190199,the-ordinary-hyaluronic-acid-2-b5-30ml-2,active,7544544559169,42096308781121
ORD02_1,Face Serums,Health & Beauty > Personal Care > Cosmetics > Skin Care > Face Serums,Serum,The Ordinary Alpha Arbutin 2% + HA Serum 30ml - Canada,Default Title,The Ordinary,769915190250,the-ordinary-alpha-arbutin-2-ha-serum-30ml-canada,active,7524712120385,42044427731009
ORD02_2,Face Serums,Health & Beauty > Personal Care > Cosmetics > Skin Care > Face Serums,Serum,The Ordinary Alpha Arbutin 2% + HA Serum 30ml,Default Title,The Ordinary,769915233674,the-ordinary-alpha-arbutin-2-ha-serum-30ml-2,active,7704125767745,43044255563841
ORD03_1,Skin Care Masks & Peels,Health & Beauty > Personal Care > Cosmetics > Skin Care > Skin Care Masks & Peels,Liquid,The Ordinary Direct Acids AHA 30% + BHA 2% Peeling Solution 30ml,Default Title,The Ordinary,769915191004,the-ordinary-direct-acids-aha-30-bha-2-peeling-solution-30ml,active,7528210923585,42054530826305
ORD03_2,Skin Care Masks & Peels,Health & Beauty > Personal Care > Cosmetics > Skin Care > Skin Care Masks & Peels,Liquid,The Ordinary Direct Acids AHA 30% + BHA 2% Peeling Solution 30ml,Default Title,The Ordinary,769915195606,the-ordinary-direct-acids-aha-30-bha-2-peeling-solution-30ml-2,active,7550191468609,42113597636673
ORD03_3,Skin Care Masks & Peels,Health & Beauty > Personal Care > Cosmetics > Skin Care > Skin Care Masks & Peels,Liquid,The Ordinary Direct Acids AHA 30% + BHA 2% Peeling Solution 30ml,Default Title,The Ordinary,769915236194,the-ordinary-direct-acids-aha-30-bha-2-peeling-solution-30ml-3,active,7622144688193,42344987426881
ORD04_1,Face Serums,Health & Beauty > Personal Care > Cosmetics > Skin Care > Face Serums,Serum,The Ordinary Niacinamide 10% + ZINC 1% 30ml - Canada,Default Title,The Ordinary,769915190311,the-ordinary-niacinamide-10-zinc-1-30ml-canada,active,7524740694081,42044500213825
ORD04_2,Anti-Aging Skin Care,Health & Beauty > Personal Care > Cosmetics > Skin Care > Anti-Aging Skin Care,Serum,The Ordinary Niacinamide 10% + ZINC 1% 30ml,Default Title,The Ordinary,769915195941,the-ordinary-niacinamide-10-zinc-1-30ml-2,active,7544428265537,42096054763585
ORD05_1,Skin Care,Health & Beauty > Personal Care > Cosmetics > Skin Care,Serum,The Ordinary Vitamin C Ascorbic Acid 8% + Alpha Arbutin 2% 30ml,Default Title,The Ordinary,769915194524,the-ordinary-vitamin-c-ascorbic-acid-8-alpha-arbutin-2-30ml,draft,7489636663361,41918071865409
ORD06_1,Body Oil,Health & Beauty > Personal Care > Cosmetics > Skin Care > Body Oil,,The Ordinary 100% Organic Cold-Pressed Rose Hip Seed Oil 30ml,Default Title,The Ordinary,769915195552,the-ordinary-100-organic-cold-pressed-rose-hip-seed-oil-30ml,active,7528762048577,42055721222209
ORD06_2,Body Oil,Health & Beauty > Personal Care > Cosmetics > Skin Care > Body Oil,,The Ordinary 100% Organic Cold-Pressed Rose Hip Seed Oil 30ml,Default Title,The Ordinary,769915190342,the-ordinary-100-organic-cold-pressed-rose-hip-seed-oil-30ml-2,active,7530747494465,42060663259201
ORD07_1,Eye Creams,Health & Beauty > Personal Care > Cosmetics > Skin Care > Eye Creams,Serum,The Ordinary Caffeine Solution 5% + EGCG 30ml,Default Title,The Ordinary,769915195712,the-ordinary-caffeine-solution-5-egcg-30ml,active,7524714807361,42044437102657
ORD07_2,Eye Creams,Health & Beauty > Personal Care > Cosmetics > Skin Care > Eye Creams,Serum,The Ordinary Caffeine Solution 5% + EGCG 30ml,Default Title,The Ordinary,769915190670,the-ordinary-caffeine-solution-5-egcg-30ml-2,active,7536689283137,42077697900609
ORD08_1,Face Serums,Health & Beauty > Personal Care > Cosmetics > Skin Care > Face Serums,Cream,The Ordinary Vitamin C Suspension 23% + HA Spheres 2% 30ml,Default Title,The Ordinary,769915196061,the-ordinary-vitamin-c-suspension-23-ha-spheres-2-30ml,active,7528764145729,42055733510209
ORD08_2,Uncategorized,Uncategorized,,The Ordinary Vitamin C Suspension 23% + HA Spheres 2% 30ml,,The Ordinary,769915190700,,,erp-ORD08_2,erp-ORD08_2
ORD09_1,Face Serums,Health & Beauty > Personal Care > Cosmetics > Skin Care > Face Serums,Serum,The Ordinary Multi-Peptide + HA Serum 30ml,Default Title,The Ordinary,769915231885,the-ordinary-multi-peptide-ha-serum-30ml,active,7489636794433,41918071898177
ORD10_1,Acne Treatments & Kits,Health & Beauty > Personal Care > Cosmetics > Skin Care > Acne Treatments & Kits,Serum,The Ordinary Azelaic Acid Suspension 10% 30ml,Default Title,The Ordinary,769915195682,the-ordinary-azelaic-acid-suspension-10-30ml,active,7524713988161,42044436709441
ORD10_2,Acne Treatments & Kits,Health & Beauty > Personal Care > Cosmetics > Skin Care > Acne Treatments & Kits,Serum,The Ordinary Azelaic Acid Suspension 10% 30ml,Default Title,The Ordinary,769915190588,the-ordinary-azelaic-acid-suspension-10-30ml-2,active,7540813168705,42087097303105
ORD11_1,Skin Care,Health & Beauty > Personal Care > Cosmetics > Skin Care,Serum,The Ordinary Lactic Acid 10% + HA 2% 30ml,Default Title,The Ordinary,769915190373,the-ordinary-lactic-acid-10-ha-2-30ml,draft,7489636859969,41918071930945
ORD11_2,Skin Care,Health & Beauty > Personal Care > Cosmetics > Skin Care,Serum,The Ordinary Lactic Acid 10% + HA 2% 30ml,Default Title,The Ordinary,769915195835,the-ordinary-lactic-acid-10-ha-2-30ml-2,draft,7544427937857,42096053518401
ORD12_1,Lotions & Moisturizers,Health & Beauty > Personal Care > Cosmetics > Skin Care > Lotions & Moisturizers,Cream,The Ordinary Natural Moisturizing Factors + HA 30ml,Default Title,The Ordinary,769915190731,the-ordinary-natural-moisturizing-factors-ha-30ml,active,7489636892737,41918071963713
ORD12_2,Lotions & Moisturizers,Health & Beauty > Personal Care > Cosmetics > Skin Care > Lotions & Moisturizers,Cream,The Ordinary Natural Moisturizing Factors + HA 30ml,Default Title,The Ordinary,769915195927,the-ordinary-natural-moisturizing-factors-ha-30ml-2,active,7544427315265,42096052633665
ORD13_1,Lotions & Moisturizers,Health & Beauty > Personal Care > Cosmetics > Skin Care > Lotions & Moisturizers,Cream,The Ordinary Natural Moisturizing Factors + HA 100ml,Default Title,The Ordinary,769915193657,the-ordinary-natural-moisturizing-factors-ha-100ml,draft,7489636925505,41918071996481
ORD13_2,Lotions & Moisturizers,Health & Beauty > Personal Care > Cosmetics > Skin Care > Lotions & Moisturizers,Cream,The Ordinary Natural Moisturizing Factors + HA 100ml,Default Title,The Ordinary,769915232400,the-ordinary-natural-moisturizing-factors-ha-100ml-2,draft,7544541511745,42096304586817
ORD14_1,Skin Care,Health & Beauty > Personal Care > Cosmetics > Skin Care,Serum,The Ordinary Retinol 0.2% In Squalane 30ml,Default Title,The Ordinary,769915193985,the-ordinary-retinol-0-2-in-squalane-30ml,active,7489636958273,41918072029249
ORD15_1,Skin Care,Health & Beauty > Personal Care > Cosmetics > Skin Care,Cream,The Ordinary Vitamin C Suspension 30% in Silicone 30ml,Default Title,The Ordinary,No Barcode,the-ordinary-vitamin-c-suspension-30-in-silicone-30ml,draft,7489636991041,41918072062017
ORD16_1,Skin Care,Health & Beauty > Personal Care > Cosmetics > Skin Care,Serum,The Ordinary Retinol 1% In Squalane 30ml,Default Title,The Ordinary,769915194043,the-ordinary-retinol-1-in-squalane-30ml,active,7489637023809,41918072094785
ORD17_1,Skin Care,Health & Beauty > Personal Care > Cosmetics > Skin Care,Serum,The Ordinary Ascorbyl Glucoside Solution 12% 30ml,Default Title,The Ordinary,769915190649,the-ordinary-ascorbyl-glucoside-solution-12-30ml,active,7489637056577,41918072127553
ORD18_1,Toners,Health & Beauty > Personal Care > Cosmetics > Skin Care > Toners & Astringents > Toners,Serum,The Ordinary Glycolic Acid 7% Toning Solution 240ml - Canada,Default Title,The Ordinary,769915190977,the-ordinary-glycolic-acid-7-toning-solution-240ml-canada,active,7524728143937,42044463022145
ORD18_2,Toners,Health & Beauty > Personal Care > Cosmetics > Skin Care > Toners & Astringents > Toners,Serum,The Ordinary Glycolic Acid 7% Toning Solution 240ml,Default Title,The Ordinary,769915234060,the-ordinary-glycolic-acid-7-toning-solution-240ml-2,active,7530776920129,42060697239617
ORD18_3,Toners,Health & Beauty > Personal Care > Cosmetics > Skin Care > Toners & Astringents > Toners,Serum,The Ordinary Glycolic Acid 7% Toning Solution 240ml,Default Title,The Ordinary,769915195743,the-ordinary-glycolic-acid-7-toning-solution-240ml-3,active,7540814610497,42087108280385
ORD19_1,Acne Treatments & Kits,Health & Beauty > Personal Care > Cosmetics > Skin Care > Acne Treatments & Kits,Serum,The Ordinary Niacinamide 10% + ZINC 1% 60ml,Default Title,The Ordinary,769915194951,the-ordinary-niacinamide-10-zinc-1-60ml,active,7489637122113,41918072160321
ORD19_2,Face Serums,Health & Beauty > Personal Care > Cosmetics > Skin Care > Face Serums,Serum,The Ordinary Niacinamide 10% + ZINC 1% 60ml,Default Title,The Ordinary,769915195958,the-ordinary-niacinamide-10-zinc-1-60ml-2,active,7544542691393,42096306683969
ORD20_1,Skin Care,Health & Beauty > Personal Care > Cosmetics > Skin Care,Serum,The Ordinary Granactive Retinoid 2% 30ml,Default Title,The Ordinary,769915190045,the-ordinary-granactive-retinoid-2-30ml,draft,7489637154881,41918072193089
ORD21_1,Facial Cleansers,Health & Beauty > Personal Care > Cosmetics > Skin Care > Facial Cleansers,Liquid,The Ordinary Squalane Cleanser 50ml,Default Title,The Ordinary,769915194791,the-ordinary-squalane-cleanser-50ml,active,7489637187649,41918072225857
ORD21_2,Facial Cleansers,Health & Beauty > Personal Care > Cosmetics > Skin Care > Facial Cleansers,Liquid,The Ordinary Squalane Cleanser 50ml,Default Title,The Ordinary,769915234190,the-ordinary-squalane-cleanser-50ml-2,active,7923351945281,44026972045377
ORD22_1,Skin Care,Health & Beauty > Personal Care > Cosmetics > Skin Care,Serum,The Ordinary Lactic Acid 5% + HA 30ml,Default Title,The Ordinary,769915195842,the-ordinary-lactic-acid-5-ha-30ml,draft,7489637220417,41918072258625
ORD22_2,Skin Care,Health & Beauty > Personal Care > Cosmetics > Skin Care,Serum,The Ordinary Lactic Acid 5% + HA 30ml,Default Title,The Ordinary,769915190281,the-ordinary-lactic-acid-5-ha-30ml-2,draft,7544545247297,42096309698625
ORD24_1,Sunscreen,Health & Beauty > Personal Care > Cosmetics > Skin Care > Sunscreen,Cream,The Ordinary Mineral UV Filters SPF 30 With Antioxidants 50ml,Default Title,The Ordinary,769915193718,the-ordinary-mineral-uv-filters-spf-30-with-antioxidants-50ml,draft,7489637253185,41918072291393
ORD25_1,Acne Treatments & Kits,Health & Beauty > Personal Care > Cosmetics > Skin Care > Acne Treatments & Kits,Serum,The Ordinary Salicylic Acid 2% Solution 30ml - Canada,Default Title,The Ordinary,769915231724,the-ordinary-salicylic-acid-2-solution-30ml-canada,active,7524743708737,42044523577409
ORD25_2,Acne Treatments & Kits,Health & Beauty > Personal Care > Cosmetics > Skin Care > Acne Treatments & Kits,Serum,The Ordinary Salicylic Acid 2% Solution 30ml-Canada,Default Title,The Ordinary,769915199581,the-ordinary-salicylic-acid-2-solution-30ml-2,active,7536766287937,42077807247425
ORD25_4,Acne Treatments & Kits,Health & Beauty > Personal Care > Cosmetics > Skin Care > Acne Treatments & Kits,Serum,The Ordinary Salicylic Acid 2% Solution 30ml-Canada,Default Title,The Ordinary,769915193862,the-ordinary-salicylic-acid-2-solution-30ml-4,active,7536762781761,42077803380801
ORD26_1,Face Serums,Health & Beauty > Personal Care > Cosmetics > Skin Care > Face Serums,Serum,The Ordinary Soothing and Barrier Support Serum 15ml,Default Title,The Ordinary,769915235777,the-ordinary-soothing-and-barrier-support-serum-15ml,active,7701630976065,43035156054081
ORD26_2,Face Serums,Health & Beauty > Personal Care > Cosmetics > Skin Care > Face Serums,Serum,The Ordinary Soothing and Barrier Support Serum 15ml,Default Title,The Ordinary,769915235913,the-ordinary-soothing-and-barrier-support-serum-15ml-2,active,7916749815873,44002125283393
ORD27_1,Face Serums,Health & Beauty > Personal Care > Cosmetics > Skin Care > Face Serums,Serum,The Ordinary Multi Antioxidant Radiance Serum 30ml,Default Title,The Ordinary,769915234770,the-ordinary-multi-antioxidant-radiance-serum-30ml,active,7701544468545,43035068268609
ORD28_1,Facial Cleansers,Health & Beauty > Personal Care > Cosmetics > Skin Care > Facial Cleansers,Liquid,The Ordinary Glucoside Foaming Cleanser 150ml,Default Title,The Ordinary,769915232042,the-ordinary-glucoside-foaming-cleanser-150ml,active,7701509374017,43035025047617
ORD29_1,Lip Balms & Treatments,Health & Beauty > Personal Care > Cosmetics > Skin Care > Lip Balms & Treatments,Serum,The Ordinary PHA 5% Exfoliating Lip Serum 15ml,Default Title,The Ordinary,769915235678,the-ordinary-pha-5-exfoliating-lip-serum-15ml,active,7701446230081,43034958528577
ORD30_1,Toners & Astringents,Health & Beauty > Personal Care > Cosmetics > Skin Care > Toners & Astringents,Oil,The Ordinary Multi-Active Delivery Essence 100ml,Default Title,The Ordinary,769915234404,the-ordinary-multi-active-delivery-essence-100ml,active,7548073214017,42107306639425
ORD33_1,Lash & Brow Growth Treatments,Health & Beauty > Personal Care > Cosmetics > Makeup > Eye Makeup > Lash & Brow Growth Treatments,Serum,The Ordinary Multi-Peptide Lash and Brow Serum 5ml,Default Title,The Ordinary,769915233636,the-ordinary-multi-peptide-lash-and-brow-serum-5ml,draft,7489637351489,41918072356929
ORD33_2,Lash & Brow Growth Treatments,Health & Beauty > Personal Care > Cosmetics > Makeup > Eye Makeup > Lash & Brow Growth Treatments,Serum,The Ordinary Multi-Peptide Lash and Brow Serum 5ml,Default Title,The Ordinary,769915230420,the-ordinary-multi-peptide-lash-and-brow-serum-5ml-2,draft,7544543576129,42096307568705
ORD36_1,Acne Treatments & Kits,Health & Beauty > Personal Care > Cosmetics > Skin Care > Acne Treatments & Kits,Serum,The Ordinary Aloe 2% + NAG 2% Solution 30ml,Default Title,The Ordinary,769915232240,the-ordinary-aloe-2-nag-2-solution-30ml,active,7524980981825,42045388816449
ORD38_1,Toners,Health & Beauty > Personal Care > Cosmetics > Skin Care > Toners & Astringents > Toners,Liquid,The Ordinary Glycolic Acid 7% Exfoliating Toner 100ml - Canada,Default Title,The Ordinary,769915233339,the-ordinary-glycolic-acid-7-exfoliating-toner-100ml-canada,active,7524717559873,42044439560257
ORD38_2,Toners,Health & Beauty > Personal Care > Cosmetics > Skin Care > Toners & Astringents > Toners,Liquid,The Ordinary Glycolic Acid 7% Exfoliating Toner 100ml-Canada,Default Title,The Ordinary,769915234053,the-ordinary-glycolic-acid-7-exfoliating-toner-100ml-2,active,7536775495745,42077818978369
ORD44_1,Face Serums,Health & Beauty > Personal Care > Cosmetics > Skin Care > Face Serums,Liquid,The Ordinary Resveratrol 3% + Ferulic Acid 3% 30ml,Default Title,The Ordinary,769915193893,the-ordinary-resveratrol-3-ferulic-acid-3-30ml,active,7578958692417,42216630550593
ORD45_1,Face Serums,Health & Beauty > Personal Care > Cosmetics > Skin Care > Face Serums,Liquid,The Ordinary EUK 134 Serum 0.1% 30ml,Default Title,The Ordinary,769915194074,the-ordinary-euk-134-serum-0-1-30ml,active,7578992017473,42216822505537
ORD46_1,Cosmetic Tool Cleansers,Health & Beauty > Personal Care > Cosmetics > Cosmetic Tool Cleansers,Cream,The Ordinary Sulphate 4% Cleanser for Body and Hair 240ml,Default Title,The Ordinary,769915199291,the-ordinary-sulphate-4-cleanser-for-body-and-hair-240ml,draft,7579021246529,42216982216769
ORD51_1,Face Moisturizers,Health & Beauty > Personal Care > Cosmetics > Skin Care > Face Moisturizers,Cream,The Ordinary Natural Moisturizing Factors + Beta Glucan 30ml,Default Title,The Ordinary,769915232431,the-ordinary-natural-moisturizing-factors-beta-glucan-30ml,active,7489637449793,41918072422465
ORD52_1,Face Serums,Health & Beauty > Personal Care > Cosmetics > Skin Care > Face Serums,,The Ordinary Soothing and Barrier Support Serum 30ml,Default Title,The Ordinary,769915233247,the-ordinary-soothing-and-barrier-support-serum-30ml,active,7544575754305,42096352788545
ORD53_1,Uncategorized,Uncategorized,,The Ordinary Multi-Peptide + Copper Peptides 1% Serum 30ml,,The Ordinary,769915233179,,,erp-ORD53_1,erp-ORD53_1
ORD55_1,Eye Creams,Health & Beauty > Personal Care > Cosmetics > Skin Care > Eye Creams,,The Ordinary Multi-Peptide Eye Serum 15ml,Default Title,The Ordinary,769915232165,the-ordinary-multi-peptide-eye-serum-15ml,active,7544579457089,42096358228033
ORD56_1,Face Serums,Health & Beauty > Personal Care > Cosmetics > Skin Care > Face Serums,Serum,The Ordinary Retinal 0.2% Emulsion 15ml,Default Title,The Ordinary,769915233353,the-ordinary-retinal-0-2-emulsion-15ml,draft,7590766870593,42252483493953
ORD57_1,Face Serums,Health & Beauty > Personal Care > Cosmetics > Skin Care > Face Serums,Liquid,The Ordinary Argireline Solution 10% 30ml,Default Title,The Ordinary,769915190946,the-ordinary-argireline-solution-10-30ml,draft,7595687215169,42270170677313
ORD58_1,Toners,Health & Beauty > Personal Care > Cosmetics > Skin Care > Toners & Astringents > Toners,Serum,The Ordinary Saccharomyces Ferment 30% Milky Toner 100ml,Default Title,The Ordinary,No Barcode,the-ordinary-saccharomyces-ferment-30-milky-toner-100ml,active,7540816609345,42087116111937
ORD58_2,Toners,Health & Beauty > Personal Care > Cosmetics > Skin Care > Toners & Astringents > Toners,Serum,The Ordinary Saccharomyces Ferment 30% Milky Toner 100ml,Default Title,The Ordinary,769915233551,the-ordinary-saccharomyces-ferment-30-milky-toner-100ml-2,active,7525079842881,42045853433921
ORD59_1,Face Moisturizers,Health & Beauty > Personal Care > Cosmetics > Skin Care > Face Moisturizers,Cream,The Ordinary Niacinamide 5% Face and Body Emulsion 100ml,Default Title,The Ordinary,769915233889,the-ordinary-niacinamide-5-face-and-body-emulsion-100ml,active,7489637515329,41918072455233
ORD60_1,Lip Balms & Treatments,Health & Beauty > Personal Care > Cosmetics > Skin Care > Lip Balms & Treatments,Gel,The Ordinary Squalane + Amino Acids Lip Balm 15ml,Default Title,The Ordinary,769915233476,the-ordinary-squalane-amino-acids-lip-balm-15ml,active,7489637548097,41918072488001
OT003_1,Supplements,Home & Garden > Lawn & Garden > Gardening > Hydroponics > Nutrients & Supplements > Supplements,Powder,Snow White Flawless Beauty Powder,Default Title,Snow White,No Barcode,snow-white-flawless-beauty-powder,draft,7526446301249,42049422917697
OYL01_1,Face Moisturizers,Health & Beauty > Personal Care > Cosmetics > Skin Care > Face Moisturizers,Lotion,Olay Age defying Anti-Wrinkle Day Lotion SPF15 100ml,Default Title,Olay,075609015076,olay-age-defying-anti-wrinkle-day-lotion-spf15-100ml,draft,7525983223873,42047921193025
OYL01_2,Face Moisturizers,Health & Beauty > Personal Care > Cosmetics > Skin Care > Face Moisturizers,Lotion,Olay Age defying Anti-Wrinkle Day Lotion SPF15 100ml,Default Title,Olay,075609000232,olay-age-defying-anti-wrinkle-day-lotion-spf15-100ml-2,draft,7544492064833,42096191373377
PAL01_1,Body Oil,Health & Beauty > Personal Care > Cosmetics > Skin Care > Body Oil,Oil,Palmers Cocoa Butter Natural Rosehip Skin Therapy Oil 60ml,Default Title,Palmers,010181041587,palmers-cocoa-butter-natural-rosehip-skin-therapy-oil-60ml,active,7755101995073,43203182526529
PAL02_1,Body Oil,Health & Beauty > Personal Care > Cosmetics > Skin Care > Body Oil,Oil,Palmers Cocoa Butter Skin Therapy Oil 60ml,Default Title,Palmers,010181041594,palmers-cocoa-butter-skin-therapy-oil-60ml,active,7755103633473,43203184099393
PAL03_1,Body Oil,Health & Beauty > Personal Care > Cosmetics > Skin Care > Body Oil,Liquid,Palmers Shea Butter Formula Raw Shea Nourish Body Oil 250ml,Default Title,Palmers,010181051708,palmers-shea-butter-formula-raw-shea-nourish-body-oil-250ml,active,7889427791937,43798367830081
PALM001_1,Self Tanner,Health & Beauty > Personal Care > Cosmetics > Skin Care > Tanning Products > Self Tanner,Cream,Palmers Cocoa Butter Natural Bronze Gradual Tanning Moisturiser 250ml,Default Title,Palmers,010181041051,palmers-cocoa-butter-natural-bronze-gradual-tanning-moisturiser-250ml,draft,7658375970881,42816584876097
PALM002_1,Lotions & Moisturizers,Health & Beauty > Personal Care > Cosmetics > Skin Care > Lotions & Moisturizers,LiquidGel,Palmers Cocoa Butter Formula with Vitamin E Soothing Oil 150ml,Default Title,Palmers,010181040504,palmers-cocoa-butter-formula-with-vitamin-e-soothing-oil-150ml,draft,7658386980929,42816608731201
PAN04_1,Acne Treatments & Kits,Health & Beauty > Personal Care > Cosmetics > Skin Care > Acne Treatments & Kits,Solid,PanOxyl PM Overnight Spot 40 Patches,Default Title,PanOxyl,303160260902,panoxyl-pm-overnight-spot-40-patches,draft,7489637613633,41918072520769
PCC01_1,Facial Cleansers,Health & Beauty > Personal Care > Cosmetics > Skin Care > Facial Cleansers,Gel,Palmers Coconut Oil Formula Coconut Monoi Cleansing Balm 64g,Default Title,Palmers,010181032424,palmers-coconut-oil-formula-coconut-monoi-cleansing-balm-64g,draft,7489637679169,41918072586305
PE001_1,Multivitamin Supplements,Health & Beauty > Health Care > Fitness & Nutrition > Vitamins & Supplements > Multivitamin Supplements,Tablets,Personnelle Women Multivitamins & Multiminerals 90 Tablets,Default Title,Personnelle,055989063331,personnelle-women-multivitamins-multiminerals-90-tablets,draft,7584189939777,42233048531009
PE002_1,Multivitamin Supplements,Health & Beauty > Health Care > Fitness & Nutrition > Vitamins & Supplements > Multivitamin Supplements,Tablets,Personnelle Women 50 + Multivitamins Mineral supplement,Default Title,Personnelle,055989031736,personnelle-women-50-multivitamins-mineral-supplement,draft,7584199573569,42233058295873
PF001_1,Multivitamin Supplements,Health & Beauty > Health Care > Fitness & Nutrition > Vitamins & Supplements > Multivitamin Supplements,Tablets,Perfectil Max Skin Hair and Nails 56/28 Pack,Default Title,Perfectil,5021265245284,perfectil-max-skin-hair-and-nails-56-28-pack,draft,7539215335489,42081698086977
PF002_1,Vitamins & Supplements,Health & Beauty > Health Care > Fitness & Nutrition > Vitamins & Supplements,,Perfectil Hair Extra Support 60 Tablets,Default Title,Perfectil,5021265245741,perfectil-hair-extra-support-60-tablets,draft,7539791036481,42083616751681
PF003_1,Collagen,Health & Beauty > Health Care > Fitness & Nutrition > Vitamins & Supplements > Collagen,Tablets,Perfectil Platinum Radiance 60 Tablets,Default Title,Perfectil,5021265223350,perfectil-platinum-radiance-60-tablets,draft,7539169394753,42081582186561
PF004_1,Vitamins & Supplements,Health & Beauty > Health Care > Fitness & Nutrition > Vitamins & Supplements,Tablets,Perfectil Original 30 Tablets,Default Title,Perfectil,5021265220038,perfectil-original-30-tablets,draft,7539200491585,42081659519041
PF005_1,Face Serums,Health & Beauty > Personal Care > Cosmetics > Skin Care > Face Serums,Tablets,Perfectil Platinum Collagen Skin 10 x 50ml,Default Title,Perfectil,5021265247219,perfectil-platinum-collagen-skin-10-x-50ml,draft,7591860109377,42256152985665
PF006_1,Hair Care,Health & Beauty > Personal Care > Hair Care,Liquid,Perfectil Platinum Collagen Hair 10 x 50ml,Default Title,Perfectil,5021265247301,perfectil-platinum-collagen-hair-10-x-50ml,draft,7591859781697,42256152264769
PF007_1,Multivitamin Supplements,Health & Beauty > Health Care > Fitness & Nutrition > Vitamins & Supplements > Multivitamin Supplements,,Perfectil Skin Extra Support Dual Pack,Default Title,Perfectil,5021265223398,perfectil-skin-extra-support-dual-pack,draft,7539792674881,42083619045441
PF008_1,Multivitamin Supplements,Health & Beauty > Health Care > Fitness & Nutrition > Vitamins & Supplements > Multivitamin Supplements,Tablets,Perfectil Original 90 Tablets,Default Title,Perfectil,5021265223305,perfectil-original-90-tablets,draft,7591481933889,42254767390785
PG001_1,Multivitamin Supplements,Health & Beauty > Health Care > Fitness & Nutrition > Vitamins & Supplements > Multivitamin Supplements,Capsules,Progressive Multivitamin for Men 50+ 60 Capsules,Default Title,Progressive,813432001169,progressive-multivitamin-for-men-50-60-capsules,draft,7533977534529,42068445986881
PH001_1,Electric Toothbrushes,Health & Beauty > Personal Care > Oral Care > Toothbrushes > Electric Toothbrushes,,Philips Sonicare 9350 Diamond Clean Smart Rechargeable Electric Toothbrush,Default Title,Philips,075020086556,philips-sonicare-9350-diamond-clean-smart-rechargeable-electric-toothbrush,draft,7591903920193,42256337272897
PH002_1,Electric Toothbrushes,Health & Beauty > Personal Care > Oral Care > Toothbrushes > Electric Toothbrushes,,Philips Sonicare 7300 Expert Clean Rechargeable Electric Toothbrush,Default Title,Philips,075020084439,philips-sonicare-7300-expert-clean-rechargeable-electric-toothbrush,draft,7539211370561,42081691697217
PH003_1,Electric Toothbrushes,Health & Beauty > Personal Care > Oral Care > Toothbrushes > Electric Toothbrushes,,Philips Sonicare 6100 Protective Clean Whitening Rechargeable Electric Toothbrush,Default Title,Philips,075020075574,philips-sonicare-6100-protective-clean-whitening-rechargeable-electric-toothbrush,draft,7539213303873,42081695203393
PIXI01_1,Uncategorized,Uncategorized,,Pixi Glow Tonic Exfoliating Toner 100ml,Default Title,Pixi,885190821020,pixi-glow-tonic-exfoliating-toner-100ml,draft,7489637744705,41918072651841
PIXI23_1,Makeup Finishing Sprays,Health & Beauty > Personal Care > Cosmetics > Makeup > Makeup Finishing Sprays,,Pixi Makeup Fixing Mist 80ml,Default Title,Pixi,885190820016,pixi-makeup-fixing-mist-80ml,draft,7529041231937,42056957100097
PUR01_1,Sunscreen,Health & Beauty > Personal Care > Cosmetics > Skin Care > Sunscreen,Cream,Purito Seoul Wonder Releaf Centella Daily Sun Lotion SPF50+ PA++++ 60ml,Default Title,Purito,8809563103072,purito-seoul-wonder-releaf-centella-daily-sun-lotion-spf50-pa-60ml,active,7711646187585,43080407220289
PUR02_1,Sunscreen,Health & Beauty > Personal Care > Cosmetics > Skin Care > Sunscreen,Cream,Purito Seoul Daily Soft Touch Sunscreen SPF 50+++++ 60ml,Default Title,Purito,8809563102600,purito-seoul-daily-soft-touch-sunscreen-spf-50-60ml,draft,7711646449729,43080407711809
QE001_1,Nutrition Bars,Health & Beauty > Health Care > Fitness & Nutrition > Nutrition Bars,,Quest Protein Bar Chocolate Chip Cookie Dough Flavor 12 Bars,Default Title,Quest,888849002207,quest-protein-bar-chocolate-chip-cookie-dough-flavor-12-bars,draft,7539795263553,42083624616001
QE002_1,Cereal & Granola Bars,"Food, Beverages & Tobacco > Food Items > Snack Foods > Cereal & Granola Bars",Powder,Quest Protein Bar Dipped Cookies & Cream Flavor 12 Bars,Default Title,Quest,888849013753,quest-protein-bar-dipped-cookies-cream-flavor-12-bars,draft,7591859257409,42256148037697
QE003_1,Nutrition Bars,Health & Beauty > Health Care > Fitness & Nutrition > Nutrition Bars,,Quest Protein Bar White Chocolate Raspberry Flavor 12 Bars,Default Title,Quest,888849002221,quest-protein-bar-white-chocolate-raspberry-flavor-12-bars,draft,7539204816961,42081665613889
QE004_1,Nutrition Bars,Health & Beauty > Health Care > Fitness & Nutrition > Nutrition Bars,,Quest Protein Bar Cookies & Cream Flavor 12 Bars,Default Title,Quest,888849000180,quest-protein-bar-cookies-cream-flavor-12-bars,draft,7526441943105,42049404207169
QP2520/21_1,Electric Razors,Health & Beauty > Personal Care > Shaving & Grooming > Electric Razors,,Philips OneBlade Electric Trimmer and Shaver QP2520/21,Default Title,Philips,075020059536,philips-oneblade-electric-trimmer-and-shaver-qp2520-21,draft,7529038807105,42056948744257
RCLM014_1,Uncategorized,Uncategorized,,Revlon Colorstay Limitless Matte Liquid Lipstick 5ml - RCLM014 #1,,,309970215880,,,erp-RCLM014_1,erp-RCLM014_1
RCSIML008_1,Uncategorized,Uncategorized,,Revlon ColorStay Suede Ink Lightweight with Vitamin E Matte Lipstick 2.55g - RCSIML008 #1,,,309970187132,,,erp-RCSIML008_1,erp-RCSIML008_1
RCSIML012_1,Uncategorized,Uncategorized,,Revlon ColorStay Suede Ink Lightweight with Vitamin E Matte Lipstick 2.55g - RCSIML012 #1,,,309970187194,,,erp-RCSIML012_1,erp-RCSIML012_1
RCSIML013_1,Uncategorized,Uncategorized,,Revlon ColorStay Suede Ink Lightweight with Vitamin E Matte Lipstick 2.55g - RCSIML013 #1,,,309970187200,,,erp-RCSIML013_1,erp-RCSIML013_1
RCSIML014_1,Uncategorized,Uncategorized,,Revlon ColorStay Suede Ink Lightweight with Vitamin E Matte Lipstick 2.55g - RCSIML014 #1,,,309970187217,,,erp-RCSIML014_1,erp-RCSIML014_1
RCSIML016_1,Uncategorized,Uncategorized,,Revlon ColorStay Suede Ink Lightweight with Vitamin E Matte Lipstick 2.55g - RCSIML016 #1,,,309970187231,,,erp-RCSIML016_1,erp-RCSIML016_1
RE001_1,Herbal Supplements,Health & Beauty > Health Care > Fitness & Nutrition > Vitamins & Supplements > Herbal Supplements,Capsules,Relumins Advance White 1650mg Glutathione Complex 90 Capsules,Default Title,Relumins,855681006038,relumins-advance-white-1650mg-glutathione-complex-90-capsules,draft,7591880458305,42256229466177
RE002_1,Vitamins & Supplements,Health & Beauty > Health Care > Fitness & Nutrition > Vitamins & Supplements,Capsules,Relumins Advance White 1650mg Glutathione Complex with Hyaluronic Acid 90 Capsules,Default Title,Relumins,850015199646,relumins-advance-white-1650mg-glutathione-complex-with-hyaluronic-acid-90-capsules,draft,7534100381761,42068529774657
RE003_1,Single Vitamins,Health & Beauty > Health Care > Fitness & Nutrition > Vitamins & Supplements > Single Vitamins,Capsules,Relumins Advance Nutrition Vitamin C Complex with Rose Hips & Bioflavonoids 180 Capsules,Default Title,Relumins,855681006007,relumins-advance-nutrition-vitamin-c-complex-with-rose-hips-bioflavonoids-180-capsules,draft,7591845134401,42256115335233
RE004_1,Herbal Supplements,Health & Beauty > Health Care > Fitness & Nutrition > Vitamins & Supplements > Herbal Supplements,Capsules,Relumins Advance Nutrition Vitamin C Complex with Rose Hips Bioflavonoids 60 Capsules,Default Title,Relumins,855681006021,relumins-advance-nutrition-vitamin-c-complex-with-rose-hips-bioflavonoids-60-capsules,draft,7525089411137,42045931487297
RE005_1,Vitamins & Supplements,Health & Beauty > Health Care > Fitness & Nutrition > Vitamins & Supplements,,Relumins Acne Clear Supplement 60 Capsules,Default Title,Relumins,850015199035,relumins-acne-clear-supplement-60-capsules,draft,7536991109185,42078288969793
RE006_1,Vitamins & Supplements,Health & Beauty > Health Care > Fitness & Nutrition > Vitamins & Supplements,Capsules,Relumins Advance White Maximum Strength 60 Capsules,Default Title,Relumins,855681006144,relumins-advance-white-maximum-strength-60-capsules,draft,7534089502785,42068481179713
RE007_1,Herbal Supplements,Health & Beauty > Health Care > Fitness & Nutrition > Vitamins & Supplements > Herbal Supplements,Capsules,Relumins Advance Nutrition Max Dose Glutathione 60 Capsules,Default Title,Relumins,855681006014,relumins-advance-nutrition-max-dose-glutathione-60-capsules,draft,7525099012161,42046037688385
RE008_1,Amino Acids,Health & Beauty > Health Care > Fitness & Nutrition > Vitamins & Supplements > Amino Acids,Capsules,Relumins Advance Nutrition Gluta-1000 60 Capsules,Default Title,Relumins,855681006298,relumins-advance-nutrition-gluta-1000-60-capsules,draft,7591843528769,42256109240385
RE009_1,Collagen,Health & Beauty > Health Care > Fitness & Nutrition > Vitamins & Supplements > Collagen,Tablets,Relumins Chewable Collagen Plus Vitamin C 60 Tablets,Default Title,Relumins,850015199356,relumins-chewable-collagen-plus-vitamin-c-60-tablets,draft,7539791167553,42083617013825
RE010_1,Herbal Supplements,Health & Beauty > Health Care > Fitness & Nutrition > Vitamins & Supplements > Herbal Supplements,Capsules,Relumins Advance White Glutathione Booster - Max Strength 30 Veg Capsules,Default Title,Relumins,855681006137,relumins-advance-white-glutathione-booster-max-strength-30-veg-capsules,draft,7681104773185,42955376885825
RED01_1,Lotions & Moisturizers,Health & Beauty > Personal Care > Cosmetics > Skin Care > Lotions & Moisturizers,Cream,Redwin Vitamin E Cream With Evening Primrose Oil 330g,Default Title,Redwin,9314807081119,redwin-vitamin-e-cream-with-evening-primrose-oil-330g,active,8042540073025,44418800091201
RED02_1,Lotions & Moisturizers,Health & Beauty > Personal Care > Cosmetics > Skin Care > Lotions & Moisturizers,Lotion,Redwin Sorbolene Daily Moisturiser Deep Body Nourishment 1l,Default Title,Redwin,9314807081096,redwin-sorbolene-daily-moisturiser-deep-body-nourishment-1l,active,8042554818625,44418844065857
RED03_1,Lotions & Moisturizers,Health & Beauty > Personal Care > Cosmetics > Skin Care > Lotions & Moisturizers,Lotion,Redwin Body Lotion with Vitamin E and EPO 400ml,Default Title,Redwin,9314807025939,redwin-body-lotion-with-vitamin-e-and-epo-400ml,active,8042577428545,44418909569089
REL02_1,Skin Care,Health & Beauty > Personal Care > Cosmetics > Skin Care,Cream,Relumins Advance White Premium Brightening Cream 50ml,Default Title,Relumins,855681006755,relumins-advance-white-premium-brightening-cream-50ml,draft,7489637875777,41918072782913
REL03_1,Skin Care Rollers,Health & Beauty > Personal Care > Cosmetics > Cosmetic Tools > Skin Care Tools > Skin Care Rollers,,Relumins Intense Glow Derma Roller Titanium 1200 Needles,Default Title,Relumins,011711605858,relumins-intense-glow-derma-roller-titanium-1200-needles,active,7489637908545,41918072815681
REL03_2,Skin Care Rollers,Health & Beauty > Personal Care > Cosmetics > Cosmetic Tools > Skin Care Tools > Skin Care Rollers,,Relumins Intense Glow Derma Roller Titanium 1200 Needles,Default Title,Relumins,6922822081200,relumins-intense-glow-derma-roller-titanium-1200-needles-2,draft,7544547082305,42096311795777
REL04_1,Skin Care Rollers,Health & Beauty > Personal Care > Cosmetics > Cosmetic Tools > Skin Care Tools > Skin Care Rollers,,Relumins Intense Glow Derma Roller Titanium 540 Needles,Default Title,Relumins,5060193513959,relumins-intense-glow-derma-roller-titanium-540-needles,active,7489637941313,41918072848449
REL05_1,Skin Cleansing Brushes & Systems,Health & Beauty > Personal Care > Cosmetics > Cosmetic Tools > Skin Care Tools > Skin Cleansing Brushes & Systems,,Relumins Exfoliating Face Brush for Perfect Skin,Default Title,Relumins,No Barcode,relumins-exfoliating-face-brush-for-perfect-skin,active,7489637974081,41918072881217
REL06_1,Skin Care Tools,Health & Beauty > Personal Care > Cosmetics > Cosmetic Tools > Skin Care Tools,,Relumins Intense Glow Pro Clear Care Kit,Default Title,Relumins,850015199202,relumins-intense-glow-pro-clear-care-kit,active,7489638006849,41918072913985
REL07_1,Eye Creams,Health & Beauty > Personal Care > Cosmetics > Skin Care > Eye Creams,Serum,Relumins Under Eye Serum 10ml,Default Title,Relumins,No Barcode,relumins-under-eye-serum-10ml,draft,7489638039617,41918072946753
RIVA01_1,Sunscreen,Health & Beauty > Personal Care > Cosmetics > Skin Care > Sunscreen,Cream,Rivaj Extreme Protection Formula Sunblock SPF90 100ml,Default Title,Rivaj,5060453450826,rivaj-extreme-protection-formula-sunblock-spf90-100ml,draft,7559793213505,42146343878721
RIVA02_1,Sunscreen,Health & Beauty > Personal Care > Cosmetics > Skin Care > Sunscreen,Cream,Rivaj Whitening and Vanishing Sunblock SPF/PA+++ 60 100ml,Default Title,Rivaj,5060453450819,rivaj-whitening-and-vanishing-sunblock-spf-pa-60-100ml,draft,7559794950209,42146348499009
RO01_1,Face Moisturizers,Health & Beauty > Personal Care > Cosmetics > Skin Care > Face Moisturizers,Gel,Roushun Aloe Vera Soothing Moisturizing Gel 99% 300ml,Default Title,Roushun,6921199175727,roushun-aloe-vera-soothing-moisturizing-gel-99-300ml,active,7489638105153,41918073012289
ROM01_1,Body Mists,Health & Beauty > Personal Care > Cosmetics > Perfumes & Colognes > Body Mists,Liquid,Romantic Collection Secret Admirer Body Mist 250ml,Default Title,Romantic Collection,6291106956139,romantic-collection-secret-admirer-body-mist-250ml,draft,10314597990465,50525658382401
ROM02_1,Body Mists,Health & Beauty > Personal Care > Cosmetics > Perfumes & Colognes > Body Mists,Liquid,Romantic Collection Glamour Body Mist 250ml,Default Title,Romantic Collection,6291106956061,romantic-collection-glamour-body-mist-250ml,draft,10314598252609,50525659103297
ROM03_1,Body Mists,Health & Beauty > Personal Care > Cosmetics > Perfumes & Colognes > Body Mists,Liquid,Romantic Collection Evening Rose Body Mist 250ml,Default Title,Romantic Collection,6291106956092,romantic-collection-evening-rose-body-mist-250ml,draft,10314599104577,50525662740545
ROM04_1,Body Mists,Health & Beauty > Personal Care > Cosmetics > Perfumes & Colognes > Body Mists,Liquid,Romantic Collection Sweet Wishes Body Mist 250ml,Default Title,Romantic Collection,6291106956078,romantic-collection-sweet-wishes-body-mist-250ml,draft,10314599628865,50525665427521
ROM05_1,Body Mists,Health & Beauty > Personal Care > Cosmetics > Perfumes & Colognes > Body Mists,Liquid,Romantic Collection Hush of Blush Body Mist 250ml,Default Title,Romantic Collection,6291106956115,romantic-collection-hush-of-blush-body-mist-250ml,draft,10314600120385,50525667262529
ROM06_1,Body Mists,Health & Beauty > Personal Care > Cosmetics > Perfumes & Colognes > Body Mists,Liquid,Romantic Collection Memories of You Body Mist 250ml,Default Title,Romantic Collection,6291106956122,romantic-collection-memories-of-you-body-mist-250ml,draft,10314600874049,50525671981121
ROM07_1,Body Mists,Health & Beauty > Personal Care > Cosmetics > Perfumes & Colognes > Body Mists,Liquid,Romantic Collection Good Morning Body Mist 250ml,Default Title,Romantic Collection,6291106956108,romantic-collection-good-morning-body-mist-250ml,draft,10314601070657,50525674111041
ROM08_1,Body Mists,Health & Beauty > Personal Care > Cosmetics > Perfumes & Colognes > Body Mists,Liquid,Romantic Collection Dream Lover Fresh Floral Body Mist 250ml,Default Title,Romantic Collection,6291106956085,romantic-collection-dream-lover-fresh-floral-body-mist-250ml,draft,10314601889857,50525676175425
ROSB01_1,Hair Styling Products,Health & Beauty > Personal Care > Hair Care > Hair Styling Products,Cream,Roushun Shea Butter Curling Cream 350ml,Default Title,Roushun,6921199125074,roushun-shea-butter-curling-cream-350ml,draft,7566152302657,42169421922369
SAVO001_1,Hair Color,Health & Beauty > Personal Care > Hair Care > Hair Color,,Savol Ecologic Hair Colourant Black & Brown,Default Title,Savol,6908451143601,savol-ecologic-hair-colourant-black-brown,draft,7656708898881,42812708945985
SB076_1,Lotions & Moisturizers,Health & Beauty > Personal Care > Cosmetics > Skin Care > Lotions & Moisturizers,Lotion,Palmers Shea Body Lotion 250ml,Default Title,Palmers,010181051807,palmers-shea-body-lotion-250ml,active,7489638137921,41918073045057
SB077_1,Lotions & Moisturizers,Health & Beauty > Personal Care > Cosmetics > Skin Care > Lotions & Moisturizers,Lotion,Palmers Shea Butter Body Lotion 400ml,Default Title,Palmers,010181051654,palmers-shea-butter-body-lotion-400ml,active,7489638170689,41918073077825
SB078_1,Body Balms,Health & Beauty > Personal Care > Cosmetics > Skin Care > Body Butters & Balms > Body Balms,Cream,Palmers Shea Butter Formula Body Balm with Vitamin E 200g,Default Title,Palmers,010181050084,palmers-shea-butter-formula-body-balm-with-vitamin-e-200g,active,7991881859137,44248803901505
SB082_1,Lotions & Moisturizers,Health & Beauty > Personal Care > Cosmetics > Skin Care > Lotions & Moisturizers,,Palmers Shea Formula Raw Shea Balm 100g,Default Title,Palmers,010181050008,palmers-shea-formula-raw-shea-balm-100g,draft,7775654510657,43275205673025
SB083_1,Lotions & Moisturizers,Health & Beauty > Personal Care > Cosmetics > Skin Care > Lotions & Moisturizers,,Palmers Shea Butter Formula Raw Shea Nourish Body Balm 200g,Default Title,Palmers,010181050084,palmers-shea-butter-formula-raw-shea-nourish-body-balm-200g,draft,7775654838337,43275206590529
SEBA001_1,Shampoo,Health & Beauty > Personal Care > Hair Care > Shampoo & Conditioner > Shampoo,LiquidGel,Sebamed Antiforfora Shampoo 200ml,Default Title,Sebamed,930000447,sebamed-antiforfora-shampoo-200ml,draft,7661296812097,42830411038785
SF1003HST_A_1,Hair Straighteners,Health & Beauty > Personal Care > Hair Care > Hair Styling Tools > Hair Straighteners,,Sanford Stylish Model Ceramic Hair Straightener - SF1003HST_A,Default Title,Sanford,6291108464892,sanford-stylish-model-ceramic-hair-straightener-sf1003hst_a,draft,7529889529921,42059418861633
SF1904PC_1,Skin Care Tools,Health & Beauty > Personal Care > Cosmetics > Cosmetic Tools > Skin Care Tools,,Sanford 6 In 1 Pore Cleaner - SF1904PC,Default Title,Sanford,6291108464403,sanford-6-in-1-pore-cleaner-sf1904pc,draft,7529044246593,42056962801729
SF1905PC_1,Skin Care Tools,Health & Beauty > Personal Care > Cosmetics > Cosmetic Tools > Skin Care Tools,,Sanford 6 In 1 Pore Cleaner - SF1905PC,Default Title,Sanford,6291108464410,sanford-6-in-1-pore-cleaner-sf1905pc,draft,7529044869185,42056965062721
SF1920LSR_1,Hair Clippers & Trimmers,Health & Beauty > Personal Care > Shaving & Grooming > Hair Clippers & Trimmers,,Sanford 3 In 1 Lady Shaver – SF1920LSR,Default Title,Sanford,6291108469064,sanford-3-in-1-lady-shaver-sf1920lsr,draft,7529042444353,42056960245825
SF1926CR BS_1,Corn & Callus Care Supplies,Health & Beauty > Personal Care > Foot Care > Corn & Callus Care Supplies,,Sanford Callus Remover - SF1926CR,Default Title,Sanford,6291108465905,sanford-callus-remover-sf1926cr,draft,7539811647553,42083651518529
SF1944FS_1,Skin Care Tools,Health & Beauty > Personal Care > Cosmetics > Cosmetic Tools > Skin Care Tools,,Sanford Facial Sauna -SF1944FS BS,Default Title,Sanford,9019600019443,sanford-facial-sauna-sf1944fs,draft,7529058795585,42057069527105
SF1952HC_1,Hair Clippers & Trimmers,Health & Beauty > Personal Care > Shaving & Grooming > Hair Clippers & Trimmers,,Sanford Rechargeable Hair Clipper - SF1952HC,Default Title,Sanford,6957260019522,sanford-rechargeable-hair-clipper-sf1952hc,draft,7529858760769,42059374264385
SF1953HC BS_1,Hair Clippers & Trimmers,Health & Beauty > Personal Care > Shaving & Grooming > Hair Clippers & Trimmers,,Sanford Professional Rechargeable Hair Clipper - SF1953HC BS,Default Title,Sanford,6291108469552,sanford-professional-rechargeable-hair-clipper-sf1953hc-bs,draft,7529842704449,42059346673729
SF1977MS_1,Electric Razors,Health & Beauty > Personal Care > Shaving & Grooming > Electric Razors,,Sanford Double Blade Men Shaver - SF1977MS,Default Title,Sanford,6957260019775,sanford-double-blade-men-shaver-sf1977ms,draft,7529057189953,42057062285377
SF1979MS_1,Electric Razors,Health & Beauty > Personal Care > Shaving & Grooming > Electric Razors,,Sanford Men Shaver- Silver/Black - SF1979MS,Default Title,Sanford,6957260019799,sanford-men-shaver-silver-black-sf1979ms,draft,7529829367873,42059325276225
SF1988MS_1,Electric Razors,Health & Beauty > Personal Care > Shaving & Grooming > Electric Razors,,Sanford Cordless Men Shaver - SF1988MS,Default Title,Sanford,6957260019881,sanford-cordless-men-shaver-sf1988ms,draft,7529055944769,42057044983873
SF1989MS_1,Electric Razors,Health & Beauty > Personal Care > Shaving & Grooming > Electric Razors,,Sanford Men Shaver - SF1989MS,Default Title,Sanford,6957260019898,sanford-men-shaver-sf1989ms,draft,7529073967169,42057137324097
SF9664AHCL_1,Hair Straighteners,Health & Beauty > Personal Care > Hair Care > Hair Styling Tools > Hair Straighteners,,Sanford Hair Styler - SF9664AHCL,Default Title,Sanford,9019600096642,sanford-hair-styler-sf9664ahcl,draft,7529067872321,42057115336769
SF9665HBT_1,Hair Styling Tools,Health & Beauty > Personal Care > Hair Care > Hair Styling Tools,,Sanford Hair Braiding Twister - SF9665HBT,Default Title,Sanford,6957260096653,sanford-hair-braiding-twister-sf9665hbt,draft,7529061220417,42057088335937
SF9693HD_1,Hair Dryers,Health & Beauty > Personal Care > Hair Care > Hair Styling Tools > Hair Dryers,,Sanford Hair Dryer - 1200W - SF9693HD,Default Title,Sanford,6291108371190,sanford-hair-dryer-1200w-sf9693hd,draft,7529064890433,42057100001345
SF9694HD_1,Hair Dryers,Health & Beauty > Personal Care > Hair Care > Hair Styling Tools > Hair Dryers,,Sanford Hair Dryer - 2000W - SF9694HD,Default Title,Sanford,6291108370919,sanford-hair-dryer-2000w-sf9694hd,draft,7529066692673,42057104359489
SF9723HC_1,Uncategorized,Uncategorized,,Sanford Rechargeable Hair Clipper SF9723HC,,Sanford,6291108370216,,,erp-SF9723HC_1,erp-SF9723HC_1
SF9729HC_1,Hair Clippers & Trimmers,Health & Beauty > Personal Care > Shaving & Grooming > Hair Clippers & Trimmers,,Sanford Adjustable Multi Cut Hair Clipper - SF9729HC,Default Title,Sanford,6957260097292,sanford-adjustable-multi-cut-hair-clipper-sf9729hc,draft,7529048342593,42056985641025
SF9730HC_1,Uncategorized,Uncategorized,,Sanford Adjustable Multi Cut Hair Clipper - SF9730HC,,Sanford,6957260097308,,,erp-SF9730HC_1,erp-SF9730HC_1
SF9733HC_1,Hair Clippers & Trimmers,Health & Beauty > Personal Care > Shaving & Grooming > Hair Clippers & Trimmers,,Sanford Hair Clipper - SF9733HC,Default Title,Sanford,6291108370520,sanford-hair-clipper-sf9733hc,draft,7529062727745,42057095184449
SF9798HS_1,Hair Straighteners,Health & Beauty > Personal Care > Hair Care > Hair Styling Tools > Hair Straighteners,,Sanford Hair Styler 1000W - SF9798HS BS,Default Title,Sanford,6957260097988,sanford-hair-styler-1000w-sf9798hs,draft,7529069019201,42057119105089
SF9799HS_1,Hair Styling Tools,Health & Beauty > Personal Care > Hair Care > Hair Styling Tools,,Sanford Hair Styler 1000W- SF9799HS BS,Default Title,Sanford,6957260097995,sanford-hair-styler-1000w-sf9799hs,draft,7529072721985,42057129394241
SF9803MS_1,Electric Razors,Health & Beauty > Personal Care > Shaving & Grooming > Electric Razors,,Sanford Floating Rotary Blade Shaver for Men - SF9803MS,Default Title,Sanford,6957260098039,sanford-floating-rotary-blade-shaver-for-men-sf9803ms,draft,7529060237377,42057083256897
SF9805MS_1,Electric Razors,Health & Beauty > Personal Care > Shaving & Grooming > Electric Razors,,Sanford Cordless Men Shaver With Trimmer -SF9805MS BS,Default Title,Sanford,6291108467459,sanford-cordless-men-shaver-with-trimmer-sf9805ms,draft,7529056960577,42057059860545
SF984HD_1,Hair Dryers,Health & Beauty > Personal Care > Hair Care > Hair Styling Tools > Hair Dryers,,Sanford Hair Dryer - 1200W - SF984HD,Default Title,Sanford,6291108466681,sanford-hair-dryer-1200w-sf984hd,draft,7529065906241,42057102524481
SF999HST BS_1,Hair Straighteners,Health & Beauty > Personal Care > Hair Care > Hair Styling Tools > Hair Straighteners,,Sanford Stylish Model Ceramic Hair Straightener - SF999HST BS,Default Title,Sanford,9291108465899,sanford-stylish-model-ceramic-hair-straightener-sf999hst-bs,active,7529904046145,42059446222913
SGA01_1,Hair Care Kits,Health & Beauty > Personal Care > Hair Care > Hair Care Kits,Cream,Garnier Ultimate Blends Banana 3 in 1 Hair Mask 390ml-Germany,Default Title,Garnier,3600542231572,garnier-ultimate-blends-banana-3-in-1-hair-mask-390ml,active,7489638203457,41918073110593
SGA01_2,Hair Care Kits,Health & Beauty > Personal Care > Hair Care > Hair Care Kits,Cream,Garnier Ultimate Blends Banana 3 in 1 Hair Mask 390ml,Default Title,Garnier,3600542129268,garnier-ultimate-blends-banana-3-in-1-hair-mask-390ml-germany,active,7769574539329,43251746799681
SGA02_1,Hair Care Kits,Health & Beauty > Personal Care > Hair Care > Hair Care Kits,Cream,Garnier Ultimate Blends Soothing Coconut Hair Food Multi Use Mask 400ml,Default Title,Garnier,3600542231589,garnier-ultimate-blends-soothing-coconut-hair-food-multi-use-mask-400ml,active,7489638236225,41918073143361
SGA03_1,Hair Care Kits,Health & Beauty > Personal Care > Hair Care > Hair Care Kits,Cream,Garnier Ultimate Blends Papaya 3 in 1 Hair Mask 390ml,Default Title,Garnier,3600542132206,garnier-ultimate-blends-papaya-3-in-1-hair-mask-390ml,draft,7524953358401,42045310763073
SGA03_2,Hair Care Kits,Health & Beauty > Personal Care > Hair Care > Hair Care Kits,Cream,Garnier Ultimate Blends Papaya 3 in 1 Hair Mask 390ml - Germany,Default Title,Garnier,3600542231565,garnier-ultimate-blends-papaya-3-in-1-hair-mask-390ml-germany,active,7536803545153,42077864853569
SGA04_1,Lotions & Moisturizers,Health & Beauty > Personal Care > Cosmetics > Skin Care > Lotions & Moisturizers,Cream,Garnier Ceramide Nourishing Body Butter 380ml,Default Title,Garnier,3600542470438,garnier-ceramide-nourishing-body-butter-380ml,active,7619915907137,42336725696577
SGA05_1,Lotions & Moisturizers,Health & Beauty > Personal Care > Cosmetics > Skin Care > Lotions & Moisturizers,Cream,Garnier Vitamin E Moisturising Body Cream 380ml,Default Title,Garnier,3600542470346,garnier-vitamin-e-moisturising-body-cream-380ml,active,7620036755521,42337169932353
SGA11_1,Hair Care Kits,Health & Beauty > Personal Care > Hair Care > Hair Care Kits,Cream,Garnier Ultimate Blends Cocoa Butter 3 in 1 Hair Mask 390ml,Default Title,Garnier,3600542439657,garnier-ultimate-blends-cocoa-butter-3-in-1-hair-mask-390ml,active,7489638301761,41918073176129
SGA12_1,Uncategorized,Uncategorized,,Garnier Fructis Cocoa Butter Curl Nourishing Mask 320ml,,Garnier,3600542613316,,,erp-SGA12_1,erp-SGA12_1
SHC001,Uncategorized,Uncategorized,,Beauty Consultation,Default Title,Cosmetics.lk,,beauty-consultation,active,7603003883585,42295316283457
SHE001_1,Shampoo,Health & Beauty > Personal Care > Hair Care > Shampoo & Conditioner > Shampoo,Liquid,Shea Moisture Jamaican Black Castor Oil Strengthen and Restore Shampoo 384ml,Default Title,Shea Moisture,764302215837,shea-moisture-jamaican-black-castor-oil-strengthen-and-restore-shampoo-384ml,active,7704110563393,43044186226753
SHE002_1,Shampoo,Health & Beauty > Personal Care > Hair Care > Shampoo & Conditioner > Shampoo,Liquid,Shea Moisture Manuka Honey and Mafura Oil Intensive Hydration Shampoo 384ml,Default Title,Shea Moisture,764302231042,shea-moisture-manuka-honey-and-mafura-oil-intensive-hydration-shampoo-384ml,active,7704079237185,43043959963713
SHE003_1,Conditioners,Health & Beauty > Personal Care > Hair Care > Shampoo & Conditioner > Conditioners,Liquid,Shea Moisture Manuka Honey and Mafura Oil Intensive Hydration Conditioner 384ml,Default Title,Shea Moisture,764302231059,shea-moisture-manuka-honey-and-mafura-oil-intensive-hydration-conditioner-384ml,active,7704085889089,43043992502337
SHE004_1,Hair Styling Products,Health & Beauty > Personal Care > Hair Care > Hair Styling Products,Cream,Shea Moisture Coconut and Hibiscus Curl and Style Milk 237ml,Default Title,Shea Moisture,764302290247,shea-moisture-coconut-and-hibiscus-curl-and-style-milk-237ml,active,7705069944897,43047620345921
SHE005_1,Shampoo,Health & Beauty > Personal Care > Hair Care > Shampoo & Conditioner > Shampoo,,Shea Moisture Amla Oil Bond Repair Shampoo 384ml,Default Title,Shea Moisture,764302024682,shea-moisture-amla-oil-bond-repair-shampoo-384ml,active,7775624364097,43275073355841
SHE006_1,Conditioners,Health & Beauty > Personal Care > Hair Care > Shampoo & Conditioner > Conditioners,,Shea Moisture Amla Oil Bond Repair Conditioner 384ml,Default Title,Shea Moisture,764302024675,shea-moisture-amla-oil-bond-repair-conditioner-384ml,active,7775630196801,43275092918337
SHEA001_1,Conditioners,Health & Beauty > Personal Care > Hair Care > Shampoo & Conditioner > Conditioners,LiquidGel,Shea Moisture Manuka Honey and Yogurt Hydrate + Repair Conditioner 384ml,Default Title,Shea Moisture,764302231547,shea-moisture-manuka-honey-and-yogurt-hydrate-repair-conditioner-384ml,active,7668480507969,42867889733697
SHEA002_1,Shampoo,Health & Beauty > Personal Care > Hair Care > Shampoo & Conditioner > Shampoo,LiquidGel,Shea Moisture Manuka Honey and Yogurt Hydrate + Repair Shampoo 384ml,Default Title,Shea Moisture,764302231530,shea-moisture-manuka-honey-and-yogurt-shampoo-384ml,active,7668481720385,42867900842049
SHEA003_1,Shampoo,Health & Beauty > Personal Care > Hair Care > Shampoo & Conditioner > Shampoo,LiquidGel,Shea Moisture Raw Shea Butter Deep Moisturizing Shampoo 384ml,Default Title,Shea Moisture,764302280200,shea-moisture-raw-shea-butter-deep-moisturizing-shampoo-384ml,active,7668482211905,42867902349377
SHEA004_1,Conditioners,Health & Beauty > Personal Care > Hair Care > Shampoo & Conditioner > Conditioners,LiquidGel,Shea Moisture Raw Shea Butter Deep Mositurizing Conditioner 384ml,Default Title,Shea Moisture,764302280217,shea-moisture-raw-shea-butter-deep-mositurizing-conditioner-384ml,active,7668482474049,42867902578753
SHEA005_1,Conditioners,Health & Beauty > Personal Care > Hair Care > Shampoo & Conditioner > Conditioners,Oil,Shea Moisture Coconut and Hibiscus Conditioner 384ml,Default Title,Shea Moisture,764302290629,shea-moisture-coconut-and-hibiscus-conditioner-384ml,active,7675689238593,42917412438081
SHEA006_1,Shampoo,Health & Beauty > Personal Care > Hair Care > Shampoo & Conditioner > Shampoo,Liquid,Shea Moisture Coconut and Hibiscus Shampoo 384ml,Default Title,Shea Moisture,764302290209,shea-moisture-coconut-and-hibiscus-shampoo-384ml,draft,7675690680385,42917424463937
SHMO01_1,Hair Loss Treatments,Health & Beauty > Personal Care > Hair Care > Hair Loss Treatments,Oil,Shea Moisture Rosemary and vegan collagen Hair Oil 59ml,Default Title,Shea Moisture,764302025986,shea-moisture-rosemary-and-vegan-collagen-hair-oil-59ml,active,7544607572033,42096468361281
SHMO02_1,Hair Loss Treatments,Health & Beauty > Personal Care > Hair Care > Hair Loss Treatments,Oil,Shea Moisture anti-hair fall Scalp and hair Oil 59ml,Default Title,Shea Moisture,764302025993,shea-moisture-anti-hair-fall-scalp-and-hair-oil-59ml,active,7544607866945,42096468983873
SIAC01_1,Facial Cleansers,Health & Beauty > Personal Care > Cosmetics > Skin Care > Facial Cleansers,Liquid,St. Ives Acne Control Apricot Scrub 170g,Default Title,St. Ives,No Barcode,st-ives-acne-control-apricot-scrub-170g,draft,7489638334529,41918073208897
SIAC02_1,Facial Cleansers,Health & Beauty > Personal Care > Cosmetics > Skin Care > Facial Cleansers,Cream,St. Ives Acne Control Apricot Scrub 283g,Default Title,St. Ives,077043112427,st-ives-acne-control-apricot-scrub-283g,draft,7552014876737,42118674481217
SIBL06_1,Lotions & Moisturizers,Health & Beauty > Personal Care > Cosmetics > Skin Care > Lotions & Moisturizers,Lotion,St. Ives Hydrating Vitamin E and Avocado Body Lotion 621ml,Default Title,St. Ives,077043608036,st-ives-hydrating-vitamin-e-and-avocado-body-lotion-621ml,active,7489638367297,41918073241665
SIFM01_1,Lotions & Moisturizers,Health & Beauty > Personal Care > Cosmetics > Skin Care > Lotions & Moisturizers,Cream,St. Ives Collagen and Elastin Moisturizer 283g,Default Title,St. Ives,077043104736,st-ives-collagen-and-elastin-moisturizer-283g,active,7489638400065,41918073274433
SIFS01_1,Skin Care,Health & Beauty > Personal Care > Cosmetics > Skin Care,Liquid,St. Ives Fresh Skin Apricot Scrub 170g,Default Title,St. Ives,077043103609,st-ives-fresh-skin-apricot-scrub-170g,active,7489638432833,41918073307201
SIMP01_1,Facial Cleansers,Health & Beauty > Personal Care > Cosmetics > Skin Care > Facial Cleansers,,Simple Refreshing Facial Wash 150ml,Default Title,Simple,5011451103863,simple-refreshing-facial-wash-150ml,draft,7527376977985,42052822892609
SIMP02_1,Facial Cleansers,Health & Beauty > Personal Care > Cosmetics > Skin Care > Facial Cleansers,,Simple Water Boost Micellar Gel Facial Wash 150ml,Default Title,Simple,8710908710773,simple-water-boost-micellar-gel-facial-wash-150ml,draft,7527402012737,42052880138305
SIMP03_1,Facial Cleansers,Health & Beauty > Personal Care > Cosmetics > Skin Care > Facial Cleansers,,Simple Moisturising Facial Wash 150ml,Default Title,Simple,5011451103870,simple-moisturising-facial-wash-150ml,draft,7527402668097,42052882628673
SIMP04_1,Facial Cleansers,Health & Beauty > Personal Care > Cosmetics > Skin Care > Facial Cleansers,,Simple Age Resisting Facial Wash 150ml,Default Title,Simple,5011451104020,simple-age-resisting-facial-wash-150ml,draft,7527418134593,42052928438337
SIMP05_1,Lotions & Moisturizers,Health & Beauty > Personal Care > Cosmetics > Skin Care > Lotions & Moisturizers,,Simple Hydrating Light Moisturiser 125ml,Default Title,Simple,5011451103931,simple-hydrating-light-moisturiser-125ml,draft,7527421280321,42052931125313
SIMP06_1,Lotions & Moisturizers,Health & Beauty > Personal Care > Cosmetics > Skin Care > Lotions & Moisturizers,,Simple Replenishing Rich Moisturiser 125ml,Default Title,Simple,5011451103948,simple-replenishing-rich-moisturiser-125ml,draft,7528148926529,42054267797569
SMB01_1,Lotions & Moisturizers,Health & Beauty > Personal Care > Cosmetics > Skin Care > Lotions & Moisturizers,Cream,Sebamed extra soft  Baby cream 200ml,Default Title,Sebamed,4103040116215,sebamed-extra-soft-baby-cream-200ml,active,8083832995905,44601483165761
SMB02_1,Lotions & Moisturizers,Health & Beauty > Personal Care > Cosmetics > Skin Care > Lotions & Moisturizers,Lotion,Sebamed Body Lotion With Camomile 100ml,Default Title,Sebamed,4103040129772,sebamed-body-lotion-with-camomile-100ml,active,8083846561857,44601499353153
SMB03_1,Diaper Rash Creams,Baby & Toddler > Diapering > Diaper Rash Treatments > Diaper Rash Creams,Cream,Sebamed Diaper Rash Cream 100ml,Default Title,Sebamed,4103040167347,sebamed-diaper-rash-cream-100ml,active,8083859767361,44601514852417
SMB04_1,Lotions & Moisturizers,Health & Beauty > Personal Care > Cosmetics > Skin Care > Lotions & Moisturizers,Lotion,Sebamed Baby Body Milk With Penthenol 200ml,Default Title,Sebamed,4103040147738,sebamed-baby-body-milk-with-penthenol-200ml,active,8083868516417,44601531826241
SMB05_1,Lotions & Moisturizers,Health & Beauty > Personal Care > Cosmetics > Skin Care > Lotions & Moisturizers,Lotion,Sebamed Baby Body Lotion With Camomile 200ml,Default Title,Sebamed,4103040122452,sebamed-baby-body-lotion-with-camomile-200ml,active,8083905151041,44601727680577
SMLI_1,Conditioners,Health & Beauty > Personal Care > Hair Care > Shampoo & Conditioner > Conditioners,Cream,Shea Moisture Amla Oil Bond Repair Leave-In Conditioner 311g,Default Title,Shea Moisture,764302024774,shea-moisture-amla-oil-bond-repair-leave-in-conditioner-311g,draft,7558495502401,42140943056961
SMS01_1,Shampoo,Health & Beauty > Personal Care > Hair Care > Shampoo & Conditioner > Shampoo,Liquid,Sebamed Anti Dandruff Shampoo 200ml,Default Title,Sebamed,4103040117298,sebamed-anti-dandruff-shampoo-200ml,draft,7489638498369,41918073372737
SO001_1,Minerals,Health & Beauty > Health Care > Fitness & Nutrition > Vitamins & Supplements > Minerals,Tablets,Solgar Calcium Citrate with Vitamin D3 60 Tablets,Default Title,Solgar,033984004306,solgar-calcium-citrate-with-vitamin-d3-60-tablets,draft,7591474921537,42254680227905
SO002_1,Single Vitamins,Health & Beauty > Health Care > Fitness & Nutrition > Vitamins & Supplements > Single Vitamins,Capsules,Solgar Vitamin D3 Cholecalciferol 2200 IU 50 Capsules,Default Title,Solgar,033984033160,solgar-vitamin-d3-cholecalciferol-2200-iu-50-capsules,draft,7591469416513,42254638481473
SS001_1,Herbal Supplements,Health & Beauty > Health Care > Fitness & Nutrition > Vitamins & Supplements > Herbal Supplements,Powder,Six Star Pre-Workout Explosion Ripped Energy Powder 174g,Default Title,Six star,631656344981,six-star-pre-workout-explosion-ripped-energy-powder-174g,draft,7533981204545,42068447854657
SS002_1,Amino Acids,Health & Beauty > Health Care > Fitness & Nutrition > Vitamins & Supplements > Amino Acids,,Six Star Aminos Plus Energy Fruit Punch 207g,Default Title,Six star,631656345452,six-star-aminos-plus-energy-fruit-punch-207g,draft,7539198722113,42081654865985
SS003_1,Amino Acids,Health & Beauty > Health Care > Fitness & Nutrition > Vitamins & Supplements > Amino Acids,,Six Star Glutamine Unflavored 300g,Default Title,Six star,631656340051,six-star-glutamine-unflavored-300g,draft,7539200196673,42081658273857
SS004_1,Vitamins & Supplements,Health & Beauty > Health Care > Fitness & Nutrition > Vitamins & Supplements,Powder,Six Star Pre-Workout Explosion Blue Raspberry 424g,Default Title,Six star,631656346893,six-star-pre-workout-explosion-blue-raspberry-424g,draft,7539093831745,42081470939201
SS005_1,Herbal Supplements,Health & Beauty > Health Care > Fitness & Nutrition > Vitamins & Supplements > Herbal Supplements,Tablets,Six Star Testosterone Booster 60 Tablets,Default Title,Six star,631656321401,six-star-testosterone-booster-60-tablets,draft,7525102354497,42046070227009
SS006_1,Amino Acids,Health & Beauty > Health Care > Fitness & Nutrition > Vitamins & Supplements > Amino Acids,Capsules,Six Star Creatine X3 60 Caplets,Default Title,Six star,631656320053,six-star-creatine-x3-60-caplets,draft,7534092386369,42068491272257
SS007_1,Vitamins & Supplements,Health & Beauty > Health Care > Fitness & Nutrition > Vitamins & Supplements,,Six Star Pre-Workout Explosion Peach Mango 418g,Default Title,Six star,631656345513,six-star-pre-workout-explosion-peach-mango-418g,draft,7536999465025,42078299291713
SS008_1,Creatine,Health & Beauty > Health Care > Fitness & Nutrition > Vitamins & Supplements > Creatine,Powder,Six Star 100% Creatine Unflavored 300g,Default Title,Six star,631656346954,six-star-100-creatine-unflavored-300g,draft,7591858077761,42256138240065
SS009_1,Herbal Supplements,Health & Beauty > Health Care > Fitness & Nutrition > Vitamins & Supplements > Herbal Supplements,,Six Star Pre-Workout Explosion Blue Raspberry 212g,Default Title,Six star,631656344554,six-star-pre-workout-explosion-blue-raspberry-212g,draft,7539201507393,42081660862529
SS010_1,Herbal Supplements,Health & Beauty > Health Care > Fitness & Nutrition > Vitamins & Supplements > Herbal Supplements,Powder,Six Star Pre-Workout Explosion Fruit Punch 213g,Default Title,Six star,631656343922,six-star-pre-workout-explosion-fruit-punch-213g,draft,7539092062273,42081469268033
SS089_1,Face Moisturizers,Health & Beauty > Personal Care > Cosmetics > Skin Care > Face Moisturizers,Cream,Palmers SS Anti-Dark Spot Fade Night Cream 75g,Default Title,Palmers,010181075766,palmers-ss-anti-dark-spot-fade-night-cream-75g,draft,7525076664385,42045820796993
SS089_2,Face Moisturizers,Health & Beauty > Personal Care > Cosmetics > Skin Care > Face Moisturizers,Cream,Palmers SS Anti-Dark Spot Fade Night Cream 75g - USA,Default Title,Palmers,010181076367,palmers-ss-anti-dark-spot-fade-night-cream-75g-usa,active,7638932324417,42415510257729
SS090_1,Bar Soap,Health & Beauty > Personal Care > Cosmetics > Bath & Body > Bar Soap,Solid,Palmers Skin Success Complexion Bar 100g,Default Title,Palmers,010181073809,palmers-skin-success-complexion-bar-100g,active,7489638694977,41918073536577
SS091_1,Skin Care,Health & Beauty > Personal Care > Cosmetics > Skin Care,Cream,Palmers Skin Success Fade Cream for Oily Skin 75g,Default Title,Palmers,010181075551,palmers-skin-success-fade-cream-for-oily-skin-75g,active,7489638727745,41918073569345
SS094_1,Skin Care,Health & Beauty > Personal Care > Cosmetics > Skin Care,Cream,Palmers Skin Success Face Cream for All Skin Types 75g,Default Title,Palmers,010181075964,palmers-skin-success-face-cream-for-all-skin-types-75g,active,7489638629441,41918073503809
SS094_2,Skin Care,Health & Beauty > Personal Care > Cosmetics > Skin Care,Cream,Palmers Skin Success Fade Cream for All Skin Types 75g - USA,Default Title,Palmers,010181075506,palmers-skin-success-fade-cream-for-all-skin-types-75g-usa,active,7662874296385,42837344190529
SS097_1,Facial Cleansers,Health & Beauty > Personal Care > Cosmetics > Skin Care > Facial Cleansers,Liquid,Palmers Skin Success Deep Cleansing Astringent 250ml,Default Title,Palmers,010181080005,palmers-skin-success-deep-cleansing-astringent-250ml,active,7489638793281,41918073602113
SS100_1,Skin Care Masks & Peels,Health & Beauty > Personal Care > Cosmetics > Skin Care > Skin Care Masks & Peels,Lotion,Palmers Skin Success Anti Dark Spot Fade Milk 250ml - USA,Default Title,Palmers,010181077067,palmers-skin-sucess-anti-dark-spot-fade-milk-250ml-usa,active,7525987385409,42047940657217
SS101_1,Bar Soap,Health & Beauty > Personal Care > Cosmetics > Bath & Body > Bar Soap,,Palmers Skin Success Anti Acne Medicated Complexion Bar with Vitamin E 100g,Default Title,Palmers,010181073861,palmers-skin-success-anti-acne-medicated-complexion-bar-with-vitamin-e-100g,active,7990499573825,44244048314433
SS102_1,Facial Cleansers,Health & Beauty > Personal Care > Cosmetics > Skin Care > Facial Cleansers,Liquid,Palmers Skin Success Dark Spot Correcting Facial Cleanser with Vitamin E 150ml,Default Title,Palmers,010181075155,palmers-skin-success-dark-spot-correcting-facial-cleanser-with-vitamin-e-150ml,active,7990146662465,44243197132865
ST001_1,Lotions & Moisturizers,Health & Beauty > Personal Care > Cosmetics > Skin Care > Lotions & Moisturizers,Lotion,St. Ives Renewing Collagen and Elastin Body Lotion 621ml,Default Title,St. Ives,077043608029,st-ives-renewing-collagen-and-elastin-body-lotion-621ml,active,7489638826049,41918073634881
ST004_1,Facial Cleansers,Health & Beauty > Personal Care > Cosmetics > Skin Care > Facial Cleansers,Liquid,St. Ives Blemish Control Apricot Scrub 150ml,Default Title,St. Ives,5012254059777,st-ives-blemish-control-apricot-scrub-150ml,active,7489638891585,41918073700417
STBE01_1,Facial Cleansers,Health & Beauty > Personal Care > Cosmetics > Skin Care > Facial Cleansers,Cream,St. Ives BHA Face Exfoliant Apricot Facial Exfoliator for Acne Prone Skin 170g,Default Title,St. Ives,077043104507,st-ives-bha-face-exfoliant-apricot-facial-exfoliator-for-acne-prone-skin-170g,draft,7569290002497,42182384615489
STBG01_1,Facial Cleansers,Health & Beauty > Personal Care > Cosmetics > Skin Care > Facial Cleansers,Cream,St. Ives BHA Exfoliant Green Tea and Bamboo 1% Salicylic Acid 170ml,Default Title,St. Ives,077043358023,st-ives-bha-exfoliant-green-tea-and-bamboo-1-salicylic-acid-170ml,draft,7569584390209,42184207597633
STEA01_1,Facial Cleansers,Health & Beauty > Personal Care > Cosmetics > Skin Care > Facial Cleansers,Cream,St. Ives Exfoliant Avocado and Honey for Balanced to Dry Skin 170g,Default Title,St. Ives,077043003473,st-ives-exfoliant-avocado-and-honey-for-balanced-to-dry-skin-170g,draft,7569289707585,42182382977089
STI06_1,Face Moisturizers,Health & Beauty > Personal Care > Cosmetics > Skin Care > Face Moisturizers,Cream,St. Ives Renewing Collagen and Elastin Moisturizer 150ml,Default Title,St. Ives,077043644300,st-ives-renewing-collagen-and-elastin-moisturizer-150ml,draft,7489638924353,41918073733185
STLV001_1,Lotions & Moisturizers,Health & Beauty > Personal Care > Cosmetics > Skin Care > Lotions & Moisturizers,LiquidGel,St. Ives Skin Renewing Body Lotion Collagen Elastin 600ml,Default Title,St. Ives,077043236338,st-ives-skin-renewing-body-lotion-collagen-elastin-600ml,active,7636639809601,42404723818561
STV01_1,Facial Cleansers,Health & Beauty > Personal Care > Cosmetics > Skin Care > Facial Cleansers,,St. Ives Coconut and Coffee Exfoliant Face Scrub 170g,Default Title,St. Ives,077043003466,st-ives-coconut-and-coffee-exfoliant-face-scrub-170g,active,7755809652801,43206492848193
STV010_1,Body Wash,Health & Beauty > Personal Care > Cosmetics > Bath & Body > Body Wash,Liquid,St. Ives Hydrating Body Wash With Coconut & Orchid 650ml,Default Title,St. Ives,077043002131,st-ives-hydrating-body-wash-with-coconut-orchid-650ml,active,7877760024641,43759676489793
STV02_1,Facial Cleansers,Health & Beauty > Personal Care > Cosmetics > Skin Care > Facial Cleansers,,St. Ives Pink Lemon and Mandarin Exfoliant Face Scrub 170g,Default Title,St. Ives,077043357644,st-ives-pink-lemon-and-mandarin-exfoliant-face-scrub-170g,draft,7755811225665,43206494945345
STV03_1,Lotions & Moisturizers,Health & Beauty > Personal Care > Cosmetics > Skin Care > Lotions & Moisturizers,Lotion,St. Ives Cranberry and Grapeseed Oil Body Lotion 600ml,Default Title,St. Ives,077043236154,st-ives-repairing-cranberry-and-grapeseed-oil-body-lotion-600ml,draft,7787787157569,43543530831937
STV04_1,Facial Cleansers,Health & Beauty > Personal Care > Cosmetics > Skin Care > Facial Cleansers,,St. Ives Radiant Skin Scrub 150ml,Default Title,St. Ives,8710908812576,st-ives-radiant-skin-scrub-150ml,active,7877755863105,43759662989377
STV05_1,Facial Cleansers,Health & Beauty > Personal Care > Cosmetics > Skin Care > Facial Cleansers,,St. Ives Fresh Skin Scrub Apricot 150ml,Default Title,St. Ives,5012254059760,st-ives-fresh-skin-scrub-apricot-150ml,active,7877756420161,43759663644737
STV06_1,Uncategorized,Uncategorized,,St. Ives Gentle Smoothing Scrub & Mask with oatmealÂ 150ml,,St. Ives,8710908812415,,,erp-STV06_1,erp-STV06_1
STV07_1,Body Wash,Health & Beauty > Personal Care > Cosmetics > Bath & Body > Body Wash,Liquid,St. Ives Citrus & Cherry Blossom Energizing Body Wash 650ml,Default Title,St. Ives,077043002117,st-ives-citrus-cherry-blossom-energizing-body-wash-650ml,active,7877757829185,43759671115841
STV08_1,Body Wash,Health & Beauty > Personal Care > Cosmetics > Bath & Body > Body Wash,Liquid,St. Ives Refreshing Body Wash with Rose Water and Aloe Vera 650ml,Default Title,St. Ives,077043002124,st-ives-refreshing-body-wash-with-rose-water-and-aloe-vera-650ml,draft,7877758255169,43759671935041
STV09_1,Body Wash,Health & Beauty > Personal Care > Cosmetics > Bath & Body > Body Wash,Liquid,St. Ives Exfoliating Body Wash Pink Lemon & Mandarin Orange 650ml,Default Title,St. Ives,077043002162,st-ives-exfoliating-body-wash-pink-lemon-mandarin-orange-650ml,active,7877759795265,43759676063809
SUD01_1,Antiseptics & Cleaning Supplies,Health & Beauty > Health Care > First Aid > Antiseptics & Cleaning Supplies,,Sudocrem Soothes Heals and Protects 250g,Default Title,Sudocrem,624721510268,sudocrem-soothes-heals-and-protects-250g,draft,7529928917057,42059483185217
SUN01_1,Sunscreen,Health & Beauty > Personal Care > Cosmetics > Skin Care > Sunscreen,Lotion,Sunthera3 Kids SPF 50+ Sun Protection Lotion 180ml,Default Title,Sunthera3,057800990536,sunthera3-spf-50-sun-protection-lotion-180ml,active,9046289809473,48935938949185
SUN02_1,Sunscreen,Health & Beauty > Personal Care > Cosmetics > Skin Care > Sunscreen,Lotion,Sunthera3 SPF 30 Sun Protection Lotion 180ml,Default Title,Sunthera3,057800990574,sunthera3-spf-30-sun-protection-lotion-180ml,active,9046309994561,48935984103489
SV_BU001_1,Uncategorized,Uncategorized,,Neocell Super Collagen 200g + Now Vitamin C-1000 Bundle - SV_BU001_1,Default Title,Cosmetics.lk,,neocell-super-collagen-200g-now-vitamin-c-1000-bundle-sv-bu001-1,draft,7798736846913,43571983089729
SV_BU002_1,Uncategorized,Uncategorized,,Now Vitamin C-1000 + Now Glutathione 500mg Bundle - SV_BU002_1,Default Title,Cosmetics.lk,,now-vitamin-c-1000-now-glutathione-500mg-bundle-sv-bu002-1,draft,7799142907969,43573809250369
SV_BU003_1,Uncategorized,Uncategorized,,Vital Proteins Bovine Collagen Peptides 284g & Now Vitamin C-1000 Bundle - SV_BU003_1,Default Title,Cosmetics.lk,,vital-proteins-bovine-collagen-peptides-284g-now-vitamin-c-1000-bundle-sv-bu003-1,draft,7799149068353,43573815509057
SV_BU004_1,Uncategorized,Uncategorized,,Neocell Super Collagen with Vitamin C & Biotin + Now Vitamin C-1000 Bundle - SV_BU004_1,Default Title,Cosmetics.lk,,neocell-super-collagen-with-vitamin-c-biotin-now-vitamin-c-1000-bundle-sv-bu004-1,draft,7799154081857,43573820522561
SV_BU005_1,Uncategorized,Uncategorized,,Neocell Super Collagen + Vitamin C & Biotin & Now Vitamin C-1000 Bundle - SV_BU005_1,Default Title,Cosmetics.lk,,neocell-super-collagen-vitamin-c-biotin-now-vitamin-c-1000-bundle-sv-bu005-1,draft,7799166402625,43573833007169
SV_BU006_1,Uncategorized,Uncategorized,,Neocell Collagen Beauty Builder & Now Vitamin C-1000 Bundle - SV_BU006_1,Default Title,Cosmetics.lk,,neocell-collagen-beauty-builder-now-vitamin-c-1000-bundle-sv-bu006-1,draft,7799171645505,43573839200321
SV_BU007_1,Uncategorized,Uncategorized,,Neocell Super Collagen 200g + Now Vitamin C-1000 Bundle - SV_BU007_1,Default Title,Cosmetics.lk,,neocell-super-collagen-200g-now-vitamin-c-1000-bundle-sv-bu007-1,draft,7799357145153,43574061072449
SVE01_1,Hair Color,Health & Beauty > Personal Care > Hair Care > Hair Color,Liquid,Savol Ecologic Hair Colourant Natural Black,Default Title,Savol,6908451143595,savol-ecologic-hair-colourant-natural-black,active,7489638957121,41918073765953
SW001_1,Collagen,Health & Beauty > Health Care > Fitness & Nutrition > Vitamins & Supplements > Collagen,,Swisse Beauty Collagen Glow With Collagen Peptides 120 Tablets,Default Title,Swisse,9311770604468,swisse-beauty-collagen-glow-with-collagen-peptides-120-tablets,draft,7630429061185,42370614526017
SW002_1,Collagen,Health & Beauty > Health Care > Fitness & Nutrition > Vitamins & Supplements > Collagen,Tablets,Swisse Beauty Collagen Glow With Collagen Peptides 60 Tablets,Default Title,Swisse,9311770602907,swisse-beauty-collagen-glow-with-collagen-peptides-60-tablets,draft,7533655392321,42068298432577
SW003_1,Collagen,Health & Beauty > Health Care > Fitness & Nutrition > Vitamins & Supplements > Collagen,Tablets,Swisse Beauty Collagen + Hyaluronic Acid Booster 160 Tablets,Default Title,Swisse,9311770611626,swisse-beauty-collagen-hyaluronic-acid-booster-160-tablets,draft,7591891796033,42256268722241
SW004_1,Herbal Supplements,Health & Beauty > Health Care > Fitness & Nutrition > Vitamins & Supplements > Herbal Supplements,Tablets,Swisse Beauty Hair Skin Nails+ 60 Tablets,Default Title,Swisse,9311770588041,swisse-beauty-hair-skin-nails-60-tablets,draft,7629883441217,42368042827841
SW005_1,Herbal Supplements,Health & Beauty > Health Care > Fitness & Nutrition > Vitamins & Supplements > Herbal Supplements,Capsules,Swisse Beauty Bright Skin Booster 60 Capsules,Default Title,Swisse,9311770605274,swisse-beauty-bright-skin-booster-60-capsules,draft,7654514032705,42731192123457
SW006_1,Vitamins & Supplements,Health & Beauty > Health Care > Fitness & Nutrition > Vitamins & Supplements,Capsules,Swisse Ultiboost Odourless Wild Fish Oil 1000mg 400 Capsules,Default Title,Swisse,9311770588843,swisse-ultiboost-odourless-wild-fish-oil-1000mg-400-capsules,draft,7591864139841,42256163209281
SW007_1,Vitamins & Supplements,Health & Beauty > Health Care > Fitness & Nutrition > Vitamins & Supplements,Capsules,Swisse Ultiboost Odourless High Strength Wild Fish Oil 1500mg 400 Capsules,Default Title,Swisse,9311770592475,swisse-ultiboost-odourless-high-strength-wild-fish-oil-1500mg-400-capsules,draft,7590887620673,42252897812545
SW008_1,Collagen,Health & Beauty > Health Care > Fitness & Nutrition > Vitamins & Supplements > Collagen,Tablets,Swisse Beauty High Strength Marine Collagen with Retinol & Vitamin C 60 Tablets,Default Title,Swisse,9311770605953,swisse-beauty-high-strength-marine-collagen-with-retinol-vitamin-c-60-tablets,draft,7629878034497,42368027721793
SW009_1,Herbal Supplements,Health & Beauty > Health Care > Fitness & Nutrition > Vitamins & Supplements > Herbal Supplements,Tablets,Swisse Beauty Hair Skin Nails+ 100 Tablets,Default Title,Swisse,9311770588218,swisse-beauty-hair-skin-nails-100-tablets,draft,7630425423937,42370604662849
SW010_1,Herbal Supplements,Health & Beauty > Health Care > Fitness & Nutrition > Vitamins & Supplements > Herbal Supplements,Tablets,Swisse Ultiboost Liver Detox 60 tablets,Default Title,Swisse,9311770588584,swisse-ultiboost-liver-detox-60-tablets,draft,7630430076993,42370629238849
SW011_1,Multivitamin Supplements,Health & Beauty > Health Care > Fitness & Nutrition > Vitamins & Supplements > Multivitamin Supplements,Tablets,Swisse Ultivite Women's 65+ Multivitamin 60 Tablets,Default Title,Swisse,9311770589369,swisse-ultivite-womens-65-multivitamin-60-tablets,draft,7630431486017,42370641330241
SW012_1,Vitamins & Supplements,Health & Beauty > Health Care > Fitness & Nutrition > Vitamins & Supplements,Capsules,Swisse Ultiboost Odourless High Strength Wild Fish Oil 1500mg 200 Capsules,Default Title,Swisse,9311770589383,swisse-ultiboost-odourless-high-strength-wild-fish-oil-1500mg-200-capsules,draft,7682404614209,42962528239681
SW013_1,Single Vitamins,Health & Beauty > Health Care > Fitness & Nutrition > Vitamins & Supplements > Single Vitamins,Capsules,Swisse Ultiboost Vitamin D 400 Capsules,Default Title,Swisse,9311770615129,swisse-ultiboost-vitamin-d-400-capsules,draft,7701720825921,43035539636289
SW014_1,Single Vitamins,Health & Beauty > Health Care > Fitness & Nutrition > Vitamins & Supplements > Single Vitamins,Capsules,Swisse Ultiboost Vitamin D 250 Capsules (Australia),Default Title,Swisse,9311770615112,swisse-ultiboost-vitamin-d-250-capsules,draft,7703592763457,43041973665857
SW014_2,Single Vitamins,Health & Beauty > Health Care > Fitness & Nutrition > Vitamins & Supplements > Single Vitamins,Capsules,Swisse Ultiboost Vitamin D 250 Capsules (New Zealand),Default Title,Swisse,9311770607605,swisse-ultiboost-vitamin-d-250-capsules-2,draft,7751181893697,43190205644865
SW015_1,Minerals,Health & Beauty > Health Care > Fitness & Nutrition > Vitamins & Supplements > Minerals,Tablets,Swisse UltiBoost Magnesium Glycinate 60 Tablets,Default Title,Swisse,9311770614863,swisse-ultiboost-magnesium-glycinate-60-tablets,draft,7703717969985,43042370977857
SW016_1,Minerals,Health & Beauty > Health Care > Fitness & Nutrition > Vitamins & Supplements > Minerals,Tablets,Swisse Ultiboost Zinc+ 120 Tablets,Default Title,Swisse,9311770607926,swisse-ultiboost-zinc-120-tablets,draft,7703728717889,43042383298625
SW017_1,Minerals,Health & Beauty > Health Care > Fitness & Nutrition > Vitamins & Supplements > Minerals,Tablets,Swisse Ultiboost Calcium + Vitamin D 300 Mini Tablets,Default Title,Swisse,9311770606226,swisse-ultiboost-calcium-vitamin-d-300-mini-tablets,draft,7703733764161,43042388246593
SW018_1,Herbal Supplements,Health & Beauty > Health Care > Fitness & Nutrition > Vitamins & Supplements > Herbal Supplements,Capsules,Swisse Beauty Bright Skin Booster 120 Capsules,Default Title,Swisse,9311770610193,swisse-beauty-bright-skin-booster-120-capsules,draft,7703746969665,43042419245121
SW019_1,Collagen,Health & Beauty > Health Care > Fitness & Nutrition > Vitamins & Supplements > Collagen,Powder,Swisse Beauty Collagen Glow Powder With Vitamin C 240g,Default Title,Swisse,9311770610209,swisse-beauty-collagen-glow-powder-with-vitamin-c-240g,draft,7716327129153,43094883500097
SW020_1,Minerals,Health & Beauty > Health Care > Fitness & Nutrition > Vitamins & Supplements > Minerals,Tablets,Swisse UltiBoost Magnesium Glycinate 120 Tablets,Default Title,Swisse,9311770614870,swisse-ultiboost-magnesium-glycinate-120-tablets,draft,7719494156353,43104662061121
SW021_1,Minerals,Health & Beauty > Health Care > Fitness & Nutrition > Vitamins & Supplements > Minerals,Tablets,Swisse Ultiboost Calcium + Vitamin D 150 Tablets,Default Title,Swisse,9311770615068,swisse-ultiboost-calcium-vitamin-d-150-tablets,draft,7719496220737,43104670580801
SW022_1,Multivitamin Supplements,Health & Beauty > Health Care > Fitness & Nutrition > Vitamins & Supplements > Multivitamin Supplements,Tablets,"Swisse Ultiboost Magnesium, Calcium + D3 200 Tablets",Default Title,Swisse,9311770614979,swisse-ultiboost-magnesium-calcium-d3-200-tablets,draft,7719501463617,43104678903873
SW023_1,Multivitamin Supplements,Health & Beauty > Health Care > Fitness & Nutrition > Vitamins & Supplements > Multivitamin Supplements,Tablets,Swisse Women's Ultivite Multivitamin 120 Tablets,Default Title,Swisse,9311770608787,swisse-womens-ultivite-multivitamin-120-tablets,draft,7719507624001,43104714424385
SW024_1,Vitamins & Supplements,Health & Beauty > Health Care > Fitness & Nutrition > Vitamins & Supplements,Capsules,Swisse Ultiboost Odourless Wild Fish Oil 1000mg 500 Capsules,Default Title,Swisse,9311770597050,swisse-ultiboost-odourless-wild-fish-oil-1000mg-500-capsules,draft,7719507525697,43104714129473
SW025_1,Vitamins & Supplements,Health & Beauty > Health Care > Fitness & Nutrition > Vitamins & Supplements,Capsules,Swisse Ultiboost Odourless Super Strength Wild Fish Oil 2000mg 300 Capsules,Default Title,Swisse,9311770596268,swisse-ultiboost-odourless-super-strength-wild-fish-oil-2000mg-300-capsules,draft,7719630078017,43105967112257
SW026_1,Multivitamin Supplements,Health & Beauty > Health Care > Fitness & Nutrition > Vitamins & Supplements > Multivitamin Supplements,Tablets,Swisse Ultivite Men's Multivitamin 60 Tablets,Default Title,Swisse,93566728,swisse-ultivite-mens-multivitamin-60-tablets,draft,7719505592385,43104704364609
SW027_1,Multivitamin Supplements,Health & Beauty > Health Care > Fitness & Nutrition > Vitamins & Supplements > Multivitamin Supplements,Tablets,Swisse Ultiboost Daily Immune Support 120 Tablets,Default Title,Swisse,9311770611596,swisse-ultiboost-daily-immune-support-120-tablets,draft,7719503200321,43104696631361
SW028_1,Single Vitamins,Health & Beauty > Health Care > Fitness & Nutrition > Vitamins & Supplements > Single Vitamins,Tablets,Swisse Ultiboost High Strength Vitamin B12 60 Tablets,Default Title,Swisse,9311770596398,swisse-ultiboost-high-strength-vitamin-b12-60-tablets,draft,7719504412737,43104700661825
SW029_1,Collagen,Health & Beauty > Health Care > Fitness & Nutrition > Vitamins & Supplements > Collagen,Powder,Swisse Beauty Collagen Glow Powder With Vitamin C 120g,Default Title,Swisse,9311770605304,swisse-beauty-collagen-glow-powder-with-vitamin-c-120g,draft,7703755849793,43042447982657
SW030_1,Vitamins & Supplements,Health & Beauty > Health Care > Fitness & Nutrition > Vitamins & Supplements,Capsules,Swisse Ultiboost Odourless Super Strength Wild Fish Oil 2000mg 200 Capsules,Default Title,Swisse,9311770607759,swisse-ultiboost-odourless-super-strength-wild-fish-oil-2000mg-200-capsules,draft,7716328964161,43094889267265
SW031_1,Collagen,Health & Beauty > Health Care > Fitness & Nutrition > Vitamins & Supplements > Collagen,Tablets,Swisse Beauty Collagen + Hyaluronic Acid Booster 80 Tablets,Default Title,Swisse,9311770607209,swisse-beauty-collagen-hyaluronic-acid-booster-80-tablets,draft,7719559102529,43105613578305
SW032_1,Multivitamin Supplements,Health & Beauty > Health Care > Fitness & Nutrition > Vitamins & Supplements > Multivitamin Supplements,Powder,Swisse Ultiboost High Strength Vitamin C + Zinc 150g Powder Orange,Default Title,Swisse,9311770605410,swisse-ultiboost-high-strength-vitamin-c-zinc-150g-powder-orange,draft,7719558545473,43105612922945
SW033_1,Minerals,Health & Beauty > Health Care > Fitness & Nutrition > Vitamins & Supplements > Minerals,Tablets,"Swisse Ultiboost Magnesium, Calcium + D3 120 Tablets",Default Title,Swisse,9311770612524,swisse-ultiboost-magnesium-calcium-d3-120-tablets,draft,7751206633537,43190237954113
SW034_1,Herbal Supplements,Health & Beauty > Health Care > Fitness & Nutrition > Vitamins & Supplements > Herbal Supplements,Capsules,Swisse Beauty Hair Nutrition for Women 60 Capsules,Default Title,Swisse,9311770601498,swisse-beauty-hair-nutrition-for-women-60-capsules,draft,7751211647041,43190243983425
SW034_2,Herbal Supplements,Health & Beauty > Health Care > Fitness & Nutrition > Vitamins & Supplements > Herbal Supplements,Capsules,Swisse Beauty Hair Nutrition for Women 60 Capsules,Default Title,Swisse,9311770601153,swisse-beauty-hair-nutrition-for-women-60-capsules-2,draft,7842429435969,43649816854593
SW035_1,Collagen,Health & Beauty > Health Care > Fitness & Nutrition > Vitamins & Supplements > Collagen,Powder,Swisse Beauty Marine Collagen Skin Hydration Powder 180g,Default Title,Swisse,9311770612708,swisse-beauty-marine-collagen-skin-hydration-powder-180g,draft,7763328139329,43232649052225
SW036_1,Multivitamin Supplements,Health & Beauty > Health Care > Fitness & Nutrition > Vitamins & Supplements > Multivitamin Supplements,Tablets,Swisse Ultivite Women's Multivitamin 100 Tablets,Default Title,Swisse,9311770612258,swisse-ultivite-womens-multivitamin-100-tablets,draft,7768138022977,43246368620609
SW037_1,Single Vitamins,Health & Beauty > Health Care > Fitness & Nutrition > Vitamins & Supplements > Single Vitamins,Tablets,Swisse Ultiboost High Strength C  1000mg 150 Tablets,Default Title,Swisse,9311770598200,swisse-ultiboost-high-strength-c-1000mg-150-tablets,draft,7768143036481,43246377795649
SW038_1,Multivitamin Supplements,Health & Beauty > Health Care > Fitness & Nutrition > Vitamins & Supplements > Multivitamin Supplements,Tablets,Swisse Ultivite Men's Multivitamin 120 Tablets,Default Title,Swisse,9311770608800,swisse-ultivite-mens-multivitamin-120-tablets,draft,7780065673281,43316422148161
SW039_1,Single Vitamins,Health & Beauty > Health Care > Fitness & Nutrition > Vitamins & Supplements > Single Vitamins,Tablets,Swisse Ultiboost High Strength Vitamin B12 120 Tablets,Default Title,Swisse,9311770615259,swisse-ultiboost-high-strength-vitamin-b12-120-tablets,draft,7802144849985,43579317256257
SW040_1,Herbal Supplements,Health & Beauty > Health Care > Fitness & Nutrition > Vitamins & Supplements > Herbal Supplements,Tablets,Swisse Ultiboost Daily Immune Support 60 Tablets,Default Title,Swisse,9311770604246,swisse-ultiboost-daily-immune-support-60-tablets,draft,7859344900161,43704218026049
SW041_1,Multivitamin Supplements,Health & Beauty > Health Care > Fitness & Nutrition > Vitamins & Supplements > Multivitamin Supplements,Tablets,Swisse Ultivite Women's Multivitamin 60 Tablets,Default Title,Swisse,93566766,swisse-ultivite-womens-multivitamin-60-tablets,draft,7859396804673,43704280711233
SW042_1,Single Vitamins,Health & Beauty > Health Care > Fitness & Nutrition > Vitamins & Supplements > Single Vitamins,Tablets,Swisse Ultiboost Activated Vitamin B12 1000mcg 60 Tablets,Default Title,Swisse,93577977,swisse-ultiboost-activated-vitamin-b12-1000mcg-60-tablets,draft,7859405815873,43704289886273
SWC02_1,Facial Cleansers,Health & Beauty > Personal Care > Cosmetics > Skin Care > Facial Cleansers,Cream,Neutrogena Acne Stress Control Scrub 125ml,Default Title,Neutrogena,062600301147,neutrogena-acne-stress-control-scrub-125ml,draft,7489638989889,41918073798721
TB01_1,Shampoo,Health & Beauty > Personal Care > Hair Care > Shampoo & Conditioner > Shampoo,Liquid,Tresemme Biotin Repair Shampoo 680ml,Default Title,Tresemme,8720182514103,tresemme-biotin-repair-shampoo-680ml,active,7489639022657,41918073831489
TB02_1,Conditioners,Health & Beauty > Personal Care > Hair Care > Shampoo & Conditioner > Conditioners,Liquid,Tresemme Biotin Repair Conditioner 680ml,Default Title,Tresemme,8720182514202,tresemme-biotin-repair-conditioner-680ml,active,7489639055425,41918073864257
TB03_1,Shampoo,Health & Beauty > Personal Care > Hair Care > Shampoo & Conditioner > Shampoo,Liquid,Tresemme Beauty Full Strength Proplex Fortifiant Shampoo 680ml,Default Title,Tresemme,8720182514127,tresemme-beauty-full-strength-proplex-fortifiant-shampoo-680ml,active,7995324563521,44261804933185
TB04_1,Conditioners,Health & Beauty > Personal Care > Hair Care > Shampoo & Conditioner > Conditioners,Liquid,Tresemme Beauty-Full Strength Proplex Fortifying Conditioner 680ml,Default Title,Tresemme,8720182514226,tresemme-beauty-full-strength-proplex-fortifying-conditioner-680ml,active,7995325349953,44261809225793
TBV01_1,Face Moisturizers,Health & Beauty > Personal Care > Cosmetics > Skin Care > Face Moisturizers,Cream,The Body Shop Vitamin C Glow Boosting Moisturiser 50g,Default Title,The Body Shop,5028197192563,the-body-shop-vitamin-c-glow-boosting-moisturiser-50g,draft,7489639088193,41918073897025
TCL01_1,Conditioners,Health & Beauty > Personal Care > Hair Care > Shampoo & Conditioner > Conditioners,Liquid,Tresemme Revitalize Color Conditioner 828ml,Default Title,Tresemme,,tresemme-revitalize-color-conditioner-828ml,draft,7489639120961,41918073929793
Test_1-1,,,All Item Groups,Test item for checking item creation sync,Default Title,Cosmetics.lk,,test-item-for-checking-item-creation-sync,active,7964537749569,44143740223553
Test_1-2,Uncategorized,Uncategorized,,Test item for shopify erp sync,Default Title,Cosmetics.lk,,test-item-for-shopify-erp-sync,active,7964569960513,44143777251393
Test-1,Uncategorized,Uncategorized,,Test Item,,,,,,erp-Test-1,erp-Test-1
TEST-123,Uncategorized,Uncategorized,,test 123,Default Title,Cosmetics.lk,,test-123,draft,7956155170881,44129144504385
TEST-CAT-LK1-ERP03,,,All Item Groups,Catalog Sync Probe ERP,Default Title,Cosmetics.lk,,catalog-sync-probe-erp,active,7956118437953,44129082703937
TEST-CAT-LK1-SHP01,,,,Catalog Sync Probe Shopify,Default Title,Cosmetics.lk,,catalog-sync-probe-shopify,active,7956118143041,44129082245185
TEST1,Uncategorized,Uncategorized,,Test Product,Default Title,Cosmetics.lk,,test-product-1,draft,7995341602881,44261853691969
THE15_1,Facial Cleansers,Health & Beauty > Personal Care > Cosmetics > Skin Care > Facial Cleansers,Gel,The Body Shop Vitamin C Cleansing Polish 100ml,Default Title,The Body Shop,5028197277529,the-body-shop-vitamin-c-cleansing-polish-100ml,draft,7489639186497,41918073995329
THE48_1,Face Serums,Health & Beauty > Personal Care > Cosmetics > Skin Care > Face Serums,,The Body Shop Vitamin C Glow Revealing Serum 30ml,Default Title,The Body Shop,5028197192594,the-body-shop-vitamin-c-glow-revealing-serum-30ml,draft,7528748154945,42055665549377
THE49_1,Skin Care,Health & Beauty > Personal Care > Cosmetics > Skin Care,Liquid,The Body Shop Vitamin C Glow Revealing Liquid Peel 100ml,Default Title,The Body Shop,5028197271442,the-body-shop-vitamin-c-glow-revealing-liquid-peel-100ml,active,7489639252033,41918074028097
THER001_1,Sunscreen,Health & Beauty > Personal Care > Cosmetics > Skin Care > Sunscreen,Cream,Thermoceutical Solarcare 50+ Ultra SPF50 50g,Default Title,Thermoceutical,8809654400363,thermoceutical-solarcare-50-ultra-spf50-50g,active,7660065390657,42827107172417
TK003_1,Shampoo,Health & Beauty > Personal Care > Hair Care > Shampoo & Conditioner > Shampoo,Liquid,Tresemme Hydrolysed Keratin Smooth Shampoo 400ml,Default Title,Tresemme,8710522323007,tresemme-hydrolysed-keratin-smooth-shampoo-400ml,active,7525032624193,42045579034689
TK004_1,Conditioners,Health & Beauty > Personal Care > Hair Care > Shampoo & Conditioner > Conditioners,Liquid,Tresemme Hydrolysed Keratin Smooth Conditioner 400ml,Default Title,Tresemme,8710522323021,tresemme-hydrolysed-keratin-smooth-conditioner-400ml,draft,7489639284801,41918074060865
TK005_1,Shampoo,Health & Beauty > Personal Care > Hair Care > Shampoo & Conditioner > Shampoo,Liquid,Tresemme Biotin Repair Shampoo with Biotin & Pro-Bond Plex 400ml,Default Title,Tresemme,8710522323120,tresemme-biotin-repair-shampoo-with-biotin-pro-bond-plex-400ml,draft,7524991238209,42045432201281
TK006_1,Shampoo,Health & Beauty > Personal Care > Hair Care > Shampoo & Conditioner > Shampoo,Gel,Tresemme Biotin Repair Restoring Shampoo 685ml,Default Title,Tresemme,8720181446054,tresemme-biotin-repair-restoring-shampoo-685ml,active,7977970958401,44197022597185
TK008_1,Shampoo,Health & Beauty > Personal Care > Hair Care > Shampoo & Conditioner > Shampoo,Liquid,Tresemme Botanique Nourish and Replenish Shampoo 400ml,Default Title,Tresemme,8710447211052,tresemme-botanique-nourish-and-replenish-shampoo-400ml,draft,7551285788737,42116564910145
TK009_1,Shampoo,Health & Beauty > Personal Care > Hair Care > Shampoo & Conditioner > Shampoo,Liquid,Tresemme Silky and Smooth Shampoo 828ml,Default Title,Tresemme,022400393681,tresemme-silky-and-smooth-shampoo-828ml,draft,7551292407873,42116580671553
TK01_1,Shampoo,Health & Beauty > Personal Care > Hair Care > Shampoo & Conditioner > Shampoo,Liquid,Tresemme Keratin Smooth Shampoo 680ml,Default Title,Tresemme,8720182514073,tresemme-keratin-smooth-shampoo-680ml,active,7489639317569,41918074093633
TK02_1,Conditioners,Health & Beauty > Personal Care > Hair Care > Shampoo & Conditioner > Conditioners,Liquid,Tresemme Keratin Smooth Conditioner 680ml,Default Title,Tresemme,8720182514196,tresemme-keratin-smooth-conditioner-680ml,active,7489639350337,41918074126401
TKB01_1,Sunscreen,Health & Beauty > Personal Care > Cosmetics > Skin Care > Sunscreen,Cream,Thinkbaby Zinc Oxide 20% Sunscreen SPF 50 177ml,Default Title,Thinkbaby,859871004170,thinkbaby-zinc-oxide-20-sunscreen-spf-50-177ml,draft,7489639383105,41918074159169
TKB02_1,Sunscreen,Health & Beauty > Personal Care > Cosmetics > Skin Care > Sunscreen,Cream,Thinkbaby Zinc Oxide 20% Sunscreen SPF 50 89ml,Default Title,Thinkbaby,890397002684,thinkbaby-zinc-oxide-20-sunscreen-spf-50-89ml,draft,7489639415873,41918074191937
TKB03_1,Sunscreen,Health & Beauty > Personal Care > Cosmetics > Skin Care > Sunscreen,Cream,Thinkkids Zinc Oxide 20% Sunscreen SPF 50 89ml,Default Title,Thinkkids,890397002790,thinkkids-zinc-oxide-20-sunscreen-spf-50-89ml,draft,7489639448641,41918074224705
TKB04_1,Sunscreen,Health & Beauty > Personal Care > Cosmetics > Skin Care > Sunscreen,Cream,Thinkbaby Sunscreen SPF 50 89ml,Default Title,Thinkbaby,No Barcode,thinkbaby-sunscreen-spf-50-89ml,draft,7489639481409,41918074257473
TQ001_1,Vitamins & Supplements,Health & Beauty > Health Care > Fitness & Nutrition > Vitamins & Supplements,Capsules,Toniiq Glutathione 120 Capsules,Default Title,Toniiq,858111007599,toniiq-glutathione-120-capsules,draft,7489639153729,41918073962561
TR001_1,Shampoo,Health & Beauty > Personal Care > Hair Care > Shampoo & Conditioner > Shampoo,,TRESemme Hydrolysed Keratin Smooth Shampoo 685ml,Default Title,Tresemme,8720181446023,tresemme-hydrolysed-keratin-smooth-shampoo-685ml,active,7544482398273,42096172433473
TR001_2,Shampoo,Health & Beauty > Personal Care > Hair Care > Shampoo & Conditioner > Shampoo,Liquid,TRESemme Hydrolysed Keratin Smooth Shampoo 685ml,Default Title,Tresemme,8720181540936,tresemme-hydrolysed-keratin-smooth-shampoo-685ml-2,active,7704120426561,43044211884097
TR002_1,Conditioners,Health & Beauty > Personal Care > Hair Care > Shampoo & Conditioner > Conditioners,LiquidGel,TRESemme Hydrolysed Keratin Smooth Conditioner 685ml,Default Title,Tresemme,8720181448188,tresemme-hydrolysed-keratin-smooth-conditioner-685ml,active,7528149876801,42054268616769
TR003_1,Conditioners,Health & Beauty > Personal Care > Hair Care > Shampoo & Conditioner > Conditioners,,TRESemme Flawless Waves Conditioner 685ml,Default Title,Tresemme,8720181448232,tresemme-flawless-waves-conditioner-685ml,draft,7528150368321,42054268977217
TR004_1,Shampoo,Health & Beauty > Personal Care > Hair Care > Shampoo & Conditioner > Shampoo,,TRESemme Flawless Waves Shampoo 685ml,Default Title,Tresemme,8720181446078,tresemme-flawless-waves-shampoo-685ml,draft,7528151449665,42054271238209
TRC05_1,Uncategorized,Uncategorized,,Tresemme Marula Oil Conditioner 700ml,,Tresemme,8710447211069,,,erp-TRC05_1,erp-TRC05_1
TRC05_2,Conditioners,Health & Beauty > Personal Care > Hair Care > Shampoo & Conditioner > Conditioners,,Tresemme Marula Oil Conditioner 700ml - UK,Default Title,Tresemme,8720181190209,tresemme-marula-oil-conditioner-700ml-uk,active,7536842571841,42077934747713
TRC06_1,Conditioners,Health & Beauty > Personal Care > Hair Care > Shampoo & Conditioner > Conditioners,Liquid,Tresemme Keratin Smootharula Oil Conditioner 400ml,Default Title,Tresemme,8710447224366,tresemme-keratin-smooth-marula-oil-conditioner-400ml,active,7489639546945,41918074290241
TRC12_1,Conditioners,Health & Beauty > Personal Care > Hair Care > Shampoo & Conditioner > Conditioners,Liquid,TRESemme Biotin Repair Conditioner 400ml,Default Title,Tresemme,8710522323144,tresemme-biotin-repair-conditioner-400ml,draft,7603021152321,42295435722817
TRC19_1,Conditioners,Health & Beauty > Personal Care > Hair Care > Shampoo & Conditioner > Conditioners,Liquid,Tresemme Color Revitalize Conditioner 828ml,Default Title,Tresemme,022400393773,tresemme-color-revitalize-conditioner-828ml,draft,7489639579713,41918074323009
TRCC01_1,Conditioners,Health & Beauty > Personal Care > Hair Care > Shampoo & Conditioner > Conditioners,Liquid,Tresemme Flawless Curls Conditioner 828ml,Default Title,Tresemme,022400393735,tresemme-flawless-curls-conditioner-828ml,draft,7489639612481,41918074355777
TRES001_1,Hair Styling Products,Health & Beauty > Personal Care > Hair Care > Hair Styling Products,LiquidGel,Tresemme Keratin Smooth Heat Protection Spray 236ml,Default Title,Tresemme,022400265124,tresemme-keratin-smooth-heat-protection-spray-236ml,draft,7641496911937,42424982765633
TRES0010_1,Shampoo,Health & Beauty > Personal Care > Hair Care > Shampoo & Conditioner > Shampoo,Gel,Tresemme Lot Keratin Smooth Weightless Shampoo 828ml,Default Title,Tresemme,022400011769,tresemme-lot-keratin-smooth-weightless-shampoo-828ml,active,7977978331201,44197031215169
TRES0011_1,Conditioners,Health & Beauty > Personal Care > Hair Care > Shampoo & Conditioner > Conditioners,LiquidGel,Tresemme Lot Keratin Smooth Weightless Conditioner 828ml,Default Title,Tresemme,022400011738,tresemme-lot-keratin-smooth-weightless-conditioner-828ml,active,7977999630401,44197269340225
TRES0012_1,Hair Masks,Health & Beauty > Personal Care > Hair Care > Hair Treatments > Hair Masks,Cream,Tresemme Rich Moisture 2X Instant Moisturizing Mask 440ml,Default Title,Tresemme,8720181238413,tresemme-rich-moisture-2x-instant-moisturizing-mask-440ml,active,7978037313601,44197612453953
TRES0013_1,Hair Masks,Health & Beauty > Personal Care > Hair Care > Hair Treatments > Hair Masks,Cream,Tresemme Flawless Curls Nourishing Mask 440ml,Default Title,Tresemme,8720181530777,tresemme-flawless-curls-nourishing-mask-440ml,active,7978067525697,44198003212353
TRES002_1,Conditioners,Health & Beauty > Personal Care > Hair Care > Shampoo & Conditioner > Conditioners,Liquid,Tresemme Revitalise Colour Conditioner 685ml,Default Title,Tresemme,8720181448270,tresemme-revitalise-colour-conditioner-685ml,draft,7646363582529,42436794384449
TRES003_1,Shampoo,Health & Beauty > Personal Care > Hair Care > Shampoo & Conditioner > Shampoo,Liquid,Tresemme Moisture Rich Shampoo 828ml,Default Title,Tresemme,022400393650,tresemme-moisture-rich-shampoo-828ml,draft,7489639645249,41918074388545
TRES004_1,Conditioners,Health & Beauty > Personal Care > Hair Care > Shampoo & Conditioner > Conditioners,Liquid,Tresemme Moisture Rich Conditioner 828ml,Default Title,Tresemme,022400393759,tresemme-moisture-rich-conditioner-828ml,draft,7489639678017,41918074421313
TRES005_1,Shampoo,Health & Beauty > Personal Care > Hair Care > Shampoo & Conditioner > Shampoo,Liquid,Tresemme Revitalise Colour Shampoo 685ml,Default Title,Tresemme,8720181446115,tresemme-revitalise-colour-shampoo-685ml,active,7646368694337,42436801888321
TRES006_1,Shampoo,Health & Beauty > Personal Care > Hair Care > Shampoo & Conditioner > Shampoo,LiquidGel,Tresemme Rich Moisture Vitamin E Shampoo 685ml,Default Title,Tresemme,8720181446016,tresemme-rich-moisture-vitamin-e-shampoo-685ml,draft,7672079581249,42892345802817
TRES007_1,Hair Styling Products,Health & Beauty > Personal Care > Hair Care > Hair Styling Products,Liquid,Tresemme Lamellar Gloss Shine Spray 180ml,Default Title,Tresemme,055451003063,tresemme-lamellar-gloss-shine-spray-180ml,active,7675628519489,42916803117121
TRES008_1,Hair Styling Products,Health & Beauty > Personal Care > Hair Care > Hair Styling Products,Liquid,Tresemme Keratin Smooth Shine Serum 97ml,Default Title,Tresemme,055451435154,tresemme-keratin-smooth-shine-serum-97ml,draft,7675658797121,42917131681857
TRES02_1,Shampoo,Health & Beauty > Personal Care > Hair Care > Shampoo & Conditioner > Shampoo,Liquid,Tresemme Color Revitalize Shampoo 828ml,Default Title,Tresemme,022400393636,tresemme-color-revitalize-shampoo-828ml,draft,7489639710785,41918074454081
TRFS01_1,Shampoo,Health & Beauty > Personal Care > Hair Care > Shampoo & Conditioner > Shampoo,LiquidGel,Tresemme Flawless Waves Hydration Softness and Smoothness Shampoo 400ml,Default Title,Tresemme,8720181446818,tresemme-flawless-waves-hydration-softness-and-smoothness-shampoo-400ml,draft,7568160620609,42176933068865
TRFW01_1,Conditioners,Health & Beauty > Personal Care > Hair Care > Shampoo & Conditioner > Conditioners,LiquidGel,Tresemme Flawless Waves Hydration Softness and Smoothness Conditioner 400ml,Default Title,Tresemme,8720181449222,tresemme-flawless-waves-hydration-softness-and-smoothness-conditioner-400ml,draft,7568164028481,42176952696897
TRK02_1,Uncategorized,Uncategorized,,Tresemme Keratin Smooth Hair Mask 440mlBiotin Repair Mask 440ml,,Tresemme,8720181238390,,,erp-TRK02_1,erp-TRK02_1
TRK03_1,Hair Care,Health & Beauty > Personal Care > Hair Care,Cream,TRESemme Lamellar Shine Hair Mask 440ml,Default Title,Tresemme,8720181518942,tresemme-lamellar-shine-hair-mask-440ml,active,7544596430913,42096413671489
TRK04_1,Hair Care Kits,Health & Beauty > Personal Care > Hair Care > Hair Care Kits,Cream,Tresemme Biotin Repair Mask 440ml,Default Title,Tresemme,8720181238079,tresemme-biotin-repair-mask-440ml,draft,7544587452481,42096382443585
TRM01_1,Shampoo,Health & Beauty > Personal Care > Hair Care > Shampoo & Conditioner > Shampoo,Liquid,Tresemme Flawless Curls Shampoo 828ml,Default Title,Tresemme,022400393629,tresemme-flawless-curls-shampoo-828ml,draft,7489639743553,41918074486849
TROP001_1,Hair Care Kits,Health & Beauty > Personal Care > Hair Care > Hair Care Kits,Oil,Tropic Isle Living Black Castor Oil XX Dark 118ml,Default Title,Tropic Isle,850007134433,tropic-isle-living-black-castor-oil-xx-dark-118ml,draft,7675593261121,42916434280513
TROP002_1,Hair Loss Treatments,Health & Beauty > Personal Care > Hair Care > Hair Loss Treatments,Oil,Tropic Isle Living Black Castor Oil Light Blend 118ml,Default Title,Tropic Isle,850007134426,tropic-isle-living-black-castor-oil-light-blend-118ml,draft,7675594801217,42916439130177
TRRM01_1,Shampoo,Health & Beauty > Personal Care > Hair Care > Shampoo & Conditioner > Shampoo,LiquidGel,Tresemme Rich Moisture Vitamin E Shampoo 400ml,Default Title,Tresemme,8720181446788,tresemme-rich-moisture-vitamin-e-shampoo-400ml,draft,7567758458945,42175546032193
TRS05_1,Shampoo,Health & Beauty > Personal Care > Hair Care > Shampoo & Conditioner > Shampoo,Liquid,Tresemme Biotin and Pro-Bond Complex Shampoo 700ml,Default Title,Tresemme,8720182210999,tresemme-biotin-and-pro-bond-complex-shampoo-700ml,draft,7542290874433,42091233116225
TRS05_2,Shampoo,Health & Beauty > Personal Care > Hair Care > Shampoo & Conditioner > Shampoo,Liquid,Tresemme Biotin and Pro-Bond Complex Shampoo 700ml,Default Title,Tresemme,8710447223352,tresemme-biotin-and-pro-bond-complex-shampoo-700ml-2,draft,7542290808897,42091233050689
TRS07_1,Shampoo,Health & Beauty > Personal Care > Hair Care > Shampoo & Conditioner > Shampoo,,Tresemme Keratin Smooth Marula Oil Shampoo 700ml,Default Title,Tresemme,8720182211002,tresemme-keratin-smooth-marula-oil-shampoo-700ml,draft,7525885968449,42047654527041
TRS07_2,Uncategorized,Uncategorized,,Tresemme Keratin Smooth Marula Oil Shampoo 700ml - UK,,Tresemme,8710447223413,,,erp-TRS07_2,erp-TRS07_2
TRS08_1,Shampoo,Health & Beauty > Personal Care > Hair Care > Shampoo & Conditioner > Shampoo,Liquid,Tresemme Keratin Smooth Marula Oil Shampoo 400ml,Default Title,Tresemme,8710447224342,tresemme-keratin-smooth-marula-oil-shampoo-400ml,active,7489639841857,41918074519617
TRS11_1,Shampoo,Health & Beauty > Personal Care > Hair Care > Shampoo & Conditioner > Shampoo,Liquid,Tresemme Biotin Repair Shampoo 400ml,Default Title,Tresemme,8720182210982,tresemme-biotin-repair-shampoo-400ml,draft,7542292545601,42091236163649
TRS11_2,Shampoo,Health & Beauty > Personal Care > Hair Care > Shampoo & Conditioner > Shampoo,Liquid,Tresemme Biotin Repair Shampoo 400ml,Default Title,Tresemme,8710447224175,tresemme-biotin-repair-shampoo-400ml-2,draft,7542292611137,42091236229185
TRS20_1,Uncategorized,Uncategorized,,Tresemme Botanique Coconut Oil Shampoo 700ml,Default Title,Tresemme,8710447223468,tresemme-botanique-coconut-oil-shampoo-700ml,draft,7489639907393,41918074552385
TRS21_1,Conditioners,Health & Beauty > Personal Care > Hair Care > Shampoo & Conditioner > Conditioners,,Tresemme Botanique Coconut Oil Conditioner 700ml,Default Title,Tresemme,8710447223321,tresemme-botanique-coconut-oil-conditioner-700ml,draft,7544563335233,42096335421505
TRS22_1,Shampoo,Health & Beauty > Personal Care > Hair Care > Shampoo & Conditioner > Shampoo,LiquidGel,Tresemme Rich Moisture Shampoo 680ml,Default Title,Tresemme,8720182513960,tresemme-rich-moisture-shampoo-680ml,active,7934066327617,44068061478977
TRS23_1,Conditioners,Health & Beauty > Personal Care > Hair Care > Shampoo & Conditioner > Conditioners,LiquidGel,Tresemme Rich Moisture Conditioner 680ml,Default Title,Tresemme,8720182514134,tresemme-rich-moisture-conditioner-680ml,active,7934056792129,44068027301953
TRS24_1,Shampoo,Health & Beauty > Personal Care > Hair Care > Shampoo & Conditioner > Shampoo,LiquidGel,Tresmme Lamellar Shine Shampoo 680ml,Default Title,Tresemme,8720181474705,tresmme-lamellar-shine-shampoo-680ml,active,7934063116353,44068049682497
TRS25_1,Conditioners,Health & Beauty > Personal Care > Hair Care > Shampoo & Conditioner > Conditioners,LiquidGel,Tresemme Lamellar Shine Conditioner 680ml,Default Title,Tresemme,8720181474712,tresemme-lamellar-shine-conditioner-680ml,active,7934063902785,44068055023681
TRS26_1,Shampoo,Health & Beauty > Personal Care > Hair Care > Shampoo & Conditioner > Shampoo,LiquidGel,Tresemme Replenish Cleanse Shampoo 680ml,Default Title,Tresemme,8720182513953,tresemme-replenish-cleanse-shampoo-680ml,active,7934047158337,44067990339649
TRS27_1,Conditioners,Health & Beauty > Personal Care > Hair Care > Shampoo & Conditioner > Conditioners,LiquidGel,Tresemme Replenish Cleanse Conditioner 680ml,Default Title,Tresemme,8720182514141,tresemme-replenish-cleanse-conditioner-680ml,active,7934053384257,44068017078337
TRS28_1,Shampoo,Health & Beauty > Personal Care > Hair Care > Shampoo & Conditioner > Shampoo,LiquidGel,Tresemme Revitalise Colour Shampoo 680ml,Default Title,Tresemme,8720182513991,tresemme-revitalise-colour-shampoo-680ml,active,7934059577409,44068033790017
TRS29_1,Conditioners,Health & Beauty > Personal Care > Hair Care > Shampoo & Conditioner > Conditioners,LiquidGel,Tresemme Revitalise Colour Conditioner 680ml,Default Title,Tresemme,8720182514158,tresemme-revitalise-colour-conditioner-680ml,active,7934061281345,44068044079169
TRS30_1,Conditioners,Health & Beauty > Personal Care > Hair Care > Shampoo & Conditioner > Conditioners,LiquidGel,Tresemme Nourish Coconut Shampoo 680ml,Default Title,Tresemme,8720182514066,tresemme-nourish-coconut-shampoo-680ml,active,7934740168769,44069730713665
TRS31_1,Conditioners,Health & Beauty > Personal Care > Hair Care > Shampoo & Conditioner > Conditioners,LiquidGel,Tresemme Nourish Coconut Conditioner 680ml,Default Title,Tresemme,8720182514165,tresemme-nourish-coconut-conditioner-680ml,active,7934061903937,44068045258817
TRS32_1,Hair Pomades & Waxes,Health & Beauty > Personal Care > Hair Care > Hair Styling Products > Hair Pomades & Waxes,Solid,Tresemme Styling Stick Lasting Hold 30g,Default Title,Tresemme,022400015293,tresemme-styling-stick-lasting-hold-30g,active,8082479022145,44596524548161
TRVC01_1,Conditioners,Health & Beauty > Personal Care > Hair Care > Shampoo & Conditioner > Conditioners,LiquidGel,Tresemme 24 Hour Volume Silk Protein and Collagen Complex Conditioner 400ml,Default Title,Tresemme,8720181449260,tresemme-24-hour-volume-silk-protein-and-collagen-complex-conditioner-400ml,draft,7568159735873,42176930775105
TRVS01_1,Shampoo,Health & Beauty > Personal Care > Hair Care > Shampoo & Conditioner > Shampoo,LiquidGel,Tresemme 24 Hour Volume Silk Protein and Collagen Complex Shampoo 400ml,Default Title,Tresemme,8720181446863,tresemme-24-hour-volume-silk-protein-and-collagen-complex-shampoo-400ml,draft,7567762817089,42175566708801
TTEO01_1,Body Oil,Health & Beauty > Personal Care > Cosmetics > Skin Care > Body Oil,Liquid,Tea Tree Essential Oil 10ml,Default Title,Tea Tree,5060120168757,tea-tree-essential-oil-10ml,draft,7556769185857,42135546888257
TV001_1,Herbal Supplements,Health & Beauty > Health Care > Fitness & Nutrition > Vitamins & Supplements > Herbal Supplements,Capsules,Tryvite #55 Burn & Slim 90 Capsules,Default Title,Tryvite,X001U8S14B,tryvite-55-burn-slim-90-capsules,draft,7719544979521,43105236746305
UA001_1,Single Vitamins,Health & Beauty > Health Care > Fitness & Nutrition > Vitamins & Supplements > Single Vitamins,Tablets,Ultra Vitamin D Tablets 1000 IU 96 Tablets,Default Title,Ultra,5021265243372,ultra-vitamin-d-tablets-1000-iu-96-tablets,draft,7591467778113,42254631895105
UA002_1,Minerals,Health & Beauty > Health Care > Fitness & Nutrition > Vitamins & Supplements > Minerals,Tablets,Ultra Magnesium 60 Tablets,Default Title,Ultra,5021265245697,ultra-magnesium-60-tablets,draft,7591466369089,42254626160705
UA003_1,Single Vitamins,Health & Beauty > Health Care > Fitness & Nutrition > Vitamins & Supplements > Single Vitamins,Tablets,Ultra Vitamin C Fizz 20 Tablets,Default Title,Ultra,5021265247172,ultra-vitamin-c-fizz-20-tablets,draft,7591464337473,42254605647937
UMEC001_1,Toners,Health & Beauty > Personal Care > Cosmetics > Skin Care > Toners & Astringents > Toners,Serum,Umecare Hydro Plus Toner 80ml,Default Title,Umecare,No Barcode,umecare-hydro-plus-toner-80ml,draft,7659965874241,42826967908417
UMEC002_1,Face Moisturizers,Health & Beauty > Personal Care > Cosmetics > Skin Care > Face Moisturizers,Liquid,Umecare Hydro Plus Moisturiser 30ml,Default Title,Umecare,No Barcode,umecare-hydro-plus-moisturiser-30ml,draft,7659989762113,42826993926209
UMEC003_1,Facial Cleansers,Health & Beauty > Personal Care > Cosmetics > Skin Care > Facial Cleansers,Liquid,Umecare Hydro Plus Cleanser 80ml,Default Title,Umecare,No Barcode,umecare-hydro-plus-cleanser-80ml,draft,7660028035137,42827050713153
UMEC004_1,Face Serums,Health & Beauty > Personal Care > Cosmetics > Skin Care > Face Serums,Serum,Umecare Hyaluronic Acid Serum 30ml,Default Title,Umecare,No Barcode,umecare-hyaluronic-acid-serum-30ml,draft,7660059066433,42827104649281
UMEC005_1,Face Serums,Health & Beauty > Personal Care > Cosmetics > Skin Care > Face Serums,Serum,Umecare Brightening Spot Care Serum 50ml,Default Title,Umecare,No Barcode,umecare-brightening-spot-care-serum-50ml,draft,7660062605377,42827105239105
UMEC006_1,Acne Treatments & Kits,Health & Beauty > Personal Care > Cosmetics > Skin Care > Acne Treatments & Kits,Serum,Umecare Scarless Treatment Serum 30ml,Default Title,Umecare,No Barcode,umecare-scarless-treatment-serum-30ml,active,7692752388161,43009632206913
VE001_1,Multivitamin Supplements,Health & Beauty > Health Care > Fitness & Nutrition > Vitamins & Supplements > Multivitamin Supplements,Tablets,Visionace Plus 56 Tablets,Default Title,Visionace,5021265224081,visionace-plus-56-tablets,draft,7591465844801,42254615707713
VES01_1,Nutrition Drinks & Shakes,Health & Beauty > Health Care > Fitness & Nutrition > Nutrition Drinks & Shakes,,Vega Sport Electrolyte Hydrator Berry Flavor 148g,Default Title,Vega protein,838766107585,vega-sport-electrolyte-hydrator-berry-flavor-148g,draft,7537007820865,42078309711937
VG001_1,Nutrition Drinks & Shakes,Health & Beauty > Health Care > Fitness & Nutrition > Nutrition Drinks & Shakes,Powder,Vega Protein Made Simple Dark Chocolate Flavor 271g,Default Title,Vega protein,838766101514,vega-protein-made-simple-dark-chocolate-flavor-271g,draft,7539785924673,42083608068161
VG002_1,Protein Supplements,Health & Beauty > Health Care > Fitness & Nutrition > Vitamins & Supplements > Protein Supplements,Powder,Vega Protein Made Simple Vanilla Flavor 259g,Default Title,Vega protein,838766101507,vega-protein-made-simple-vanilla-flavor-259g,draft,7534093303873,42068500512833
VLB01_1,Lip Balms,Health & Beauty > Personal Care > Cosmetics > Skin Care > Lip Balms & Treatments > Lip Balms,,Vaseline Cocoa Butter Lip Therapy 20g,Default Title,Vaseline,8718114642871,vaseline-cocoa-butter-lip-therapy-20g,draft,7528981856321,42056693710913
VLB04_1,Lip Balms,Health & Beauty > Personal Care > Cosmetics > Skin Care > Lip Balms & Treatments > Lip Balms,Gel,Vaseline Rosy Lip Therapy 20g,Default Title,Vaseline,50064861,vaseline-rosy-lip-therapy-20g,active,7489639940161,41918074585153
VP001_1,Vitamins & Supplements,Health & Beauty > Health Care > Fitness & Nutrition > Vitamins & Supplements,Powder,Vital Proteins Marine Collagen 221g,Default Title,Vital Proteins,857273008529,vital-proteins-marine-collagen-221g,draft,7489639972929,41918074617921
VP002_1,Vitamins & Supplements,Health & Beauty > Health Care > Fitness & Nutrition > Vitamins & Supplements,Powder,Vital Proteins Collagen Peptides 284g,Default Title,Vital Proteins,,vital-proteins-collagen-peptides-284g,draft,7489640005697,41918074650689
VP003_1,Protein Supplements,Health & Beauty > Health Care > Fitness & Nutrition > Vitamins & Supplements > Protein Supplements,Powder,Vital Proteins Bovine Collagen Peptides 284g,Default Title,Vital Proteins,857273008512,vital-proteins-bovine-collagen-peptides-284g,draft,7489640038465,41918074683457
VP004_1,Collagen,Health & Beauty > Health Care > Fitness & Nutrition > Vitamins & Supplements > Collagen,Powder,Vital Proteins Beauty Collagen 271g,Default Title,Vital Proteins,850502008444,vital-proteins-beauty-collagen-271g,draft,7591795327041,42255945269313
VP004_2,Collagen,Health & Beauty > Health Care > Fitness & Nutrition > Vitamins & Supplements > Collagen,Powder,Vital Proteins Beauty Collagen 271g,Default Title,Vital Proteins,8445291871731,vital-proteins-beauty-collagen-271g-2,draft,7701738422337,43035582267457
VP005_1,Collagen,Health & Beauty > Health Care > Fitness & Nutrition > Vitamins & Supplements > Collagen,Powder,Vital Proteins Collagen Peptides Advanced Powder 265g,Default Title,Vital Proteins,X000NWX3R3,vital-proteins-collagen-peptides-advanced-powder-265g,draft,7591462371393,42254598930497
VP005_2,Collagen,Health & Beauty > Health Care > Fitness & Nutrition > Vitamins & Supplements > Collagen,Powder,Vital Proteins Collagen Peptides Unflavored Powder 265g,Default Title,Vital Proteins,X0030ZVF0R,vital-proteins-collagen-peptides-unflavored-powder-265g-2,draft,7654258147393,42723028041793
VP006_1,Collagen,Health & Beauty > Health Care > Fitness & Nutrition > Vitamins & Supplements > Collagen,Powder,Vital Proteins Vanilla Collagen Peptides 327g,Default Title,Vital Proteins,850026494228,vital-proteins-vanilla-collagen-peptides-327g,draft,7591461027905,42254591426625
VP007_1,Collagen,Health & Beauty > Health Care > Fitness & Nutrition > Vitamins & Supplements > Collagen,Tablets,Vital Protein Collagen Peptides Advance Hyaluronic Acid + Vitamin C Strawberry Lemon 299g,Default Title,Vital Proteins,X00474TICR,vital-protein-collagen-peptides-advance-hyaluronic-acid-vitamin-c-strawberry-lemon-299g,draft,7654153551937,42717543563329
VP008_1,Collagen,Health & Beauty > Health Care > Fitness & Nutrition > Vitamins & Supplements > Collagen,Powder,Vital Proteins Collagen Peptides Advanced + Hyaluronic Acid + Vitamin C Vanilla Flavor 21 OZ 598g,Default Title,Vital Proteins,X004H8GS8F,vital-proteins-collagen-peptides-advanced-hyaluronic-acid-vitamin-c-vanilla-flavor-21-oz-598g,draft,7648053887041,42465082638401
VP009_1,Collagen,Health & Beauty > Health Care > Fitness & Nutrition > Vitamins & Supplements > Collagen,Powder,Vital Proteins Collagen Peptides Advanced Unflavored 567g,Default Title,Vital Proteins,X000NWVP9B,vital-proteins-collagen-peptides-advanced-unflavored-567g,draft,7665228578881,42850802466881
VP010_1,Collagen,Health & Beauty > Health Care > Fitness & Nutrition > Vitamins & Supplements > Collagen,Powder,Vital Proteins Beauty Collagen Powder 201g,Default Title,Vital Proteins,628063075911,vital-proteins-beauty-collagen-powder-201g,draft,7703749132353,43042420949057
VP011_1,Collagen,Health & Beauty > Health Care > Fitness & Nutrition > Vitamins & Supplements > Collagen,Powder,Vital Proteins Collagen Peptides 24 oz 680g,Default Title,Vital Proteins,857273008666,vital-proteins-collagen-peptides-24-oz-680g,draft,7755711021121,43206338019393
VP012_1,Collagen,Health & Beauty > Health Care > Fitness & Nutrition > Vitamins & Supplements > Collagen,,Vital Proteins Collagen Peptides Advanced + Hyaluronic Acid + Vitamin C Chocolate Flavor 24.7 OZ 702g,Default Title,Vital Proteins,X004H8GI85,vital-proteins-collagen-peptides-advanced-hyaluronic-acid-vitamin-c-chocolate-flavor-24-7-oz-702g,draft,7850220421185,43670859055169
VS001_1,Protein Supplements,Health & Beauty > Health Care > Fitness & Nutrition > Vitamins & Supplements > Protein Supplements,,Viviscal Hair Growth Supplement 60 Tablets,Default Title,Viviscal,022600000563,viviscal-hair-growth-supplement-60-tablets,draft,7536935632961,42078131716161
VS001_2,Hair Loss Treatments,Health & Beauty > Personal Care > Hair Care > Hair Loss Treatments,Tablets,Viviscal Hair Growth Supplement 60 Tablets,Default Title,Viviscal,022600100003,viviscal-hair-growth-supplement-60-tablets-2,draft,7591453392961,42254582284353
VS002_1,Hair Loss Treatments,Health & Beauty > Personal Care > Hair Care > Hair Loss Treatments,Tablets,Viviscal Men Healthy Hair Supplements 60 Tablets,Default Title,Viviscal,022600999782,viviscal-men-healthy-hair-supplements-60-tablets,draft,7591286407233,42254186807361
VSB01_1,Lotions & Moisturizers,Health & Beauty > Personal Care > Cosmetics > Skin Care > Lotions & Moisturizers,Lotion,Vaseline Healthy Bright Gluta-Hya Serum Burst Lotion Dewy Radiance 300ml,Default Title,Vaseline,8851932427722,vaseline-healthy-bright-gluta-hya-serum-burst-lotion-dewy-radiance-300ml,draft,7544084955201,42095271313473
VSB01_2,Lotions & Moisturizers,Health & Beauty > Personal Care > Cosmetics > Skin Care > Lotions & Moisturizers,Lotion,Vaseline Healthy Bright Gluta-Hya Serum Burst Lotion Dewy Radiance 300ml,Default Title,Vaseline,No Barcode,vaseline-healthy-bright-gluta-hya-serum-burst-lotion-dewy-radiance-300ml-2,draft,7544549900353,42096318120001
VSB010_1,Body Oil,Health & Beauty > Personal Care > Cosmetics > Skin Care > Body Oil,Gel,Vaseline Vitamin B3 Healthy Even Tone Body Oil 200ml,Default Title,Vaseline,8901030021268,vaseline-vitamin-b3-healthy-even-tone-body-oil-200ml,active,7978079354945,44198058786881
VSB011_1,Body Oil,Health & Beauty > Personal Care > Cosmetics > Skin Care > Body Oil,Oil,Vaseline Intensive Care Cocoa Radiant Body Oil 200ml,Default Title,Vaseline,305210287303,vaseline-intensive-care-cocoa-radiant-body-oil-200ml,active,7978086826049,44198069403713
VSB012_1,Body Oil,Health & Beauty > Personal Care > Cosmetics > Skin Care > Body Oil,LiquidGel,Vaseline Intensive Care Vitamin B3 Healthy Body Oil 200ml,Default Title,Vaseline,305210044654,vaseline-intensive-care-vitamin-b3-healthy-body-oil-200ml,active,7978087514177,44198070616129
VSB02_1,Lotions & Moisturizers,Health & Beauty > Personal Care > Cosmetics > Skin Care > Lotions & Moisturizers,Lotion,Vaseline Gluta-Hya Flawless Glow Serum Burst UV Lotion 300ml,Default Title,Vaseline,8851932427739,vaseline-gluta-hya-flawless-glow-serum-burst-uv-lotion-300ml,draft,7528365031489,42055103447105
VSB02_2,Lotions & Moisturizers,Health & Beauty > Personal Care > Cosmetics > Skin Care > Lotions & Moisturizers,,Vaseline Gluta-Hya Flawless Glow Serum Burst UV Lotion 300ml,Default Title,Vaseline,No Barcode,vaseline-gluta-hya-flawless-glow-serum-burst-uv-lotion-300ml-2,draft,7544549277761,42096314056769
VSB03_1,Lotions & Moisturizers,Health & Beauty > Personal Care > Cosmetics > Skin Care > Lotions & Moisturizers,Cream,Vaseline Gluta-Hya Dewy Radiance Serum Burst Lotion 330ml,Default Title,Vaseline,9556126670661,vaseline-gluta-hya-dewy-radiance-serum-burst-lotion-330ml,draft,7529012691009,42056792801345
VSB04_1,Lotions & Moisturizers,Health & Beauty > Personal Care > Cosmetics > Skin Care > Lotions & Moisturizers,Cream,Vaseline Gluta-Hya Flawless Glow Serum Burst UV Lotion 330ml,Default Title,Vaseline,9556126670654,vaseline-gluta-hya-flawless-glow-serum-burst-uv-lotion-330ml,draft,7529013444673,42056797716545
VSB05_1,Body Oil,Health & Beauty > Personal Care > Cosmetics > Skin Care > Body Oil,Gel,Vaseline Healthy Bright Glowing Skin Body Oil Gel 200ml,Default Title,Vaseline,6209968130277,vaseline-healthy-bright-glowing-skin-body-oil-gel-200ml,active,8081052827713,44592353706049
VSB08_1,Lip Balms,Health & Beauty > Personal Care > Cosmetics > Skin Care > Lip Balms & Treatments > Lip Balms,,Vaseline Lip Therapy Aloe 20g,Default Title,Vaseline,8714100597347,vaseline-lip-therapy-aloe-20g,draft,7551268225089,42116518805569
VSB09_1,Lip Balms & Treatments,Health & Beauty > Personal Care > Cosmetics > Skin Care > Lip Balms & Treatments,,Vaseline Lip Therapy Original 20g,Default Title,Vaseline,5099802150117,vaseline-lip-therapy-original-20g,draft,7551280644161,42116556390465
WEL01_1,Hair Coloring Accessories,Health & Beauty > Personal Care > Hair Care > Hair Coloring Accessories,,WELLA Welloxon Perfect 6% 60ml,Default Title,wella,No Barcode,wella-welloxon-perfect-6-60ml,active,7525904941121,42047689949249
WEL011_1,Uncategorized,Uncategorized,Products,Wella Koleston Perfect 60g - 12/89 Special Blonde #1,Default Title,Cosmetics.lk,,wella-koleston-perfect-60g-12-89-special-blonde-1,draft,7995156365377,44261387862081
WEL013_1,Conditioners,Health & Beauty > Personal Care > Hair Care > Shampoo & Conditioner > Conditioners,,Wella Elements Renewing Conditioner 200ml,Default Title,wella,4064666040790,wella-elements-renewing-conditioner-200ml,active,7767186702401,43243574394945
WEL014_1,Shampoo,Health & Beauty > Personal Care > Hair Care > Shampoo & Conditioner > Shampoo,,Wella Elements Renewing Shampoo 250ml,Default Title,wella,4064666036274,wella-elements-renewing-shampoo-250ml,active,7767187390529,43243575771201
WEL02_1,Hair Coloring Accessories,Health & Beauty > Personal Care > Hair Care > Hair Coloring Accessories,,WELLA Welloxon Perfect 12% 60ml,Default Title,wella,No Barcode,wella-welloxon-perfect-12-60ml,active,7525898747969,42047682773057
WEL05_1,Shampoo,Health & Beauty > Personal Care > Hair Care > Shampoo & Conditioner > Shampoo,LiquidGel,Wella Invigo Color Brilliance Shampoo 250ml,Default Title,wella,4064666322124,wella-invigo-color-brilliance-shampoo-250ml,active,7525885706305,42047652986945
WEL07_1,Hair Color,Health & Beauty > Personal Care > Hair Care > Hair Color,,Wella Invigo Color Brilliance Hair Mask 150ml,Default Title,wella,8005610639604,wella-invigo-color-brilliance-hair-mask-150ml,draft,7525884493889,42047647350849
WEL201_1,Hair Color,Health & Beauty > Personal Care > Hair Care > Hair Color,,Wella Color Touch 60ml - 2/0 Black,Default Title,wella,8005610316208,wella-color-touch-60ml-2-0-black,active,7787662671937,43542827204673
WEL203_1,Hair Color,Health & Beauty > Personal Care > Hair Care > Hair Color,,Wella Color Touch 60ml - 3/0 Dark Brown,Default Title,wella,8005610316239,wella-color-touch-60ml-3-0-dark-brown,active,7787666505793,43542839885889
WELLA002_1,Conditioners,Health & Beauty > Personal Care > Hair Care > Shampoo & Conditioner > Conditioners,LiquidGel,Wella Invigo Color Brilliance Conditioner 200ml,Default Title,wella,4064666315805,wella-invigo-color-brilliance-conditioner-200ml,active,7667000639553,42861055705153
WELLA003_1,Conditioners,Health & Beauty > Personal Care > Hair Care > Shampoo & Conditioner > Conditioners,LiquidGel,Wella Invigo Nutri Enrich Conditioner 200ml,Default Title,wella,4064666315850,wella-invigo-nutri-enrich-conditioner-200ml,active,7667001557057,42861056884801
WELLA004_1,Shampoo,Health & Beauty > Personal Care > Hair Care > Shampoo & Conditioner > Shampoo,LiquidGel,Wella Invigo Nutri Enrich Shampoo 250ml,Default Title,wella,4064666322018,wella-invigo-nutri-enrich-shampoo-250ml,active,7667005161537,42861090865217
WG001_1,Collagen,Health & Beauty > Health Care > Fitness & Nutrition > Vitamins & Supplements > Collagen,Tablets,Wagner Bioactive Collagen 60 Tablets,Default Title,Wagner,9400581050981,wagner-bioactive-collagen-60-tablets,draft,7591901298753,42256334880833
WG002_1,Single Vitamins,Health & Beauty > Health Care > Fitness & Nutrition > Vitamins & Supplements > Single Vitamins,Capsules,Wagner Vitamin C 1000mg,Default Title,Wagner,9345156216143,wagner-vitamin-c-1000mg,draft,7489640202305,41918074847297
WG003_1,Vitamins & Supplements,Health & Beauty > Health Care > Fitness & Nutrition > Vitamins & Supplements,Capsules,Wagner Fish Oil 1000 Capsules 400,Default Title,Wagner,9400581048315,wagner-fish-oil-1000-capsules-400,draft,7489640071233,41918074716225
WG005_1,Multivitamin Supplements,Health & Beauty > Health Care > Fitness & Nutrition > Vitamins & Supplements > Multivitamin Supplements,Capsules,Wagner Womens MultiVite Multivitamins 100 Capsules,Default Title,Wagner,9400581048223,wagner-womens-multivite-multivitamins-100-capsules,draft,7589206327361,42248029470785
WG006_1,Multivitamin Supplements,Health & Beauty > Health Care > Fitness & Nutrition > Vitamins & Supplements > Multivitamin Supplements,Capsules,Wagner Men's Multivite Multivitamins 100 Capsules,Default Title,Wagner,9400581048216,wagner-mens-multivite-multivitamins-100-capsules,draft,7489640267841,41918074912833
WG007_1,Vitamins & Supplements,Health & Beauty > Health Care > Fitness & Nutrition > Vitamins & Supplements,Tablets,Wagner High Strength Zinc 120 Tablets,Default Title,Wagner,9400581045024,wagner-high-strength-zinc-120-tablets,draft,7489640169537,41918074814529
WG008_1,Multivitamin Supplements,Health & Beauty > Health Care > Fitness & Nutrition > Vitamins & Supplements > Multivitamin Supplements,Capsules,Wagner Hair Skin and Nails 100 Capsules,Default Title,Wagner,9400581044881,wagner-hair-skin-and-nails-100-capsules,draft,7489640333377,41918074978369
WG009_1,Multivitamin Supplements,Health & Beauty > Health Care > Fitness & Nutrition > Vitamins & Supplements > Multivitamin Supplements,Tablets,Wagner Glucosamine HCL 1500 400 Tablets,Default Title,Wagner,9345156217706,wagner-glucosamine-hcl-1500-400-tablets,draft,7589153472577,42247953907777
WG010_1,Vitamins & Supplements,Health & Beauty > Health Care > Fitness & Nutrition > Vitamins & Supplements,Capsules,Wagner Lecithin 1200mg Liver Health Support 100 Capsules,Default Title,Wagner,,wagner-lecithin-1200mg-liver-health-support-100-capsules,draft,7526448332865,42049431240769
WG011_1,Single Vitamins,Health & Beauty > Health Care > Fitness & Nutrition > Vitamins & Supplements > Single Vitamins,Capsules,Wagner Vitamin D3 1000 IU 500 Capsules,Default Title,Wagner,9400581050455,wagner-vitamin-d3-1000-iu-500-capsules,draft,7590900924481,42252956794945
WG012_1,Single Vitamins,Health & Beauty > Health Care > Fitness & Nutrition > Vitamins & Supplements > Single Vitamins,Capsules,Wagner Vitamin D3 1000 IU 250 Capsules,Default Title,Wagner,9345156216167,wagner-vitamin-d3-1000-iu-250-capsules,draft,7716328210497,43094887399489
WG013_1,Minerals,Health & Beauty > Health Care > Fitness & Nutrition > Vitamins & Supplements > Minerals,Tablets,Wagner Super Bio Magnesium 100 Tablets,Default Title,Wagner,9400581048209,wagner-super-bio-magnesium-100-tablets,draft,7759191965761,43220437991489
WG014_1,Herbal Supplements,Health & Beauty > Health Care > Fitness & Nutrition > Vitamins & Supplements > Herbal Supplements,Capsules,Wagner Super Joint Support 200 Capsules,Default Title,Wagner,9345156208124,wagner-super-joint-support-200-capsules,draft,7769602326593,43251826065473
WG015_1,Multivitamin Supplements,Health & Beauty > Health Care > Fitness & Nutrition > Vitamins & Supplements > Multivitamin Supplements,Tablets,Wagner Calcium + Vitamin D + K 100 Tablets,Default Title,Wagner,9400581044904,wagner-calcium-vitamin-d-k-100-tablets,draft,7769604423745,43251880788033
WG016_1,Vitamins & Supplements,Health & Beauty > Health Care > Fitness & Nutrition > Vitamins & Supplements,Capsules,Wagner Iron Plus with Vitamin C 30 Capsules,Default Title,Wagner,9400581051513,wagner-iron-plus-with-vitamin-c-30-capsules,draft,7769606848577,43252207747137
WG017_1,Collagen,Health & Beauty > Health Care > Fitness & Nutrition > Vitamins & Supplements > Collagen,Capsules,Wagner Glucosamine and Chondroitin Plus 200 Capsules,Default Title,Wagner,9345156216181,wagner-glucosamine-and-chondroitin-plus-200-capsules,draft,7771321204801,43260492841025
WM001_1,Multivitamin Supplements,Health & Beauty > Health Care > Fitness & Nutrition > Vitamins & Supplements > Multivitamin Supplements,Tablets,Wellman Original 30 Tablets,Default Title,Wellman,5021265221301,wellman-original-30-tablets,draft,7589211504705,42248035467329
WM002_1,Multivitamin Supplements,Health & Beauty > Health Care > Fitness & Nutrition > Vitamins & Supplements > Multivitamin Supplements,Tablets,Wellman 50+ 30 Tablets,Default Title,Wellman,5021265223510,wellman-50-30-tablets,draft,7533983694913,42068448608321
WM003_1,Vitamins & Supplements,Health & Beauty > Health Care > Fitness & Nutrition > Vitamins & Supplements,Tablets,Wellman Plus Omega 3-6-9 Vitabiotics 56 Tablets,Default Title,Wellman,5021265244164,wellman-plus-omega-3-6-9-vitabiotics-56-tablets,draft,7543045849153,42092866502721
WM004_1,Vitamins & Supplements,Health & Beauty > Health Care > Fitness & Nutrition > Vitamins & Supplements,Tablets,Wellman Vitabiotics 70+ 30 Tablets,Default Title,Wellman,5021265244430,wellman-vitabiotics-70-30-tablets,draft,7543698456641,42094556479553
WM005_1,Multivitamin Supplements,Health & Beauty > Health Care > Fitness & Nutrition > Vitamins & Supplements > Multivitamin Supplements,Tablets,Wellman Conception 30 Tablets,Default Title,Wellman,5021265223534,wellman-conception-30-tablets,draft,7873942356033,43747145678913
WN001_1,Collagen,Health & Beauty > Health Care > Fitness & Nutrition > Vitamins & Supplements > Collagen,Powder,Webber Naturals Collagen 30 Anti-Wrinkle 150g,Default Title,Webber Naturals,625273036657,webber-naturals-collagen-30-anti-wrinkle-150g,draft,7539170672705,42081583890497
WN002_1,Vitamins & Supplements,Health & Beauty > Health Care > Fitness & Nutrition > Vitamins & Supplements,Tablets,Webber Naturals B100 Complex All Day Energy Support 140 Tablets,Default Title,Webber Naturals,625273036893,webber-naturals-b100-complex-all-day-energy-support-140-tablets,draft,7526470516801,42049471709249
WN003_1,Multivitamin Supplements,Health & Beauty > Health Care > Fitness & Nutrition > Vitamins & Supplements > Multivitamin Supplements,Capsules,Webber Naturals Triple Strength Omega-3 900mg 120 Softgels,Default Title,Webber Naturals,625273038798,webber-naturals-triple-strength-omega-3-900mg-120-softgels,draft,7537022795841,42078338613313
WN004_1,Herbal Supplements,Health & Beauty > Health Care > Fitness & Nutrition > Vitamins & Supplements > Herbal Supplements,Tablets,Webber Naturals Collagen30 with Ceramides 120 Tablets,Default Title,Webber Naturals,625273036695,webber-naturals-collagen30-with-ceramides-120-tablets,draft,7534093434945,42068501135425
WN005_1,Multivitamin Supplements,Health & Beauty > Health Care > Fitness & Nutrition > Vitamins & Supplements > Multivitamin Supplements,,Webber Naturals Marine Collagen30 120 Capsules,Default Title,Webber Naturals,625273036572,webber-naturals-marine-collagen30-120-capsules,draft,7537035673665,42078358601793
WN006_1,Multivitamin Supplements,Health & Beauty > Health Care > Fitness & Nutrition > Vitamins & Supplements > Multivitamin Supplements,Capsules,Webber Naturals Triple Strength Omega-3 with CoQ10 900mg 80 Softgels,Default Title,Webber Naturals,625273033779,webber-naturals-triple-strength-omega-3-with-coq10-900mg-80-softgels,draft,7526460489793,42049450573889
WN007_1,Multivitamin Supplements,Health & Beauty > Health Care > Fitness & Nutrition > Vitamins & Supplements > Multivitamin Supplements,Gel,Webber Naturals Triple Strength Omega-3 with EPA/DHA 900mg 80 Softgels,Default Title,Webber Naturals,625273033953,webber-naturals-triple-strength-omega-3-with-epa-dha-900mg-80-softgels,draft,7534088060993,42068478656577
WN008_1,Single Vitamins,Health & Beauty > Health Care > Fitness & Nutrition > Vitamins & Supplements > Single Vitamins,Tablets,Webber Naturals Vitamin C 1000mg 150 Tablets,Default Title,Webber Naturals,625273039078,webber-naturals-vitamin-c-1000mg-150-tablets,draft,7537090265153,42078425251905
WN009_1,Amino Acids,Health & Beauty > Health Care > Fitness & Nutrition > Vitamins & Supplements > Amino Acids,Liquid,Webber Naturals Omega-3 Lemon Cake Flavor 200ml,Default Title,Webber Naturals,625273034967,webber-naturals-omega-3-lemon-cake-flavor-200ml,draft,7526456655937,42049444511809
WN010_1,Multivitamin Supplements,Health & Beauty > Health Care > Fitness & Nutrition > Vitamins & Supplements > Multivitamin Supplements,,Webber Naturals Omega-3 Lemon Cake Flavor 500ml,Default Title,Webber Naturals,625273034974,webber-naturals-omega-3-lemon-cake-flavor-500ml,draft,7537194893377,42078544625729
WN011_1,Multivitamin Supplements,Health & Beauty > Health Care > Fitness & Nutrition > Vitamins & Supplements > Multivitamin Supplements,Gel,Webber Naturals Extra Strength Omega-3 EPA/DHA 700mg 100 Softgels,Default Title,Webber Naturals,625273033977,webber-naturals-extra-strength-omega-3-epa-dha-700mg-100-softgels,draft,7534068957249,42068476100673
WN012_1,Single Vitamins,Health & Beauty > Health Care > Fitness & Nutrition > Vitamins & Supplements > Single Vitamins,Tablets,Webber Naturals Vitamin B12 500mcg 120 Tablets,Default Title,Webber Naturals,625273031706,webber-naturals-vitamin-b12-500mcg-120-tablets,draft,7536925343809,42078096818241
WN013_1,Herbal Supplements,Health & Beauty > Health Care > Fitness & Nutrition > Vitamins & Supplements > Herbal Supplements,,Webber Naturals Sleep Support Melatonin 1mg 90 Tablets,Default Title,Webber Naturals,625273036046,webber-naturals-sleep-support-melatonin-1mg-90-tablets,draft,7537202495553,42078552326209
WN014_1,Collagen,Health & Beauty > Health Care > Fitness & Nutrition > Vitamins & Supplements > Collagen,Tablets,Webber Naturals Collagen30 with Hyaluronic Acid 180 Tablets,Default Title,Webber Naturals,625273036640,webber-naturals-collagen30-with-hyaluronic-acid-180-tablets,draft,7526465470529,42049463222337
WN015_1,Multivitamin Supplements,Health & Beauty > Health Care > Fitness & Nutrition > Vitamins & Supplements > Multivitamin Supplements,,Webber Naturals Omega 3-6-9 1200 mg Fish Flax & Borage 180 Softgels,Default Title,Webber Naturals,625273034776,webber-naturals-omega-3-6-9-1200-mg-fish-flax-borage-180-softgels,draft,7539177128001,42081596211265
WN016_1,Single Vitamins,Health & Beauty > Health Care > Fitness & Nutrition > Vitamins & Supplements > Single Vitamins,Tablets,Webber Naturals Vitamin B12 5000mcg 60 Tablets,Default Title,Webber Naturals,625273031751,webber-naturals-vitamin-b12-5000mcg-60-tablets,draft,7591792541761,42255939240001
WN017_1,Herbal Supplements,Health & Beauty > Health Care > Fitness & Nutrition > Vitamins & Supplements > Herbal Supplements,Capsules,Webber Naturals Ashwagandha 7200 mg 60 capsules,Default Title,Webber Naturals,625273039092,webber-naturals-ashwagandha-7200-mg-60-capsules,draft,7591790805057,42255934619713
WN018_1,Single Vitamins,Health & Beauty > Health Care > Fitness & Nutrition > Vitamins & Supplements > Single Vitamins,Capsules,"Webber Naturals Biotin Extra Strength 10,000 mcg 120 Capsules",Default Title,Webber Naturals,625273039085,webber-naturals-biotin-extra-strength-10-000-mcg-120-capsules,draft,7591335493697,42254284456001
WN019_1,Single Vitamins,Health & Beauty > Health Care > Fitness & Nutrition > Vitamins & Supplements > Single Vitamins,Tablets,Webber Naturals Vitamin B12 250 mcg Methylcobalamin 200 Sublingual Tablets,Default Title,Webber Naturals,625273030761,webber-naturals-vitamin-b12-250-mcg-methylcobalamin-200-sublingual-tablets,draft,7591298236481,42254204567617
WN020_1,Uncategorized,Uncategorized,Tablets,Webber Naturals B12 1000 mcg Methylcobalamin 150 Sublingual Tablet,Default Title,Webber Naturals,625273030778,webber-naturals-b12-1000-mcg-methylcobalamin-150-sublingual-tablet,draft,7591281918017,42254181531713
WN021_1,Collagen,Health & Beauty > Health Care > Fitness & Nutrition > Vitamins & Supplements > Collagen,,"Webber Naturals Osteo Joint Ease with InflamEase, Glucosamine, Chondroitin and MSM 80 Caplets",Default Title,Webber Naturals,625273033755,webber-naturals-osteo-joint-ease-with-inflamease-glucosamine-chondroitin-and-msm-80-caplets,draft,7590913802305,42253007519809
WN022_1,Vitamins & Supplements,Health & Beauty > Health Care > Fitness & Nutrition > Vitamins & Supplements,Capsules,"Webber Naturals Omega 3-6-9 1200 mg Fish, Flax & Borage 150 Softgels",Default Title,Webber Naturals,625273038767,webber-naturals-omega-3-6-9-1200-mg-fish-flax-borage-150-softgels,draft,7680161448001,42952283881537
WN023_1,Vitamins & Supplements,Health & Beauty > Health Care > Fitness & Nutrition > Vitamins & Supplements,Capsules,"Webber Naturals Omega 3-6-9 1200 mg Fish, Flax & Borage 280 Softgels",Default Title,Webber Naturals,625273039504,webber-naturals-omega-3-6-9-1200-mg-fish-flax-borage-280-softgels,draft,7680140050497,42952209301569
WN024_1,Single Vitamins,Health & Beauty > Health Care > Fitness & Nutrition > Vitamins & Supplements > Single Vitamins,Tablets,"Webber Naturals Vitamin B12, Timed Release, 1200 mcg 150 Tablets",Default Title,Webber Naturals,625273039245,webber-naturals-vitamin-b12-timed-release-1200-mcg-150-tablets,draft,7759186133057,43220431634497
WN025_1,Single Vitamins,Health & Beauty > Health Care > Fitness & Nutrition > Vitamins & Supplements > Single Vitamins,Tablets,"Webber Naturals Vitamin B12, Timed Release, 1200 mcg 80 Tablets",Default Title,Webber Naturals,625273038224,webber-naturals-vitamin-b12-timed-release-1200-mcg-80-tablets,draft,7759188230209,43220433666113
WN026_1,Single Vitamins,Health & Beauty > Health Care > Fitness & Nutrition > Vitamins & Supplements > Single Vitamins,Tablets,Webber Naturals Vitamin B12 2500 mcg Natural Cherry Flavor 110 Tablets,Default Title,Webber Naturals,625273039252,webber-naturals-vitamin-b12-2500-mcg-natural-cherry-flavor-110-tablets,draft,7759190229057,43220435894337
WN027_1,Single Vitamins,Health & Beauty > Health Care > Fitness & Nutrition > Vitamins & Supplements > Single Vitamins,Tablets,Webber Naturals Vitamin B12 2500 mcg Natural Cherry Flavor 60 Tablets,Default Title,Webber Naturals,625273039269,webber-naturals-vitamin-b12-2500-mcg-natural-cherry-flavor-60-tablets,draft,7759190491201,43220436189249
WN028_1,Sleeping Aids,Health & Beauty > Personal Care > Sleeping Aids,Tablets,Webber Naturals Melatonin Quick Dissolve 10 mg 150 Sublingual Tablets,Default Title,Webber Naturals,625273039177,webber-naturals-melatonin-quick-dissolve-10-mg-150-sublingual-tablets,draft,7792157065281,43557585387585
WN029_1,Sleeping Aids,Health & Beauty > Personal Care > Sleeping Aids,Tablets,Webber Naturals Melatonin Quick Dissolve 10 mg 72 Sublingual Tablets,Default Title,Webber Naturals,625273038279,webber-naturals-melatonin-quick-dissolve-10-mg-72-sublingual-tablets,draft,7793287135297,43561427075137
WR001_1,Cookies,"Food, Beverages & Tobacco > Food Items > Bakery > Cookies",,Warrior Raw Protein Flapjack Cookies & Cream 20g,Default Title,Warrior,5060756342972,warrior-raw-protein-flapjack-cookies-cream-20g,draft,7591367966785,42254371192897
WR002_1,Cereal Bars,"Food, Beverages & Tobacco > Food Items > Snack Foods > Cereal & Granola Bars > Cereal Bars",,Warrior Raw Protein Flapjack Salted Caramel 20g,Default Title,Warrior,5060756341005,warrior-raw-protein-flapjack-salted-caramel-20g,draft,7591366197313,42254368931905
WR003_1,Granola Bars,"Food, Beverages & Tobacco > Food Items > Snack Foods > Cereal & Granola Bars > Granola Bars",,Warrior Raw Protein Flapjack White Chocolate Cranberry 20g,Default Title,Warrior,5060424707782,warrior-raw-protein-flapjack-white-chocolate-cranberry-20g,draft,7591364067393,42254362673217
WU001_1,Protein Supplements,Health & Beauty > Health Care > Fitness & Nutrition > Vitamins & Supplements > Protein Supplements,Powder,WithinUs TruMarine Collagen Powder 175g,Default Title,WithinUs,627843568889,withinus-trumarine-collagen-powder-175g,draft,7539172048961,42081585987649
WW001_1,Multivitamin Supplements,Health & Beauty > Health Care > Fitness & Nutrition > Vitamins & Supplements > Multivitamin Supplements,Capsules,Wellwoman Original Health and Vitality 30 Capsules,Default Title,Wellwoman,5021265222001,wellwoman-original-health-and-vitality-30-capsules,draft,7489640431681,41918075109441
WW002_1,Multivitamin Supplements,Health & Beauty > Health Care > Fitness & Nutrition > Vitamins & Supplements > Multivitamin Supplements,Tablets,Wellwoman 50+ 30 Tablets,Default Title,Wellwoman,5021265223602,wellwoman-50-30-tablets,draft,7534092812353,42068498907201
WW003_1,Vitamins & Supplements,Health & Beauty > Health Care > Fitness & Nutrition > Vitamins & Supplements,Tablets,Wellwoman Plus Omega 3-6-9 Vitabiotics 56 Tablets,Default Title,Wellwoman,5021265243792,wellwoman-plus-omega-3-6-9-vitabiotics-56-tablets,draft,7542998958145,42092775505985
WW004_1,Vitamins & Supplements,Health & Beauty > Health Care > Fitness & Nutrition > Vitamins & Supplements,Tablets,Wellwoman Vitabiotics Max 84 Tablets,Default Title,Wellwoman,5021265246298,wellwoman-vitabiotics-max-84-tablets,draft,7543023206465,42092810862657
XHC08_1,Conditioners,Health & Beauty > Personal Care > Hair Care > Shampoo & Conditioner > Conditioners,,XHC Biotin and Collagen Conditioner 400ml,Default Title,XHC,5060120165770,xhc-biotin-and-collagen-conditioner-400ml,draft,7525914738753,42047711510593
XHCAC01_1,Conditioners,Health & Beauty > Personal Care > Hair Care > Shampoo & Conditioner > Conditioners,Liquid,XHC Argan Oil Conditioner 300ml,Default Title,XHC,5060120164087,xhc-argan-oil-conditioner-300ml,draft,7489640464449,41918075142209
XHCAS01_1,Shampoo,Health & Beauty > Personal Care > Hair Care > Shampoo & Conditioner > Shampoo,Cream,XHC Argan Oil Shampoo 300ml,Default Title,XHC,5060120164063,xhc-argan-oil-shampoo-300ml,active,7489640497217,41918075174977
XHCO01_1,Hair Styling Products,Health & Beauty > Personal Care > Hair Care > Hair Styling Products,,XHC Argan Oil Hair Treatment with Argan Oil Extract  50ml,Default Title,XHC,5060120164049,xhc-argan-oil-hair-treatment-with-argan-oil-extract-50ml,draft,7556794056769,42135573135425
YT001_1,Collagen,Health & Beauty > Health Care > Fitness & Nutrition > Vitamins & Supplements > Collagen,Powder,Youtheory Collagen Vanilla Powder 283g,Default Title,Youtheory,853244003227,youtheory-collagen-vanilla-powder-283g,draft,7526441549889,42049403355201
YT002_1,Herbal Supplements,Health & Beauty > Health Care > Fitness & Nutrition > Vitamins & Supplements > Herbal Supplements,Tablets,Youtheory Collagen Advanced Formula 290 Tablets,Default Title,Youtheory,853244003036,youtheory-collagen-advanced-formula-290-tablets,draft,7533989265473,42068453851201
YT003_1,Collagen,Health & Beauty > Health Care > Fitness & Nutrition > Vitamins & Supplements > Collagen,Tablets,Youtheory Collagen Advanced Formula 180 Tablets,Default Title,Youtheory,817598000011,youtheory-collagen-advanced-formula-180-tablets,draft,7539096223809,42081480835137
YT004_1,Protein Supplements,Health & Beauty > Health Care > Fitness & Nutrition > Vitamins & Supplements > Protein Supplements,Powder,Youtheory Collagen Unflavored Powder 231g,Default Title,Youtheory,817598000028,youtheory-collagen-unflavored-powder-231g,draft,7534088421441,42068480000065
YT005_1,Herbal Supplements,Health & Beauty > Health Care > Fitness & Nutrition > Vitamins & Supplements > Herbal Supplements,Powder,Youtheory Relax Magnesium Powder Berry Flavor 126g,Default Title,Youtheory,817598000066,youtheory-relax-magnesium-powder-berry-flavor-126g,draft,7533995982913,42068457029697
YT006_1,Herbal Supplements,Health & Beauty > Health Care > Fitness & Nutrition > Vitamins & Supplements > Herbal Supplements,,Youtheory Turmeric Extra Strength Formula 45 Capsules,Default Title,Youtheory,817598000035,youtheory-turmeric-extra-strength-formula-45-capsules,draft,7537029414977,42078348017729
YT007_1,Vitamins & Supplements,Health & Beauty > Health Care > Fitness & Nutrition > Vitamins & Supplements,Powder,Youtheory Beauty Powder 176g,Default Title,Youtheory,817598000356,youtheory-beauty-powder-176g,draft,7526386171969,42049126596673
YT008_1,Herbal Supplements,Health & Beauty > Health Care > Fitness & Nutrition > Vitamins & Supplements > Herbal Supplements,Capsules,Youtheory Ashwagandha 60 Capsules,Default Title,Youtheory,817598000042,youtheory-ashwagandha-60-capsules,draft,7534046576705,42068475150401
YT009_1,Collagen,Health & Beauty > Health Care > Fitness & Nutrition > Vitamins & Supplements > Collagen,Tablets,Youtheory Advanced Collagen 6000 mg 120 Tablets,Default Title,Youtheory,853244003005,youtheory-advanced-collagen-6000-mg-120-tablets,draft,7701709291585,43035506344001
YT010_1,Herbal Supplements,Health & Beauty > Health Care > Fitness & Nutrition > Vitamins & Supplements > Herbal Supplements,Capsules,Youtheory Daily Fat Burner 60 Vegetarian Capsules,Default Title,Youtheory,850021920098,youtheory-daily-fat-burner-60-vegetarian-capsules,draft,7745838121025,43177199075393
ZGTS001_1,Skin Care Rollers,Health & Beauty > Personal Care > Cosmetics > Cosmetic Tools > Skin Care Tools > Skin Care Rollers,,ZGTS Clinicare Treatment Solution,Default Title,ZGTS,no barcode,zgts-clinicare-treatment-solution,active,7660072632385,42827111235649